{"type": "FeatureCollection", "features": [{"type": "Feature", "geometry": {"type": "Point", "coordinates": [-116.27, 43.46]}, "properties": {"timestamp": "1995-08-18 00:00:00", "individual": "SW1"}}, {"type": "Feature", "geometry": {"type": "Point", "coordinates": [-116.345, 43.524]}, "properties": {"timestamp": "1995-08-19 21:49:00", "individual": "SW1"}}, {"type": "Feature", "geometry": {"type": "Point", "coordinates": [-116.253, 43.398]}, "properties": {"timestamp": "1995-08-20 01:28:00", "individual": "SW1"}}, {"type": "Feature", "geometry": {"type": "Point", "coordinates": [-116.184, 43.414]}, "properties": {"timestamp": "1995-08-21 08:12:00", "individual": "SW1"}}, {"type": "Feature", "geometry": {"type": "Point", "coordinates": [-116.268, 43.44]}, "properties": {"timestamp": "1995-08-22 14:41:00", "individual": "SW1"}}, {"type": "Feature", "geometry": {"type": "Point", "coordinates": [-116.134, 43.37]}, "properties": {"timestamp": "1995-08-29 17:06:00", "individual": "SW1"}}, {"type": "Feature", "geometry": {"type": "Point", "coordinates": [-116.223, 43.481]}, "properties": {"timestamp": "1995-09-05 20:21:00", "individual": "SW1"}}, {"type": "Feature", "geometry": {"type": "Point", "coordinates": [-116.3, 43.398]}, "properties": {"timestamp": "1995-09-06 00:19:00", "individual": "SW1"}}, {"type": "Feature", "geometry": {"type": "Point", "coordinates": [-116.285, 43.456]}, "properties": {"timestamp": "1995-09-13 02:48:00", "individual": "SW1"}}, {"type": "Feature", "geometry": {"type": "Point", "coordinates": [-113.336, 42.456]}, "properties": {"timestamp": "1995-09-20 03:35:00", "individual": "SW1"}}, {"type": "Feature", "geometry": {"type": "Point", "coordinates": [-103.616, 37.847]}, "properties": {"timestamp": "1995-09-27 08:17:00", "individual": "SW1"}}, {"type": "Feature", "geometry": {"type": "Point", "coordinates": [-102.449, 36.076]}, "properties": {"timestamp": "1995-10-04 10:20:00", "individual": "SW1"}}, {"type": "Feature", "geometry": {"type": "Point", "coordinates": [-102.788, 33.273]}, "properties": {"timestamp": "1995-10-08 01:58:00", "individual": "SW1"}}, {"type": "Feature", "geometry": {"type": "Point", "coordinates": [-102.462, 32.215]}, "properties": {"timestamp": "1995-10-11 15:00:00", "individual": "SW1"}}, {"type": "Feature", "geometry": {"type": "Point", "coordinates": [-99.303, 25.816]}, "properties": {"timestamp": "1995-10-15 08:25:00", "individual": "SW1"}}, {"type": "Feature", "geometry": {"type": "Point", "coordinates": [-95.236, 16.427]}, "properties": {"timestamp": "1995-10-18 20:46:00", "individual": "SW1"}}, {"type": "Feature", "geometry": {"type": "Point", "coordinates": [-89.274, 14.004]}, "properties": {"timestamp": "1995-10-22 14:21:00", "individual": "SW1"}}, {"type": "Feature", "geometry": {"type": "Point", "coordinates": [-84.454, 10.996]}, "properties": {"timestamp": "1995-10-26 00:22:00", "individual": "SW1"}}, {"type": "Feature", "geometry": {"type": "Point", "coordinates": [-76.343, 7.425]}, "properties": {"timestamp": "1995-11-02 01:06:00", "individual": "SW1"}}, {"type": "Feature", "geometry": {"type": "Point", "coordinates": [-75.43, 2.828]}, "properties": {"timestamp": "1995-11-05 19:12:00", "individual": "SW1"}}, {"type": "Feature", "geometry": {"type": "Point", "coordinates": [-67.656, -10.476]}, "properties": {"timestamp": "1995-11-16 10:22:00", "individual": "SW1"}}, {"type": "Feature", "geometry": {"type": "Point", "coordinates": [-66.479, -18.583]}, "properties": {"timestamp": "1995-11-19 23:24:00", "individual": "SW1"}}, {"type": "Feature", "geometry": {"type": "Point", "coordinates": [-62.478, -17.958]}, "properties": {"timestamp": "1995-11-20 05:30:00", "individual": "SW1"}}, {"type": "Feature", "geometry": {"type": "Point", "coordinates": [-62.266, -27.987]}, "properties": {"timestamp": "1995-11-23 12:55:00", "individual": "SW1"}}, {"type": "Feature", "geometry": {"type": "Point", "coordinates": [-62.233, -31.674]}, "properties": {"timestamp": "1995-11-27 04:20:00", "individual": "SW1"}}, {"type": "Feature", "geometry": {"type": "Point", "coordinates": [-63.814, -33.47]}, "properties": {"timestamp": "1995-11-30 17:49:00", "individual": "SW1"}}, {"type": "Feature", "geometry": {"type": "Point", "coordinates": [-64.657, -34.013]}, "properties": {"timestamp": "1995-12-04 06:26:00", "individual": "SW1"}}, {"type": "Feature", "geometry": {"type": "Point", "coordinates": [-64.32, -34.857]}, "properties": {"timestamp": "1995-12-07 23:30:00", "individual": "SW1"}}, {"type": "Feature", "geometry": {"type": "Point", "coordinates": [-64.595, -34.765]}, "properties": {"timestamp": "1995-12-14 22:34:00", "individual": "SW1"}}, {"type": "Feature", "geometry": {"type": "Point", "coordinates": [-64.456, -34.836]}, "properties": {"timestamp": "1995-12-15 00:20:00", "individual": "SW1"}}, {"type": "Feature", "geometry": {"type": "Point", "coordinates": [-64.944, -34.525]}, "properties": {"timestamp": "1995-12-22 04:47:00", "individual": "SW1"}}, {"type": "Feature", "geometry": {"type": "Point", "coordinates": [-65.006, -34.59]}, "properties": {"timestamp": "1995-12-29 06:53:00", "individual": "SW1"}}, {"type": "Feature", "geometry": {"type": "Point", "coordinates": [-59.865, -36.3]}, "properties": {"timestamp": "1996-01-05 10:41:00", "individual": "SW1"}}, {"type": "Feature", "geometry": {"type": "Point", "coordinates": [-58.797, -36.077]}, "properties": {"timestamp": "1996-01-12 16:46:00", "individual": "SW1"}}, {"type": "Feature", "geometry": {"type": "Point", "coordinates": [-58.913, -36.134]}, "properties": {"timestamp": "1996-01-19 22:55:00", "individual": "SW1"}}, {"type": "Feature", "geometry": {"type": "Point", "coordinates": [-58.821, -36.151]}, "properties": {"timestamp": "1996-01-26 23:43:00", "individual": "SW1"}}, {"type": "Feature", "geometry": {"type": "Point", "coordinates": [-58.649, -36.163]}, "properties": {"timestamp": "1996-02-02 22:51:00", "individual": "SW1"}}, {"type": "Feature", "geometry": {"type": "Point", "coordinates": [-58.746, -36.129]}, "properties": {"timestamp": "1996-02-03 00:27:00", "individual": "SW1"}}, {"type": "Feature", "geometry": {"type": "Point", "coordinates": [-63.141, -35.283]}, "properties": {"timestamp": "1996-02-10 04:11:00", "individual": "SW1"}}, {"type": "Feature", "geometry": {"type": "Point", "coordinates": [-64.169, -34.595]}, "properties": {"timestamp": "1996-02-17 06:12:00", "individual": "SW1"}}, {"type": "Feature", "geometry": {"type": "Point", "coordinates": [-111.67, 51.28]}, "properties": {"timestamp": "1996-08-11 00:00:00", "individual": "SW10"}}, {"type": "Feature", "geometry": {"type": "Point", "coordinates": [-111.637, 51.328]}, "properties": {"timestamp": "1996-08-14 18:31:00", "individual": "SW10"}}, {"type": "Feature", "geometry": {"type": "Point", "coordinates": [-111.67, 51.272]}, "properties": {"timestamp": "1996-08-15 00:23:00", "individual": "SW10"}}, {"type": "Feature", "geometry": {"type": "Point", "coordinates": [-111.873, 51.256]}, "properties": {"timestamp": "1996-08-17 21:21:00", "individual": "SW10"}}, {"type": "Feature", "geometry": {"type": "Point", "coordinates": [-111.664, 51.251]}, "properties": {"timestamp": "1996-08-18 01:01:00", "individual": "SW10"}}, {"type": "Feature", "geometry": {"type": "Point", "coordinates": [-111.595, 51.32]}, "properties": {"timestamp": "1996-08-21 03:13:00", "individual": "SW10"}}, {"type": "Feature", "geometry": {"type": "Point", "coordinates": [-111.631, 51.292]}, "properties": {"timestamp": "1996-08-24 08:32:00", "individual": "SW10"}}, {"type": "Feature", "geometry": {"type": "Point", "coordinates": [-111.626, 51.282]}, "properties": {"timestamp": "1996-08-27 09:41:00", "individual": "SW10"}}, {"type": "Feature", "geometry": {"type": "Point", "coordinates": [-111.64, 51.285]}, "properties": {"timestamp": "1996-08-30 09:07:00", "individual": "SW10"}}, {"type": "Feature", "geometry": {"type": "Point", "coordinates": [-111.842, 51.306]}, "properties": {"timestamp": "1996-09-02 12:40:00", "individual": "SW10"}}, {"type": "Feature", "geometry": {"type": "Point", "coordinates": [-111.332, 51.32]}, "properties": {"timestamp": "1996-09-08 19:03:00", "individual": "SW10"}}, {"type": "Feature", "geometry": {"type": "Point", "coordinates": [-111.682, 51.256]}, "properties": {"timestamp": "1996-09-11 20:09:00", "individual": "SW10"}}, {"type": "Feature", "geometry": {"type": "Point", "coordinates": [-111.645, 51.286]}, "properties": {"timestamp": "1996-09-12 00:12:00", "individual": "SW10"}}, {"type": "Feature", "geometry": {"type": "Point", "coordinates": [-111.731, 51.248]}, "properties": {"timestamp": "1996-09-14 22:58:00", "individual": "SW10"}}, {"type": "Feature", "geometry": {"type": "Point", "coordinates": [-111.621, 51.296]}, "properties": {"timestamp": "1996-09-15 00:48:00", "individual": "SW10"}}, {"type": "Feature", "geometry": {"type": "Point", "coordinates": [-111.635, 51.274]}, "properties": {"timestamp": "1996-09-18 08:59:00", "individual": "SW10"}}, {"type": "Feature", "geometry": {"type": "Point", "coordinates": [-102.099, 47.876]}, "properties": {"timestamp": "1996-09-24 13:01:00", "individual": "SW10"}}, {"type": "Feature", "geometry": {"type": "Point", "coordinates": [-99.019, 42.131]}, "properties": {"timestamp": "1996-09-27 10:48:00", "individual": "SW10"}}, {"type": "Feature", "geometry": {"type": "Point", "coordinates": [-98.292, 37.921]}, "properties": {"timestamp": "1996-09-30 14:12:00", "individual": "SW10"}}, {"type": "Feature", "geometry": {"type": "Point", "coordinates": [-100.884, 37.177]}, "properties": {"timestamp": "1996-10-03 14:49:00", "individual": "SW10"}}, {"type": "Feature", "geometry": {"type": "Point", "coordinates": [-99.773, 37.624]}, "properties": {"timestamp": "1996-10-06 18:54:00", "individual": "SW10"}}, {"type": "Feature", "geometry": {"type": "Point", "coordinates": [-97.684, 29.582]}, "properties": {"timestamp": "1996-10-09 21:41:00", "individual": "SW10"}}, {"type": "Feature", "geometry": {"type": "Point", "coordinates": [-97.945, 29.598]}, "properties": {"timestamp": "1996-10-10 01:32:00", "individual": "SW10"}}, {"type": "Feature", "geometry": {"type": "Point", "coordinates": [-98.058, 23.126]}, "properties": {"timestamp": "1996-10-13 02:08:00", "individual": "SW10"}}, {"type": "Feature", "geometry": {"type": "Point", "coordinates": [-93.437, 15.891]}, "properties": {"timestamp": "1996-10-16 00:59:00", "individual": "SW10"}}, {"type": "Feature", "geometry": {"type": "Point", "coordinates": [-89.082, 13.964]}, "properties": {"timestamp": "1996-10-19 08:34:00", "individual": "SW10"}}, {"type": "Feature", "geometry": {"type": "Point", "coordinates": [-84.256, 10.7]}, "properties": {"timestamp": "1996-10-22 11:17:00", "individual": "SW10"}}, {"type": "Feature", "geometry": {"type": "Point", "coordinates": [-79.407, 8.833]}, "properties": {"timestamp": "1996-10-25 13:32:00", "individual": "SW10"}}, {"type": "Feature", "geometry": {"type": "Point", "coordinates": [-75.514, 7.443]}, "properties": {"timestamp": "1996-10-28 10:46:00", "individual": "SW10"}}, {"type": "Feature", "geometry": {"type": "Point", "coordinates": [-73.961, 1.569]}, "properties": {"timestamp": "1996-10-31 11:25:00", "individual": "SW10"}}, {"type": "Feature", "geometry": {"type": "Point", "coordinates": [-71.132, -5.265]}, "properties": {"timestamp": "1996-11-03 18:36:00", "individual": "SW10"}}, {"type": "Feature", "geometry": {"type": "Point", "coordinates": [-67.076, -11.061]}, "properties": {"timestamp": "1996-11-06 18:03:00", "individual": "SW10"}}, {"type": "Feature", "geometry": {"type": "Point", "coordinates": [-64.615, -16.972]}, "properties": {"timestamp": "1996-11-09 19:08:00", "individual": "SW10"}}, {"type": "Feature", "geometry": {"type": "Point", "coordinates": [-64.398, -17.075]}, "properties": {"timestamp": "1996-11-10 00:02:00", "individual": "SW10"}}, {"type": "Feature", "geometry": {"type": "Point", "coordinates": [-63.091, -25.876]}, "properties": {"timestamp": "1996-11-12 20:16:00", "individual": "SW10"}}, {"type": "Feature", "geometry": {"type": "Point", "coordinates": [-62.873, -25.545]}, "properties": {"timestamp": "1996-11-13 00:30:00", "individual": "SW10"}}, {"type": "Feature", "geometry": {"type": "Point", "coordinates": [-62.11, -32.066]}, "properties": {"timestamp": "1996-11-15 23:26:00", "individual": "SW10"}}, {"type": "Feature", "geometry": {"type": "Point", "coordinates": [-61.559, -31.732]}, "properties": {"timestamp": "1996-11-16 01:09:00", "individual": "SW10"}}, {"type": "Feature", "geometry": {"type": "Point", "coordinates": [-62.276, -33.313]}, "properties": {"timestamp": "1996-11-19 04:47:00", "individual": "SW10"}}, {"type": "Feature", "geometry": {"type": "Point", "coordinates": [-63.402, -33.568]}, "properties": {"timestamp": "1996-11-25 07:09:00", "individual": "SW10"}}, {"type": "Feature", "geometry": {"type": "Point", "coordinates": [-63.803, -34.602]}, "properties": {"timestamp": "1996-11-28 09:42:00", "individual": "SW10"}}, {"type": "Feature", "geometry": {"type": "Point", "coordinates": [-63.586, -35.589]}, "properties": {"timestamp": "1996-12-01 11:56:00", "individual": "SW10"}}, {"type": "Feature", "geometry": {"type": "Point", "coordinates": [-62.931, -35.593]}, "properties": {"timestamp": "1996-12-04 17:51:00", "individual": "SW10"}}, {"type": "Feature", "geometry": {"type": "Point", "coordinates": [-63.129, -35.512]}, "properties": {"timestamp": "1996-12-10 22:39:00", "individual": "SW10"}}, {"type": "Feature", "geometry": {"type": "Point", "coordinates": [-63.215, -35.455]}, "properties": {"timestamp": "1996-12-11 00:21:00", "individual": "SW10"}}, {"type": "Feature", "geometry": {"type": "Point", "coordinates": [-63.478, -35.35]}, "properties": {"timestamp": "1996-12-13 21:30:00", "individual": "SW10"}}, {"type": "Feature", "geometry": {"type": "Point", "coordinates": [-63.807, -35.427]}, "properties": {"timestamp": "1996-12-17 04:46:00", "individual": "SW10"}}, {"type": "Feature", "geometry": {"type": "Point", "coordinates": [-63.678, -35.304]}, "properties": {"timestamp": "1996-12-20 04:14:00", "individual": "SW10"}}, {"type": "Feature", "geometry": {"type": "Point", "coordinates": [-63.967, -35.354]}, "properties": {"timestamp": "1996-12-23 07:03:00", "individual": "SW10"}}, {"type": "Feature", "geometry": {"type": "Point", "coordinates": [-64.052, -35.162]}, "properties": {"timestamp": "1996-12-29 16:41:00", "individual": "SW10"}}, {"type": "Feature", "geometry": {"type": "Point", "coordinates": [-64.189, -33.436]}, "properties": {"timestamp": "1997-01-01 17:49:00", "individual": "SW10"}}, {"type": "Feature", "geometry": {"type": "Point", "coordinates": [-61.788, -31.899]}, "properties": {"timestamp": "1997-01-04 18:58:00", "individual": "SW10"}}, {"type": "Feature", "geometry": {"type": "Point", "coordinates": [-62.093, -32.007]}, "properties": {"timestamp": "1997-01-07 22:26:00", "individual": "SW10"}}, {"type": "Feature", "geometry": {"type": "Point", "coordinates": [-62.088, -31.995]}, "properties": {"timestamp": "1997-01-08 00:09:00", "individual": "SW10"}}, {"type": "Feature", "geometry": {"type": "Point", "coordinates": [-62.13, -32.019]}, "properties": {"timestamp": "1997-01-11 05:16:00", "individual": "SW10"}}, {"type": "Feature", "geometry": {"type": "Point", "coordinates": [-62.258, -31.987]}, "properties": {"timestamp": "1997-01-14 04:41:00", "individual": "SW10"}}, {"type": "Feature", "geometry": {"type": "Point", "coordinates": [-62.18, -32.037]}, "properties": {"timestamp": "1997-01-17 07:32:00", "individual": "SW10"}}, {"type": "Feature", "geometry": {"type": "Point", "coordinates": [-62.041, -31.591]}, "properties": {"timestamp": "1997-01-20 10:23:00", "individual": "SW10"}}, {"type": "Feature", "geometry": {"type": "Point", "coordinates": [-61.838, -31.216]}, "properties": {"timestamp": "1997-01-23 18:51:00", "individual": "SW10"}}, {"type": "Feature", "geometry": {"type": "Point", "coordinates": [-61.761, -30.903]}, "properties": {"timestamp": "1997-01-26 22:12:00", "individual": "SW10"}}, {"type": "Feature", "geometry": {"type": "Point", "coordinates": [-61.761, -30.951]}, "properties": {"timestamp": "1997-01-29 19:26:00", "individual": "SW10"}}, {"type": "Feature", "geometry": {"type": "Point", "coordinates": [-61.753, -30.957]}, "properties": {"timestamp": "1997-01-30 00:25:00", "individual": "SW10"}}, {"type": "Feature", "geometry": {"type": "Point", "coordinates": [-61.682, -31.031]}, "properties": {"timestamp": "1997-02-02 00:57:00", "individual": "SW10"}}, {"type": "Feature", "geometry": {"type": "Point", "coordinates": [-61.983, -31.316]}, "properties": {"timestamp": "1997-02-05 04:04:00", "individual": "SW10"}}, {"type": "Feature", "geometry": {"type": "Point", "coordinates": [-62.059, -31.138]}, "properties": {"timestamp": "1997-02-08 05:08:00", "individual": "SW10"}}, {"type": "Feature", "geometry": {"type": "Point", "coordinates": [-63.536, -31.067]}, "properties": {"timestamp": "1997-02-11 06:17:00", "individual": "SW10"}}, {"type": "Feature", "geometry": {"type": "Point", "coordinates": [-63.15, -31.36]}, "properties": {"timestamp": "1997-02-14 09:32:00", "individual": "SW10"}}, {"type": "Feature", "geometry": {"type": "Point", "coordinates": [-63.514, -31.025]}, "properties": {"timestamp": "1997-02-17 17:41:00", "individual": "SW10"}}, {"type": "Feature", "geometry": {"type": "Point", "coordinates": [-62.122, -31.137]}, "properties": {"timestamp": "1997-02-20 18:50:00", "individual": "SW10"}}, {"type": "Feature", "geometry": {"type": "Point", "coordinates": [-61.273, -31.672]}, "properties": {"timestamp": "1997-02-23 18:15:00", "individual": "SW10"}}, {"type": "Feature", "geometry": {"type": "Point", "coordinates": [-63.789, -33.076]}, "properties": {"timestamp": "1997-02-26 22:32:00", "individual": "SW10"}}, {"type": "Feature", "geometry": {"type": "Point", "coordinates": [-63.8, -33.081]}, "properties": {"timestamp": "1997-02-27 00:11:00", "individual": "SW10"}}, {"type": "Feature", "geometry": {"type": "Point", "coordinates": [-63.828, -35.233]}, "properties": {"timestamp": "1997-03-01 23:08:00", "individual": "SW10"}}, {"type": "Feature", "geometry": {"type": "Point", "coordinates": [-63.953, -35.247]}, "properties": {"timestamp": "1997-03-02 00:43:00", "individual": "SW10"}}, {"type": "Feature", "geometry": {"type": "Point", "coordinates": [-64.028, -35.155]}, "properties": {"timestamp": "1997-03-05 01:19:00", "individual": "SW10"}}, {"type": "Feature", "geometry": {"type": "Point", "coordinates": [-63.766, -35.043]}, "properties": {"timestamp": "1997-03-08 06:46:00", "individual": "SW10"}}, {"type": "Feature", "geometry": {"type": "Point", "coordinates": [-63.987, -34.242]}, "properties": {"timestamp": "1997-03-11 06:16:00", "individual": "SW10"}}, {"type": "Feature", "geometry": {"type": "Point", "coordinates": [-63.766, -33.609]}, "properties": {"timestamp": "1997-03-14 09:24:00", "individual": "SW10"}}, {"type": "Feature", "geometry": {"type": "Point", "coordinates": [-63.929, -34.029]}, "properties": {"timestamp": "1997-03-17 11:34:00", "individual": "SW10"}}, {"type": "Feature", "geometry": {"type": "Point", "coordinates": [-63.942, -33.487]}, "properties": {"timestamp": "1997-03-20 18:43:00", "individual": "SW10"}}, {"type": "Feature", "geometry": {"type": "Point", "coordinates": [-62.854, -19.998]}, "properties": {"timestamp": "1997-03-27 00:01:00", "individual": "SW10"}}, {"type": "Feature", "geometry": {"type": "Point", "coordinates": [-67.434, -12.011]}, "properties": {"timestamp": "1997-03-29 23:02:00", "individual": "SW10"}}, {"type": "Feature", "geometry": {"type": "Point", "coordinates": [-109.78, 32.06]}, "properties": {"timestamp": "1996-09-21 00:00:00", "individual": "SW11"}}, {"type": "Feature", "geometry": {"type": "Point", "coordinates": [-109.795, 32.052]}, "properties": {"timestamp": "1996-09-23 02:49:00", "individual": "SW11"}}, {"type": "Feature", "geometry": {"type": "Point", "coordinates": [-109.781, 32.054]}, "properties": {"timestamp": "1996-09-24 14:47:00", "individual": "SW11"}}, {"type": "Feature", "geometry": {"type": "Point", "coordinates": [-109.91, 32.025]}, "properties": {"timestamp": "1996-09-26 01:40:00", "individual": "SW11"}}, {"type": "Feature", "geometry": {"type": "Point", "coordinates": [-109.769, 32.033]}, "properties": {"timestamp": "1996-09-27 13:41:00", "individual": "SW11"}}, {"type": "Feature", "geometry": {"type": "Point", "coordinates": [-109.792, 32.021]}, "properties": {"timestamp": "1996-09-29 00:40:00", "individual": "SW11"}}, {"type": "Feature", "geometry": {"type": "Point", "coordinates": [-109.622, 32.062]}, "properties": {"timestamp": "1996-10-03 14:50:00", "individual": "SW11"}}, {"type": "Feature", "geometry": {"type": "Point", "coordinates": [-109.57, 32.064]}, "properties": {"timestamp": "1996-10-05 00:06:00", "individual": "SW11"}}, {"type": "Feature", "geometry": {"type": "Point", "coordinates": [-109.672, 32.042]}, "properties": {"timestamp": "1996-10-06 09:13:00", "individual": "SW11"}}, {"type": "Feature", "geometry": {"type": "Point", "coordinates": [-109.409, 31.344]}, "properties": {"timestamp": "1996-10-07 20:22:00", "individual": "SW11"}}, {"type": "Feature", "geometry": {"type": "Point", "coordinates": [-109.489, 31.434]}, "properties": {"timestamp": "1996-10-08 00:40:00", "individual": "SW11"}}, {"type": "Feature", "geometry": {"type": "Point", "coordinates": [-108.511, 31.036]}, "properties": {"timestamp": "1996-10-09 08:44:00", "individual": "SW11"}}, {"type": "Feature", "geometry": {"type": "Point", "coordinates": [-107.2, 30.229]}, "properties": {"timestamp": "1996-10-10 19:48:00", "individual": "SW11"}}, {"type": "Feature", "geometry": {"type": "Point", "coordinates": [-107.7, 30.239]}, "properties": {"timestamp": "1996-10-11 01:12:00", "individual": "SW11"}}, {"type": "Feature", "geometry": {"type": "Point", "coordinates": [-107.756, 30.117]}, "properties": {"timestamp": "1996-10-12 09:47:00", "individual": "SW11"}}, {"type": "Feature", "geometry": {"type": "Point", "coordinates": [-107.746, 30.062]}, "properties": {"timestamp": "1996-10-13 20:56:00", "individual": "SW11"}}, {"type": "Feature", "geometry": {"type": "Point", "coordinates": [-107.825, 30.156]}, "properties": {"timestamp": "1996-10-14 00:09:00", "individual": "SW11"}}, {"type": "Feature", "geometry": {"type": "Point", "coordinates": [-108.505, 29.022]}, "properties": {"timestamp": "1996-10-15 10:53:00", "individual": "SW11"}}, {"type": "Feature", "geometry": {"type": "Point", "coordinates": [-106.418, 28.963]}, "properties": {"timestamp": "1996-10-16 20:26:00", "individual": "SW11"}}, {"type": "Feature", "geometry": {"type": "Point", "coordinates": [-106.212, 27.953]}, "properties": {"timestamp": "1996-10-18 08:43:00", "individual": "SW11"}}, {"type": "Feature", "geometry": {"type": "Point", "coordinates": [-105.935, 27.203]}, "properties": {"timestamp": "1996-10-19 14:05:00", "individual": "SW11"}}, {"type": "Feature", "geometry": {"type": "Point", "coordinates": [-99.625, 25.075]}, "properties": {"timestamp": "1996-10-21 08:08:00", "individual": "SW11"}}, {"type": "Feature", "geometry": {"type": "Point", "coordinates": [-98.951, 23.508]}, "properties": {"timestamp": "1996-10-22 12:55:00", "individual": "SW11"}}, {"type": "Feature", "geometry": {"type": "Point", "coordinates": [-97.256, 20.304]}, "properties": {"timestamp": "1996-10-24 01:26:00", "individual": "SW11"}}, {"type": "Feature", "geometry": {"type": "Point", "coordinates": [-96.093, 18.698]}, "properties": {"timestamp": "1996-10-25 13:33:00", "individual": "SW11"}}, {"type": "Feature", "geometry": {"type": "Point", "coordinates": [-93.61, 15.979]}, "properties": {"timestamp": "1996-10-27 01:57:00", "individual": "SW11"}}, {"type": "Feature", "geometry": {"type": "Point", "coordinates": [-91.221, 14.211]}, "properties": {"timestamp": "1996-10-28 12:26:00", "individual": "SW11"}}, {"type": "Feature", "geometry": {"type": "Point", "coordinates": [-87.294, 13.735]}, "properties": {"timestamp": "1996-10-29 21:19:00", "individual": "SW11"}}, {"type": "Feature", "geometry": {"type": "Point", "coordinates": [-87.591, 13.572]}, "properties": {"timestamp": "1996-10-30 00:51:00", "individual": "SW11"}}, {"type": "Feature", "geometry": {"type": "Point", "coordinates": [-84.048, 10.179]}, "properties": {"timestamp": "1996-11-01 19:03:00", "individual": "SW11"}}, {"type": "Feature", "geometry": {"type": "Point", "coordinates": [-83.043, 11.153]}, "properties": {"timestamp": "1996-11-02 01:27:00", "individual": "SW11"}}, {"type": "Feature", "geometry": {"type": "Point", "coordinates": [-81.288, 8.625]}, "properties": {"timestamp": "1996-11-03 11:56:00", "individual": "SW11"}}, {"type": "Feature", "geometry": {"type": "Point", "coordinates": [-79.878, 8.976]}, "properties": {"timestamp": "1996-11-04 18:29:00", "individual": "SW11"}}, {"type": "Feature", "geometry": {"type": "Point", "coordinates": [-79.84, 8.862]}, "properties": {"timestamp": "1996-11-05 00:20:00", "individual": "SW11"}}, {"type": "Feature", "geometry": {"type": "Point", "coordinates": [-77.27, 8.455]}, "properties": {"timestamp": "1996-11-07 17:57:00", "individual": "SW11"}}, {"type": "Feature", "geometry": {"type": "Point", "coordinates": [-76.807, 7.504]}, "properties": {"timestamp": "1996-11-09 06:26:00", "individual": "SW11"}}, {"type": "Feature", "geometry": {"type": "Point", "coordinates": [-74.14, 7.697]}, "properties": {"timestamp": "1996-11-10 17:23:00", "individual": "SW11"}}, {"type": "Feature", "geometry": {"type": "Point", "coordinates": [-75.185, 2.767]}, "properties": {"timestamp": "1996-11-13 18:29:00", "individual": "SW11"}}, {"type": "Feature", "geometry": {"type": "Point", "coordinates": [-74.599, 0.419]}, "properties": {"timestamp": "1996-11-14 23:58:00", "individual": "SW11"}}, {"type": "Feature", "geometry": {"type": "Point", "coordinates": [-72.538, -6.904]}, "properties": {"timestamp": "1996-11-21 06:00:00", "individual": "SW11"}}, {"type": "Feature", "geometry": {"type": "Point", "coordinates": [-109.7, 32.01]}, "properties": {"timestamp": "1996-09-23 00:00:00", "individual": "SW12"}}, {"type": "Feature", "geometry": {"type": "Point", "coordinates": [-109.714, 32.052]}, "properties": {"timestamp": "1996-09-24 02:23:00", "individual": "SW12"}}, {"type": "Feature", "geometry": {"type": "Point", "coordinates": [-109.714, 32.082]}, "properties": {"timestamp": "1996-09-25 11:13:00", "individual": "SW12"}}, {"type": "Feature", "geometry": {"type": "Point", "coordinates": [-109.673, 32.142]}, "properties": {"timestamp": "1996-09-27 01:18:00", "individual": "SW12"}}, {"type": "Feature", "geometry": {"type": "Point", "coordinates": [-109.799, 32.091]}, "properties": {"timestamp": "1996-09-28 09:00:00", "individual": "SW12"}}, {"type": "Feature", "geometry": {"type": "Point", "coordinates": [-109.789, 32.041]}, "properties": {"timestamp": "1996-10-02 21:19:00", "individual": "SW12"}}, {"type": "Feature", "geometry": {"type": "Point", "coordinates": [-109.725, 32.039]}, "properties": {"timestamp": "1996-10-04 02:07:00", "individual": "SW12"}}, {"type": "Feature", "geometry": {"type": "Point", "coordinates": [-109.69, 32.059]}, "properties": {"timestamp": "1996-10-07 01:01:00", "individual": "SW12"}}, {"type": "Feature", "geometry": {"type": "Point", "coordinates": [-109.731, 32.031]}, "properties": {"timestamp": "1996-10-08 10:30:00", "individual": "SW12"}}, {"type": "Feature", "geometry": {"type": "Point", "coordinates": [-106.119, 29.806]}, "properties": {"timestamp": "1996-10-09 19:57:00", "individual": "SW12"}}, {"type": "Feature", "geometry": {"type": "Point", "coordinates": [-105.905, 29.012]}, "properties": {"timestamp": "1996-10-10 01:33:00", "individual": "SW12"}}, {"type": "Feature", "geometry": {"type": "Point", "coordinates": [-105.44, 27.948]}, "properties": {"timestamp": "1996-10-11 08:15:00", "individual": "SW12"}}, {"type": "Feature", "geometry": {"type": "Point", "coordinates": [-104.733, 27.032]}, "properties": {"timestamp": "1996-10-12 19:28:00", "individual": "SW12"}}, {"type": "Feature", "geometry": {"type": "Point", "coordinates": [-102.314, 24.495]}, "properties": {"timestamp": "1996-10-14 09:27:00", "individual": "SW12"}}, {"type": "Feature", "geometry": {"type": "Point", "coordinates": [-100.077, 22.982]}, "properties": {"timestamp": "1996-10-15 13:51:00", "individual": "SW12"}}, {"type": "Feature", "geometry": {"type": "Point", "coordinates": [-97.425, 20.145]}, "properties": {"timestamp": "1996-10-17 00:39:00", "individual": "SW12"}}, {"type": "Feature", "geometry": {"type": "Point", "coordinates": [-95.719, 18.197]}, "properties": {"timestamp": "1996-10-18 14:22:00", "individual": "SW12"}}, {"type": "Feature", "geometry": {"type": "Point", "coordinates": [-92.379, 14.931]}, "properties": {"timestamp": "1996-10-19 21:27:00", "individual": "SW12"}}, {"type": "Feature", "geometry": {"type": "Point", "coordinates": [-91.785, 14.461]}, "properties": {"timestamp": "1996-10-20 01:13:00", "individual": "SW12"}}, {"type": "Feature", "geometry": {"type": "Point", "coordinates": [-90.367, 14.233]}, "properties": {"timestamp": "1996-10-21 13:18:00", "individual": "SW12"}}, {"type": "Feature", "geometry": {"type": "Point", "coordinates": [-87.345, 13.012]}, "properties": {"timestamp": "1996-10-22 19:14:00", "individual": "SW12"}}, {"type": "Feature", "geometry": {"type": "Point", "coordinates": [-86.495, 12.739]}, "properties": {"timestamp": "1996-10-23 00:09:00", "individual": "SW12"}}, {"type": "Feature", "geometry": {"type": "Point", "coordinates": [-85.431, 12.16]}, "properties": {"timestamp": "1996-10-24 09:23:00", "individual": "SW12"}}, {"type": "Feature", "geometry": {"type": "Point", "coordinates": [-84.576, 11.126]}, "properties": {"timestamp": "1996-10-25 20:22:00", "individual": "SW12"}}, {"type": "Feature", "geometry": {"type": "Point", "coordinates": [-82.445, 8.676]}, "properties": {"timestamp": "1996-10-29 23:14:00", "individual": "SW12"}}, {"type": "Feature", "geometry": {"type": "Point", "coordinates": [-81.943, 8.865]}, "properties": {"timestamp": "1996-10-30 00:48:00", "individual": "SW12"}}, {"type": "Feature", "geometry": {"type": "Point", "coordinates": [-81.469, 10.335]}, "properties": {"timestamp": "1996-10-31 08:00:00", "individual": "SW12"}}, {"type": "Feature", "geometry": {"type": "Point", "coordinates": [-76.598, 7.432]}, "properties": {"timestamp": "1996-11-01 20:42:00", "individual": "SW12"}}, {"type": "Feature", "geometry": {"type": "Point", "coordinates": [-74.895, 4.15]}, "properties": {"timestamp": "1996-11-04 18:30:00", "individual": "SW12"}}, {"type": "Feature", "geometry": {"type": "Point", "coordinates": [-73.15, -2.28]}, "properties": {"timestamp": "1996-11-07 17:56:00", "individual": "SW12"}}, {"type": "Feature", "geometry": {"type": "Point", "coordinates": [-71.661, -3.317]}, "properties": {"timestamp": "1996-11-08 22:47:00", "individual": "SW12"}}, {"type": "Feature", "geometry": {"type": "Point", "coordinates": [-71.654, -3.301]}, "properties": {"timestamp": "1996-11-09 00:27:00", "individual": "SW12"}}, {"type": "Feature", "geometry": {"type": "Point", "coordinates": [-71.294, -4.841]}, "properties": {"timestamp": "1996-11-10 11:07:00", "individual": "SW12"}}, {"type": "Feature", "geometry": {"type": "Point", "coordinates": [-70.129, -7.665]}, "properties": {"timestamp": "1996-11-13 10:02:00", "individual": "SW12"}}, {"type": "Feature", "geometry": {"type": "Point", "coordinates": [-62.469, -18.689]}, "properties": {"timestamp": "1996-11-19 09:33:00", "individual": "SW12"}}, {"type": "Feature", "geometry": {"type": "Point", "coordinates": [-64.003, -34.366]}, "properties": {"timestamp": "1996-11-25 17:50:00", "individual": "SW12"}}, {"type": "Feature", "geometry": {"type": "Point", "coordinates": [-63.48, -36.322]}, "properties": {"timestamp": "1996-12-01 18:25:00", "individual": "SW12"}}, {"type": "Feature", "geometry": {"type": "Point", "coordinates": [-64.34, -34.458]}, "properties": {"timestamp": "1996-12-07 19:01:00", "individual": "SW12"}}, {"type": "Feature", "geometry": {"type": "Point", "coordinates": [-64.93, -34.435]}, "properties": {"timestamp": "1996-12-13 23:15:00", "individual": "SW12"}}, {"type": "Feature", "geometry": {"type": "Point", "coordinates": [-65.243, -34.403]}, "properties": {"timestamp": "1996-12-14 05:19:00", "individual": "SW12"}}, {"type": "Feature", "geometry": {"type": "Point", "coordinates": [-65.038, -34.323]}, "properties": {"timestamp": "1996-12-20 05:55:00", "individual": "SW12"}}, {"type": "Feature", "geometry": {"type": "Point", "coordinates": [-63.583, -35.823]}, "properties": {"timestamp": "1996-12-26 09:29:00", "individual": "SW12"}}, {"type": "Feature", "geometry": {"type": "Point", "coordinates": [-63.779, -35.894]}, "properties": {"timestamp": "1997-01-01 10:39:00", "individual": "SW12"}}, {"type": "Feature", "geometry": {"type": "Point", "coordinates": [-63.834, -35.977]}, "properties": {"timestamp": "1997-01-07 20:04:00", "individual": "SW12"}}, {"type": "Feature", "geometry": {"type": "Point", "coordinates": [-63.679, -36.378]}, "properties": {"timestamp": "1997-01-13 17:17:00", "individual": "SW12"}}, {"type": "Feature", "geometry": {"type": "Point", "coordinates": [-62.98, -36.619]}, "properties": {"timestamp": "1997-01-19 23:04:00", "individual": "SW12"}}, {"type": "Feature", "geometry": {"type": "Point", "coordinates": [-63.327, -36.996]}, "properties": {"timestamp": "1997-01-26 04:09:00", "individual": "SW12"}}, {"type": "Feature", "geometry": {"type": "Point", "coordinates": [-62.675, -36.783]}, "properties": {"timestamp": "1997-02-01 09:20:00", "individual": "SW12"}}, {"type": "Feature", "geometry": {"type": "Point", "coordinates": [-64.036, -36.64]}, "properties": {"timestamp": "1997-02-07 10:27:00", "individual": "SW12"}}, {"type": "Feature", "geometry": {"type": "Point", "coordinates": [-64.05, -36.826]}, "properties": {"timestamp": "1997-02-13 11:39:00", "individual": "SW12"}}, {"type": "Feature", "geometry": {"type": "Point", "coordinates": [-61.835, -30.407]}, "properties": {"timestamp": "1997-02-19 17:17:00", "individual": "SW12"}}, {"type": "Feature", "geometry": {"type": "Point", "coordinates": [-62.764, -18.234]}, "properties": {"timestamp": "1997-02-25 19:34:00", "individual": "SW12"}}, {"type": "Feature", "geometry": {"type": "Point", "coordinates": [-65.491, -10.944]}, "properties": {"timestamp": "1997-03-03 22:28:00", "individual": "SW12"}}, {"type": "Feature", "geometry": {"type": "Point", "coordinates": [-65.484, -10.939]}, "properties": {"timestamp": "1997-03-04 05:41:00", "individual": "SW12"}}, {"type": "Feature", "geometry": {"type": "Point", "coordinates": [-69.359, -5.948]}, "properties": {"timestamp": "1997-03-10 06:16:00", "individual": "SW12"}}, {"type": "Feature", "geometry": {"type": "Point", "coordinates": [-69.931, -3.362]}, "properties": {"timestamp": "1997-03-16 06:50:00", "individual": "SW12"}}, {"type": "Feature", "geometry": {"type": "Point", "coordinates": [-83.275, 9.058]}, "properties": {"timestamp": "1997-03-28 20:48:00", "individual": "SW12"}}, {"type": "Feature", "geometry": {"type": "Point", "coordinates": [-94.459, 16.519]}, "properties": {"timestamp": "1997-04-03 19:49:00", "individual": "SW12"}}, {"type": "Feature", "geometry": {"type": "Point", "coordinates": [-98.883, 22.518]}, "properties": {"timestamp": "1997-04-10 00:09:00", "individual": "SW12"}}, {"type": "Feature", "geometry": {"type": "Point", "coordinates": [-100.257, 25.286]}, "properties": {"timestamp": "1997-04-16 01:19:00", "individual": "SW12"}}, {"type": "Feature", "geometry": {"type": "Point", "coordinates": [-101.303, 25.277]}, "properties": {"timestamp": "1997-05-16 20:20:00", "individual": "SW12"}}, {"type": "Feature", "geometry": {"type": "Point", "coordinates": [-116.58, 43.65]}, "properties": {"timestamp": "1997-09-21 00:00:00", "individual": "SW15"}}, {"type": "Feature", "geometry": {"type": "Point", "coordinates": [-116.804, 43.617]}, "properties": {"timestamp": "1997-09-22 01:42:00", "individual": "SW15"}}, {"type": "Feature", "geometry": {"type": "Point", "coordinates": [-116.64, 34.061]}, "properties": {"timestamp": "1997-10-13 21:30:00", "individual": "SW15"}}, {"type": "Feature", "geometry": {"type": "Point", "coordinates": [-116.05, 34.124]}, "properties": {"timestamp": "1997-10-23 21:20:00", "individual": "SW15"}}, {"type": "Feature", "geometry": {"type": "Point", "coordinates": [-115.954, 34.16]}, "properties": {"timestamp": "1997-10-29 13:48:00", "individual": "SW15"}}, {"type": "Feature", "geometry": {"type": "Point", "coordinates": [-116.27, 43.44]}, "properties": {"timestamp": "1996-08-15 00:00:00", "individual": "SW16"}}, {"type": "Feature", "geometry": {"type": "Point", "coordinates": [-116.233, 43.375]}, "properties": {"timestamp": "1996-08-17 15:14:00", "individual": "SW16"}}, {"type": "Feature", "geometry": {"type": "Point", "coordinates": [-116.064, 43.459]}, "properties": {"timestamp": "1996-08-24 02:07:00", "individual": "SW16"}}, {"type": "Feature", "geometry": {"type": "Point", "coordinates": [-116.125, 43.263]}, "properties": {"timestamp": "1996-08-30 12:33:00", "individual": "SW16"}}, {"type": "Feature", "geometry": {"type": "Point", "coordinates": [-104.865, 40.283]}, "properties": {"timestamp": "1996-09-06 00:41:00", "individual": "SW16"}}, {"type": "Feature", "geometry": {"type": "Point", "coordinates": [-103.536, 40.565]}, "properties": {"timestamp": "1996-09-12 12:25:00", "individual": "SW16"}}, {"type": "Feature", "geometry": {"type": "Point", "coordinates": [-103.313, 39.704]}, "properties": {"timestamp": "1996-09-19 00:55:00", "individual": "SW16"}}, {"type": "Feature", "geometry": {"type": "Point", "coordinates": [-102.942, 39.56]}, "properties": {"timestamp": "1996-09-20 10:24:00", "individual": "SW16"}}, {"type": "Feature", "geometry": {"type": "Point", "coordinates": [-103.167, 39.7]}, "properties": {"timestamp": "1996-09-21 19:58:00", "individual": "SW16"}}, {"type": "Feature", "geometry": {"type": "Point", "coordinates": [-103.347, 39.828]}, "properties": {"timestamp": "1996-09-22 21:29:00", "individual": "SW16"}}, {"type": "Feature", "geometry": {"type": "Point", "coordinates": [-103.199, 39.64]}, "properties": {"timestamp": "1996-09-25 14:22:00", "individual": "SW16"}}, {"type": "Feature", "geometry": {"type": "Point", "coordinates": [-103.053, 39.415]}, "properties": {"timestamp": "1996-09-26 23:41:00", "individual": "SW16"}}, {"type": "Feature", "geometry": {"type": "Point", "coordinates": [-103.081, 39.397]}, "properties": {"timestamp": "1996-09-27 01:22:00", "individual": "SW16"}}, {"type": "Feature", "geometry": {"type": "Point", "coordinates": [-103.061, 39.12]}, "properties": {"timestamp": "1996-09-28 08:58:00", "individual": "SW16"}}, {"type": "Feature", "geometry": {"type": "Point", "coordinates": [-103.098, 39.12]}, "properties": {"timestamp": "1996-09-29 14:37:00", "individual": "SW16"}}, {"type": "Feature", "geometry": {"type": "Point", "coordinates": [-103.193, 39.726]}, "properties": {"timestamp": "1996-09-30 23:52:00", "individual": "SW16"}}, {"type": "Feature", "geometry": {"type": "Point", "coordinates": [-103.155, 39.78]}, "properties": {"timestamp": "1996-10-01 01:33:00", "individual": "SW16"}}, {"type": "Feature", "geometry": {"type": "Point", "coordinates": [-101.997, 36.147]}, "properties": {"timestamp": "1996-10-03 14:50:00", "individual": "SW16"}}, {"type": "Feature", "geometry": {"type": "Point", "coordinates": [-101.365, 35.803]}, "properties": {"timestamp": "1996-10-05 00:05:00", "individual": "SW16"}}, {"type": "Feature", "geometry": {"type": "Point", "coordinates": [-102.109, 35.903]}, "properties": {"timestamp": "1996-10-06 09:11:00", "individual": "SW16"}}, {"type": "Feature", "geometry": {"type": "Point", "coordinates": [-101.081, 34.739]}, "properties": {"timestamp": "1996-10-07 13:20:00", "individual": "SW16"}}, {"type": "Feature", "geometry": {"type": "Point", "coordinates": [-98.184, 28.84]}, "properties": {"timestamp": "1996-10-08 21:51:00", "individual": "SW16"}}, {"type": "Feature", "geometry": {"type": "Point", "coordinates": [-98.877, 29.12]}, "properties": {"timestamp": "1996-10-09 00:16:00", "individual": "SW16"}}, {"type": "Feature", "geometry": {"type": "Point", "coordinates": [-98.506, 25.541]}, "properties": {"timestamp": "1996-10-10 08:28:00", "individual": "SW16"}}, {"type": "Feature", "geometry": {"type": "Point", "coordinates": [-98.326, 22.77]}, "properties": {"timestamp": "1996-10-11 15:17:00", "individual": "SW16"}}, {"type": "Feature", "geometry": {"type": "Point", "coordinates": [-96.021, 17.831]}, "properties": {"timestamp": "1996-10-12 21:03:00", "individual": "SW16"}}, {"type": "Feature", "geometry": {"type": "Point", "coordinates": [-96.024, 17.776]}, "properties": {"timestamp": "1996-10-13 02:05:00", "individual": "SW16"}}, {"type": "Feature", "geometry": {"type": "Point", "coordinates": [-95.81, 17.768]}, "properties": {"timestamp": "1996-10-14 09:30:00", "individual": "SW16"}}, {"type": "Feature", "geometry": {"type": "Point", "coordinates": [-84.559, 11.255]}, "properties": {"timestamp": "1996-10-21 00:48:00", "individual": "SW16"}}, {"type": "Feature", "geometry": {"type": "Point", "coordinates": [-79.887, 8.916]}, "properties": {"timestamp": "1996-10-24 23:17:00", "individual": "SW16"}}, {"type": "Feature", "geometry": {"type": "Point", "coordinates": [-79.943, 8.887]}, "properties": {"timestamp": "1996-10-25 01:03:00", "individual": "SW16"}}, {"type": "Feature", "geometry": {"type": "Point", "coordinates": [-76.006, 6.643]}, "properties": {"timestamp": "1996-10-27 18:17:00", "individual": "SW16"}}, {"type": "Feature", "geometry": {"type": "Point", "coordinates": [-75.806, 4.609]}, "properties": {"timestamp": "1996-10-28 19:45:00", "individual": "SW16"}}, {"type": "Feature", "geometry": {"type": "Point", "coordinates": [-73.646, 1.248]}, "properties": {"timestamp": "1996-10-31 17:30:00", "individual": "SW16"}}, {"type": "Feature", "geometry": {"type": "Point", "coordinates": [-72.907, -1.766]}, "properties": {"timestamp": "1996-11-01 20:37:00", "individual": "SW16"}}, {"type": "Feature", "geometry": {"type": "Point", "coordinates": [-71.38, -5.287]}, "properties": {"timestamp": "1996-11-03 05:57:00", "individual": "SW16"}}, {"type": "Feature", "geometry": {"type": "Point", "coordinates": [-69.638, -8.95]}, "properties": {"timestamp": "1996-11-04 18:23:00", "individual": "SW16"}}, {"type": "Feature", "geometry": {"type": "Point", "coordinates": [-68.53, -9.671]}, "properties": {"timestamp": "1996-11-05 22:12:00", "individual": "SW16"}}, {"type": "Feature", "geometry": {"type": "Point", "coordinates": [-66.924, -12.65]}, "properties": {"timestamp": "1996-11-07 05:12:00", "individual": "SW16"}}, {"type": "Feature", "geometry": {"type": "Point", "coordinates": [-65.919, -15.806]}, "properties": {"timestamp": "1996-11-08 17:38:00", "individual": "SW16"}}, {"type": "Feature", "geometry": {"type": "Point", "coordinates": [-65.005, -16.888]}, "properties": {"timestamp": "1996-11-09 22:18:00", "individual": "SW16"}}, {"type": "Feature", "geometry": {"type": "Point", "coordinates": [-64.539, -17.066]}, "properties": {"timestamp": "1996-11-11 06:13:00", "individual": "SW16"}}, {"type": "Feature", "geometry": {"type": "Point", "coordinates": [-63.33, -31.373]}, "properties": {"timestamp": "1996-11-16 21:27:00", "individual": "SW16"}}, {"type": "Feature", "geometry": {"type": "Point", "coordinates": [-63.086, -32.864]}, "properties": {"timestamp": "1996-11-22 16:44:00", "individual": "SW16"}}, {"type": "Feature", "geometry": {"type": "Point", "coordinates": [-63.25, -34.606]}, "properties": {"timestamp": "1996-11-28 06:34:00", "individual": "SW16"}}, {"type": "Feature", "geometry": {"type": "Point", "coordinates": [-63.442, -35.913]}, "properties": {"timestamp": "1996-12-03 23:32:00", "individual": "SW16"}}, {"type": "Feature", "geometry": {"type": "Point", "coordinates": [-64.093, -36.022]}, "properties": {"timestamp": "1996-12-04 01:10:00", "individual": "SW16"}}, {"type": "Feature", "geometry": {"type": "Point", "coordinates": [-64.143, -36.172]}, "properties": {"timestamp": "1996-12-09 18:37:00", "individual": "SW16"}}, {"type": "Feature", "geometry": {"type": "Point", "coordinates": [-63.825, -36.534]}, "properties": {"timestamp": "1996-12-15 10:13:00", "individual": "SW16"}}, {"type": "Feature", "geometry": {"type": "Point", "coordinates": [-63.519, -35.884]}, "properties": {"timestamp": "1996-12-21 04:06:00", "individual": "SW16"}}, {"type": "Feature", "geometry": {"type": "Point", "coordinates": [-64.701, -36.676]}, "properties": {"timestamp": "1996-12-26 18:54:00", "individual": "SW16"}}, {"type": "Feature", "geometry": {"type": "Point", "coordinates": [-64.097, -34.543]}, "properties": {"timestamp": "1997-01-01 17:47:00", "individual": "SW16"}}, {"type": "Feature", "geometry": {"type": "Point", "coordinates": [-63.664, -34.471]}, "properties": {"timestamp": "1997-01-07 06:00:00", "individual": "SW16"}}, {"type": "Feature", "geometry": {"type": "Point", "coordinates": [-64.368, -34.334]}, "properties": {"timestamp": "1997-01-12 22:17:00", "individual": "SW16"}}, {"type": "Feature", "geometry": {"type": "Point", "coordinates": [-64.204, -34.412]}, "properties": {"timestamp": "1997-01-13 04:54:00", "individual": "SW16"}}, {"type": "Feature", "geometry": {"type": "Point", "coordinates": [-62.953, -33.334]}, "properties": {"timestamp": "1997-01-18 18:02:00", "individual": "SW16"}}, {"type": "Feature", "geometry": {"type": "Point", "coordinates": [-62.197, -31.829]}, "properties": {"timestamp": "1997-01-24 10:34:00", "individual": "SW16"}}, {"type": "Feature", "geometry": {"type": "Point", "coordinates": [-62.367, -31.681]}, "properties": {"timestamp": "1997-01-30 05:08:00", "individual": "SW16"}}, {"type": "Feature", "geometry": {"type": "Point", "coordinates": [-61.838, -31.743]}, "properties": {"timestamp": "1997-02-10 17:15:00", "individual": "SW16"}}, {"type": "Feature", "geometry": {"type": "Point", "coordinates": [-62.092, -32.015]}, "properties": {"timestamp": "1997-02-16 10:32:00", "individual": "SW16"}}, {"type": "Feature", "geometry": {"type": "Point", "coordinates": [-62.155, -32.011]}, "properties": {"timestamp": "1997-02-22 06:00:00", "individual": "SW16"}}, {"type": "Feature", "geometry": {"type": "Point", "coordinates": [-61.495, -31.451]}, "properties": {"timestamp": "1997-02-27 22:10:00", "individual": "SW16"}}, {"type": "Feature", "geometry": {"type": "Point", "coordinates": [-66.218, -12.172]}, "properties": {"timestamp": "1997-03-05 18:12:00", "individual": "SW16"}}, {"type": "Feature", "geometry": {"type": "Point", "coordinates": [-70.898, -6.277]}, "properties": {"timestamp": "1997-03-11 10:22:00", "individual": "SW16"}}, {"type": "Feature", "geometry": {"type": "Point", "coordinates": [-74.331, 1.248]}, "properties": {"timestamp": "1997-03-17 06:39:00", "individual": "SW16"}}, {"type": "Feature", "geometry": {"type": "Point", "coordinates": [-79.587, 7.267]}, "properties": {"timestamp": "1997-03-22 23:59:00", "individual": "SW16"}}, {"type": "Feature", "geometry": {"type": "Point", "coordinates": [-93.871, 16.873]}, "properties": {"timestamp": "1997-03-28 19:16:00", "individual": "SW16"}}, {"type": "Feature", "geometry": {"type": "Point", "coordinates": [-103.452, 33.821]}, "properties": {"timestamp": "1997-04-09 07:21:00", "individual": "SW16"}}, {"type": "Feature", "geometry": {"type": "Point", "coordinates": [-102.643, 34.178]}, "properties": {"timestamp": "1997-04-15 00:08:00", "individual": "SW16"}}, {"type": "Feature", "geometry": {"type": "Point", "coordinates": [-104.864, 34.403]}, "properties": {"timestamp": "1997-04-20 21:47:00", "individual": "SW16"}}, {"type": "Feature", "geometry": {"type": "Point", "coordinates": [-113.315, 34.712]}, "properties": {"timestamp": "1997-05-02 09:56:00", "individual": "SW16"}}, {"type": "Feature", "geometry": {"type": "Point", "coordinates": [-116.331, 43.417]}, "properties": {"timestamp": "1997-05-19 13:15:00", "individual": "SW16"}}, {"type": "Feature", "geometry": {"type": "Point", "coordinates": [-116.282, 43.45]}, "properties": {"timestamp": "1997-05-31 03:21:00", "individual": "SW16"}}, {"type": "Feature", "geometry": {"type": "Point", "coordinates": [-116.497, 43.344]}, "properties": {"timestamp": "1997-06-05 20:12:00", "individual": "SW16"}}, {"type": "Feature", "geometry": {"type": "Point", "coordinates": [-116.35, 43.43]}, "properties": {"timestamp": "1997-06-06 01:10:00", "individual": "SW16"}}, {"type": "Feature", "geometry": {"type": "Point", "coordinates": [-116.209, 43.352]}, "properties": {"timestamp": "1997-06-11 12:40:00", "individual": "SW16"}}, {"type": "Feature", "geometry": {"type": "Point", "coordinates": [-116.331, 43.443]}, "properties": {"timestamp": "1997-06-17 09:48:00", "individual": "SW16"}}, {"type": "Feature", "geometry": {"type": "Point", "coordinates": [-116.377, 43.382]}, "properties": {"timestamp": "1997-06-29 01:06:00", "individual": "SW16"}}, {"type": "Feature", "geometry": {"type": "Point", "coordinates": [-119.83, 45.69]}, "properties": {"timestamp": "1996-08-06 00:00:00", "individual": "SW17"}}, {"type": "Feature", "geometry": {"type": "Point", "coordinates": [-117.913, 45.257]}, "properties": {"timestamp": "1996-08-12 09:03:00", "individual": "SW17"}}, {"type": "Feature", "geometry": {"type": "Point", "coordinates": [-113.593, 42.769]}, "properties": {"timestamp": "1996-08-19 00:36:00", "individual": "SW17"}}, {"type": "Feature", "geometry": {"type": "Point", "coordinates": [-112.847, 42.5]}, "properties": {"timestamp": "1996-08-25 21:34:00", "individual": "SW17"}}, {"type": "Feature", "geometry": {"type": "Point", "coordinates": [-113.543, 42.843]}, "properties": {"timestamp": "1996-08-26 01:21:00", "individual": "SW17"}}, {"type": "Feature", "geometry": {"type": "Point", "coordinates": [-113.705, 42.999]}, "properties": {"timestamp": "1996-09-01 20:17:00", "individual": "SW17"}}, {"type": "Feature", "geometry": {"type": "Point", "coordinates": [-114.301, 42.495]}, "properties": {"timestamp": "1996-09-02 00:29:00", "individual": "SW17"}}, {"type": "Feature", "geometry": {"type": "Point", "coordinates": [-113.564, 42.391]}, "properties": {"timestamp": "1996-09-08 15:35:00", "individual": "SW17"}}, {"type": "Feature", "geometry": {"type": "Point", "coordinates": [-111.375, 41.305]}, "properties": {"timestamp": "1996-09-15 11:16:00", "individual": "SW17"}}, {"type": "Feature", "geometry": {"type": "Point", "coordinates": [-101.433, 38.095]}, "properties": {"timestamp": "1996-09-22 08:23:00", "individual": "SW17"}}, {"type": "Feature", "geometry": {"type": "Point", "coordinates": [-101.742, 38.063]}, "properties": {"timestamp": "1996-09-23 19:38:00", "individual": "SW17"}}, {"type": "Feature", "geometry": {"type": "Point", "coordinates": [-101.592, 38.176]}, "properties": {"timestamp": "1996-09-24 00:47:00", "individual": "SW17"}}, {"type": "Feature", "geometry": {"type": "Point", "coordinates": [-101.646, 38.166]}, "properties": {"timestamp": "1996-09-25 09:30:00", "individual": "SW17"}}, {"type": "Feature", "geometry": {"type": "Point", "coordinates": [-101.526, 38.197]}, "properties": {"timestamp": "1996-09-26 15:41:00", "individual": "SW17"}}, {"type": "Feature", "geometry": {"type": "Point", "coordinates": [-100.825, 36.185]}, "properties": {"timestamp": "1996-09-28 00:57:00", "individual": "SW17"}}, {"type": "Feature", "geometry": {"type": "Point", "coordinates": [-99.691, 35.109]}, "properties": {"timestamp": "1996-09-29 12:54:00", "individual": "SW17"}}, {"type": "Feature", "geometry": {"type": "Point", "coordinates": [-99.727, 33.931]}, "properties": {"timestamp": "1996-09-30 23:53:00", "individual": "SW17"}}, {"type": "Feature", "geometry": {"type": "Point", "coordinates": [-99.787, 33.902]}, "properties": {"timestamp": "1996-10-01 01:32:00", "individual": "SW17"}}, {"type": "Feature", "geometry": {"type": "Point", "coordinates": [-99.731, 33.845]}, "properties": {"timestamp": "1996-10-02 13:29:00", "individual": "SW17"}}, {"type": "Feature", "geometry": {"type": "Point", "coordinates": [-99.668, 31.538]}, "properties": {"timestamp": "1996-10-03 19:27:00", "individual": "SW17"}}, {"type": "Feature", "geometry": {"type": "Point", "coordinates": [-99.722, 31.226]}, "properties": {"timestamp": "1996-10-05 09:25:00", "individual": "SW17"}}, {"type": "Feature", "geometry": {"type": "Point", "coordinates": [-99.737, 31.099]}, "properties": {"timestamp": "1996-10-06 15:25:00", "individual": "SW17"}}, {"type": "Feature", "geometry": {"type": "Point", "coordinates": [-98.297, 23.105]}, "properties": {"timestamp": "1996-10-07 22:01:00", "individual": "SW17"}}, {"type": "Feature", "geometry": {"type": "Point", "coordinates": [-98.337, 22.31]}, "properties": {"timestamp": "1996-10-08 00:39:00", "individual": "SW17"}}, {"type": "Feature", "geometry": {"type": "Point", "coordinates": [-96.721, 19.72]}, "properties": {"timestamp": "1996-10-09 12:40:00", "individual": "SW17"}}, {"type": "Feature", "geometry": {"type": "Point", "coordinates": [-96.063, 17.764]}, "properties": {"timestamp": "1996-10-10 19:47:00", "individual": "SW17"}}, {"type": "Feature", "geometry": {"type": "Point", "coordinates": [-95.17, 16.72]}, "properties": {"timestamp": "1996-10-11 01:10:00", "individual": "SW17"}}, {"type": "Feature", "geometry": {"type": "Point", "coordinates": [-92.714, 15.395]}, "properties": {"timestamp": "1996-10-12 08:11:00", "individual": "SW17"}}, {"type": "Feature", "geometry": {"type": "Point", "coordinates": [-89.592, 13.9]}, "properties": {"timestamp": "1996-10-13 20:54:00", "individual": "SW17"}}, {"type": "Feature", "geometry": {"type": "Point", "coordinates": [-87.335, 13.432]}, "properties": {"timestamp": "1996-10-15 01:22:00", "individual": "SW17"}}, {"type": "Feature", "geometry": {"type": "Point", "coordinates": [-85.811, 12.657]}, "properties": {"timestamp": "1996-10-16 13:30:00", "individual": "SW17"}}, {"type": "Feature", "geometry": {"type": "Point", "coordinates": [-84.491, 10.843]}, "properties": {"timestamp": "1996-10-17 20:07:00", "individual": "SW17"}}, {"type": "Feature", "geometry": {"type": "Point", "coordinates": [-82.452, 8.711]}, "properties": {"timestamp": "1996-10-19 10:44:00", "individual": "SW17"}}, {"type": "Feature", "geometry": {"type": "Point", "coordinates": [-80.23, 8.977]}, "properties": {"timestamp": "1996-10-20 17:55:00", "individual": "SW17"}}, {"type": "Feature", "geometry": {"type": "Point", "coordinates": [-76.928, 7.101]}, "properties": {"timestamp": "1996-10-23 17:20:00", "individual": "SW17"}}, {"type": "Feature", "geometry": {"type": "Point", "coordinates": [-75.955, 4.121]}, "properties": {"timestamp": "1996-10-24 23:18:00", "individual": "SW17"}}, {"type": "Feature", "geometry": {"type": "Point", "coordinates": [-75.574, 2.576]}, "properties": {"timestamp": "1996-10-26 07:22:00", "individual": "SW17"}}, {"type": "Feature", "geometry": {"type": "Point", "coordinates": [-75.371, 0.903]}, "properties": {"timestamp": "1996-10-27 18:13:00", "individual": "SW17"}}, {"type": "Feature", "geometry": {"type": "Point", "coordinates": [-74.192, -0.612]}, "properties": {"timestamp": "1996-10-29 06:51:00", "individual": "SW17"}}, {"type": "Feature", "geometry": {"type": "Point", "coordinates": [-71.921, -4.982]}, "properties": {"timestamp": "1996-11-01 06:19:00", "individual": "SW17"}}, {"type": "Feature", "geometry": {"type": "Point", "coordinates": [-70.428, -7.654]}, "properties": {"timestamp": "1996-11-02 10:44:00", "individual": "SW17"}}, {"type": "Feature", "geometry": {"type": "Point", "coordinates": [-66.649, -12.927]}, "properties": {"timestamp": "1996-11-03 22:55:00", "individual": "SW17"}}, {"type": "Feature", "geometry": {"type": "Point", "coordinates": [-66.534, -12.902]}, "properties": {"timestamp": "1996-11-05 05:38:00", "individual": "SW17"}}, {"type": "Feature", "geometry": {"type": "Point", "coordinates": [-62.944, -18.6]}, "properties": {"timestamp": "1996-11-06 17:59:00", "individual": "SW17"}}, {"type": "Feature", "geometry": {"type": "Point", "coordinates": [-61.923, -22.796]}, "properties": {"timestamp": "1996-11-08 05:08:00", "individual": "SW17"}}, {"type": "Feature", "geometry": {"type": "Point", "coordinates": [-62.25, -25.046]}, "properties": {"timestamp": "1996-11-09 11:34:00", "individual": "SW17"}}, {"type": "Feature", "geometry": {"type": "Point", "coordinates": [-61.225, -27.701]}, "properties": {"timestamp": "1996-11-10 21:59:00", "individual": "SW17"}}, {"type": "Feature", "geometry": {"type": "Point", "coordinates": [-61.754, -27.398]}, "properties": {"timestamp": "1996-11-11 01:16:00", "individual": "SW17"}}, {"type": "Feature", "geometry": {"type": "Point", "coordinates": [-62.592, -30.202]}, "properties": {"timestamp": "1996-11-12 07:43:00", "individual": "SW17"}}, {"type": "Feature", "geometry": {"type": "Point", "coordinates": [-62.353, -32.771]}, "properties": {"timestamp": "1996-11-13 18:24:00", "individual": "SW17"}}, {"type": "Feature", "geometry": {"type": "Point", "coordinates": [-62.287, -32.911]}, "properties": {"timestamp": "1996-11-14 00:10:00", "individual": "SW17"}}, {"type": "Feature", "geometry": {"type": "Point", "coordinates": [-62.414, -32.615]}, "properties": {"timestamp": "1996-11-15 03:52:00", "individual": "SW17"}}, {"type": "Feature", "geometry": {"type": "Point", "coordinates": [-62.59, -32.772]}, "properties": {"timestamp": "1996-11-16 17:49:00", "individual": "SW17"}}, {"type": "Feature", "geometry": {"type": "Point", "coordinates": [-62.955, -32.755]}, "properties": {"timestamp": "1996-11-18 05:03:00", "individual": "SW17"}}, {"type": "Feature", "geometry": {"type": "Point", "coordinates": [-64.559, -34.363]}, "properties": {"timestamp": "1996-11-24 05:38:00", "individual": "SW17"}}, {"type": "Feature", "geometry": {"type": "Point", "coordinates": [-63.48, -35.375]}, "properties": {"timestamp": "1996-11-30 06:14:00", "individual": "SW17"}}, {"type": "Feature", "geometry": {"type": "Point", "coordinates": [-63.721, -35.279]}, "properties": {"timestamp": "1996-12-06 06:48:00", "individual": "SW17"}}, {"type": "Feature", "geometry": {"type": "Point", "coordinates": [-63.585, -34.445]}, "properties": {"timestamp": "1996-12-12 07:22:00", "individual": "SW17"}}, {"type": "Feature", "geometry": {"type": "Point", "coordinates": [-64.245, -34.321]}, "properties": {"timestamp": "1996-12-18 10:44:00", "individual": "SW17"}}, {"type": "Feature", "geometry": {"type": "Point", "coordinates": [-64.216, -34.313]}, "properties": {"timestamp": "1996-12-24 10:14:00", "individual": "SW17"}}, {"type": "Feature", "geometry": {"type": "Point", "coordinates": [-63.791, -33.765]}, "properties": {"timestamp": "1997-01-11 17:40:00", "individual": "SW17"}}, {"type": "Feature", "geometry": {"type": "Point", "coordinates": [-63.861, -33.849]}, "properties": {"timestamp": "1997-01-17 19:56:00", "individual": "SW17"}}, {"type": "Feature", "geometry": {"type": "Point", "coordinates": [-63.502, -33.664]}, "properties": {"timestamp": "1997-02-04 23:53:00", "individual": "SW17"}}, {"type": "Feature", "geometry": {"type": "Point", "coordinates": [-63.536, -33.561]}, "properties": {"timestamp": "1997-02-05 04:05:00", "individual": "SW17"}}, {"type": "Feature", "geometry": {"type": "Point", "coordinates": [-63.635, -33.34]}, "properties": {"timestamp": "1997-02-11 01:05:00", "individual": "SW17"}}, {"type": "Feature", "geometry": {"type": "Point", "coordinates": [-62.724, -32.455]}, "properties": {"timestamp": "1997-02-17 05:14:00", "individual": "SW17"}}, {"type": "Feature", "geometry": {"type": "Point", "coordinates": [-61.928, -31.588]}, "properties": {"timestamp": "1997-02-23 04:07:00", "individual": "SW17"}}, {"type": "Feature", "geometry": {"type": "Point", "coordinates": [-62.124, -26.146]}, "properties": {"timestamp": "1997-03-01 06:21:00", "individual": "SW17"}}, {"type": "Feature", "geometry": {"type": "Point", "coordinates": [-65.14, -11.008]}, "properties": {"timestamp": "1997-03-07 10:10:00", "individual": "SW17"}}, {"type": "Feature", "geometry": {"type": "Point", "coordinates": [-69.01, -6.086]}, "properties": {"timestamp": "1997-03-13 11:16:00", "individual": "SW17"}}, {"type": "Feature", "geometry": {"type": "Point", "coordinates": [-72.321, 0.017]}, "properties": {"timestamp": "1997-03-19 12:28:00", "individual": "SW17"}}, {"type": "Feature", "geometry": {"type": "Point", "coordinates": [-76.95, 7.621]}, "properties": {"timestamp": "1997-03-25 19:42:00", "individual": "SW17"}}, {"type": "Feature", "geometry": {"type": "Point", "coordinates": [-91.134, 14.333]}, "properties": {"timestamp": "1997-03-31 18:38:00", "individual": "SW17"}}, {"type": "Feature", "geometry": {"type": "Point", "coordinates": [-100.717, 28.472]}, "properties": {"timestamp": "1997-04-06 20:56:00", "individual": "SW17"}}, {"type": "Feature", "geometry": {"type": "Point", "coordinates": [-109.437, 31.05]}, "properties": {"timestamp": "1997-04-12 21:32:00", "individual": "SW17"}}, {"type": "Feature", "geometry": {"type": "Point", "coordinates": [-110.124, 31.418]}, "properties": {"timestamp": "1997-04-13 00:48:00", "individual": "SW17"}}, {"type": "Feature", "geometry": {"type": "Point", "coordinates": [-120.664, 37.669]}, "properties": {"timestamp": "1997-04-18 22:13:00", "individual": "SW17"}}, {"type": "Feature", "geometry": {"type": "Point", "coordinates": [-120.554, 37.804]}, "properties": {"timestamp": "1997-04-19 00:20:00", "individual": "SW17"}}, {"type": "Feature", "geometry": {"type": "Point", "coordinates": [-119.809, 45.719]}, "properties": {"timestamp": "1997-04-25 01:32:00", "individual": "SW17"}}, {"type": "Feature", "geometry": {"type": "Point", "coordinates": [-119.833, 45.688]}, "properties": {"timestamp": "1997-05-01 02:39:00", "individual": "SW17"}}, {"type": "Feature", "geometry": {"type": "Point", "coordinates": [-119.914, 45.699]}, "properties": {"timestamp": "1997-05-13 11:13:00", "individual": "SW17"}}, {"type": "Feature", "geometry": {"type": "Point", "coordinates": [-119.819, 45.67]}, "properties": {"timestamp": "1997-05-19 10:04:00", "individual": "SW17"}}, {"type": "Feature", "geometry": {"type": "Point", "coordinates": [-119.659, 45.584]}, "properties": {"timestamp": "1997-05-25 12:23:00", "individual": "SW17"}}, {"type": "Feature", "geometry": {"type": "Point", "coordinates": [-119.87, 45.666]}, "properties": {"timestamp": "1997-05-31 13:55:00", "individual": "SW17"}}, {"type": "Feature", "geometry": {"type": "Point", "coordinates": [-119.842, 45.708]}, "properties": {"timestamp": "1997-06-06 16:41:00", "individual": "SW17"}}, {"type": "Feature", "geometry": {"type": "Point", "coordinates": [-119.666, 45.732]}, "properties": {"timestamp": "1997-06-12 20:37:00", "individual": "SW17"}}, {"type": "Feature", "geometry": {"type": "Point", "coordinates": [-119.837, 45.691]}, "properties": {"timestamp": "1997-06-18 22:48:00", "individual": "SW17"}}, {"type": "Feature", "geometry": {"type": "Point", "coordinates": [-119.873, 45.688]}, "properties": {"timestamp": "1997-06-19 01:25:00", "individual": "SW17"}}, {"type": "Feature", "geometry": {"type": "Point", "coordinates": [-119.862, 45.752]}, "properties": {"timestamp": "1997-06-24 23:25:00", "individual": "SW17"}}, {"type": "Feature", "geometry": {"type": "Point", "coordinates": [-119.806, 45.632]}, "properties": {"timestamp": "1997-06-25 00:52:00", "individual": "SW17"}}, {"type": "Feature", "geometry": {"type": "Point", "coordinates": [-121.96, 41.85]}, "properties": {"timestamp": "1996-09-06 00:00:00", "individual": "SW18"}}, {"type": "Feature", "geometry": {"type": "Point", "coordinates": [-121.06, 40.251]}, "properties": {"timestamp": "1996-09-08 09:11:00", "individual": "SW18"}}, {"type": "Feature", "geometry": {"type": "Point", "coordinates": [-120.221, 36.445]}, "properties": {"timestamp": "1996-09-15 02:24:00", "individual": "SW18"}}, {"type": "Feature", "geometry": {"type": "Point", "coordinates": [-119.907, 36.421]}, "properties": {"timestamp": "1996-09-23 09:54:00", "individual": "SW18"}}, {"type": "Feature", "geometry": {"type": "Point", "coordinates": [-119.222, 36.125]}, "properties": {"timestamp": "1996-09-24 14:47:00", "individual": "SW18"}}, {"type": "Feature", "geometry": {"type": "Point", "coordinates": [-119.169, 35.382]}, "properties": {"timestamp": "1996-09-26 00:03:00", "individual": "SW18"}}, {"type": "Feature", "geometry": {"type": "Point", "coordinates": [-115.721, 33.578]}, "properties": {"timestamp": "1996-09-27 13:39:00", "individual": "SW18"}}, {"type": "Feature", "geometry": {"type": "Point", "coordinates": [-114.537, 33.565]}, "properties": {"timestamp": "1996-09-28 20:21:00", "individual": "SW18"}}, {"type": "Feature", "geometry": {"type": "Point", "coordinates": [-114.609, 33.543]}, "properties": {"timestamp": "1996-09-29 02:16:00", "individual": "SW18"}}, {"type": "Feature", "geometry": {"type": "Point", "coordinates": [-114.03, 32.64]}, "properties": {"timestamp": "1996-09-30 08:38:00", "individual": "SW18"}}, {"type": "Feature", "geometry": {"type": "Point", "coordinates": [-109.232, 27.285]}, "properties": {"timestamp": "1996-10-03 02:27:00", "individual": "SW18"}}, {"type": "Feature", "geometry": {"type": "Point", "coordinates": [-109.054, 27.251]}, "properties": {"timestamp": "1996-10-04 09:35:00", "individual": "SW18"}}, {"type": "Feature", "geometry": {"type": "Point", "coordinates": [-108.93, 26.171]}, "properties": {"timestamp": "1996-10-05 20:41:00", "individual": "SW18"}}, {"type": "Feature", "geometry": {"type": "Point", "coordinates": [-108.588, 25.884]}, "properties": {"timestamp": "1996-10-07 09:02:00", "individual": "SW18"}}, {"type": "Feature", "geometry": {"type": "Point", "coordinates": [-108.543, 25.882]}, "properties": {"timestamp": "1996-10-08 14:41:00", "individual": "SW18"}}, {"type": "Feature", "geometry": {"type": "Point", "coordinates": [-108.582, 26.009]}, "properties": {"timestamp": "1996-10-09 21:38:00", "individual": "SW18"}}, {"type": "Feature", "geometry": {"type": "Point", "coordinates": [-108.399, 26.084]}, "properties": {"timestamp": "1996-10-10 01:33:00", "individual": "SW18"}}, {"type": "Feature", "geometry": {"type": "Point", "coordinates": [-108.32, 26.073]}, "properties": {"timestamp": "1996-10-11 10:00:00", "individual": "SW18"}}, {"type": "Feature", "geometry": {"type": "Point", "coordinates": [-109.799, 25.595]}, "properties": {"timestamp": "1996-10-12 21:06:00", "individual": "SW18"}}, {"type": "Feature", "geometry": {"type": "Point", "coordinates": [-107.191, 24.893]}, "properties": {"timestamp": "1996-10-14 01:47:00", "individual": "SW18"}}, {"type": "Feature", "geometry": {"type": "Point", "coordinates": [-105.646, 26.49]}, "properties": {"timestamp": "1996-10-15 15:29:00", "individual": "SW18"}}, {"type": "Feature", "geometry": {"type": "Point", "coordinates": [-99.654, 21.875]}, "properties": {"timestamp": "1996-10-16 22:01:00", "individual": "SW18"}}, {"type": "Feature", "geometry": {"type": "Point", "coordinates": [-100.339, 21.95]}, "properties": {"timestamp": "1996-10-17 00:40:00", "individual": "SW18"}}, {"type": "Feature", "geometry": {"type": "Point", "coordinates": [-96.107, 16.835]}, "properties": {"timestamp": "1996-10-19 19:46:00", "individual": "SW18"}}, {"type": "Feature", "geometry": {"type": "Point", "coordinates": [-93.198, 15.49]}, "properties": {"timestamp": "1996-10-21 08:13:00", "individual": "SW18"}}, {"type": "Feature", "geometry": {"type": "Point", "coordinates": [-92.702, 14.742]}, "properties": {"timestamp": "1996-10-22 13:00:00", "individual": "SW18"}}, {"type": "Feature", "geometry": {"type": "Point", "coordinates": [-87.456, 13.601]}, "properties": {"timestamp": "1996-10-23 23:47:00", "individual": "SW18"}}, {"type": "Feature", "geometry": {"type": "Point", "coordinates": [-87.196, 12.106]}, "properties": {"timestamp": "1996-10-25 09:11:00", "individual": "SW18"}}, {"type": "Feature", "geometry": {"type": "Point", "coordinates": [-85.442, 11.652]}, "properties": {"timestamp": "1996-10-26 18:32:00", "individual": "SW18"}}, {"type": "Feature", "geometry": {"type": "Point", "coordinates": [-81.476, 8.865]}, "properties": {"timestamp": "1996-10-30 22:52:00", "individual": "SW18"}}, {"type": "Feature", "geometry": {"type": "Point", "coordinates": [-81.524, 8.785]}, "properties": {"timestamp": "1996-10-31 00:27:00", "individual": "SW18"}}, {"type": "Feature", "geometry": {"type": "Point", "coordinates": [-79.654, 9.025]}, "properties": {"timestamp": "1996-11-01 07:53:00", "individual": "SW18"}}, {"type": "Feature", "geometry": {"type": "Point", "coordinates": [-76.994, 8.205]}, "properties": {"timestamp": "1996-11-02 18:56:00", "individual": "SW18"}}, {"type": "Feature", "geometry": {"type": "Point", "coordinates": [-74.183, 5.214]}, "properties": {"timestamp": "1996-11-05 11:11:00", "individual": "SW18"}}, {"type": "Feature", "geometry": {"type": "Point", "coordinates": [-74.152, 1.829]}, "properties": {"timestamp": "1996-11-06 19:46:00", "individual": "SW18"}}, {"type": "Feature", "geometry": {"type": "Point", "coordinates": [-73.886, -0.613]}, "properties": {"timestamp": "1996-11-08 06:40:00", "individual": "SW18"}}, {"type": "Feature", "geometry": {"type": "Point", "coordinates": [-72.87, -2.784]}, "properties": {"timestamp": "1996-11-09 17:32:00", "individual": "SW18"}}, {"type": "Feature", "geometry": {"type": "Point", "coordinates": [-70.493, -5.23]}, "properties": {"timestamp": "1996-11-12 10:20:00", "individual": "SW18"}}, {"type": "Feature", "geometry": {"type": "Point", "coordinates": [-70.45, -7.215]}, "properties": {"timestamp": "1996-11-13 18:24:00", "individual": "SW18"}}, {"type": "Feature", "geometry": {"type": "Point", "coordinates": [-68.85, -9.666]}, "properties": {"timestamp": "1996-11-15 05:27:00", "individual": "SW18"}}, {"type": "Feature", "geometry": {"type": "Point", "coordinates": [-67.092, -11.598]}, "properties": {"timestamp": "1996-11-16 12:17:00", "individual": "SW18"}}, {"type": "Feature", "geometry": {"type": "Point", "coordinates": [-63.698, -14.448]}, "properties": {"timestamp": "1996-11-22 16:49:00", "individual": "SW18"}}, {"type": "Feature", "geometry": {"type": "Point", "coordinates": [-62.908, -30.162]}, "properties": {"timestamp": "1996-11-28 11:22:00", "individual": "SW18"}}, {"type": "Feature", "geometry": {"type": "Point", "coordinates": [-64.4, -35.644]}, "properties": {"timestamp": "1996-12-04 10:50:00", "individual": "SW18"}}, {"type": "Feature", "geometry": {"type": "Point", "coordinates": [-63.984, -35.259]}, "properties": {"timestamp": "1996-12-16 17:21:00", "individual": "SW18"}}, {"type": "Feature", "geometry": {"type": "Point", "coordinates": [-64.433, -35.081]}, "properties": {"timestamp": "1997-01-03 17:28:00", "individual": "SW18"}}, {"type": "Feature", "geometry": {"type": "Point", "coordinates": [-64.401, -35.212]}, "properties": {"timestamp": "1997-01-15 16:56:00", "individual": "SW18"}}, {"type": "Feature", "geometry": {"type": "Point", "coordinates": [-63.37, -34.132]}, "properties": {"timestamp": "1997-01-27 09:30:00", "individual": "SW18"}}, {"type": "Feature", "geometry": {"type": "Point", "coordinates": [-63.391, -33.264]}, "properties": {"timestamp": "1997-02-02 08:56:00", "individual": "SW18"}}, {"type": "Feature", "geometry": {"type": "Point", "coordinates": [-63.978, -33.526]}, "properties": {"timestamp": "1997-02-08 06:55:00", "individual": "SW18"}}, {"type": "Feature", "geometry": {"type": "Point", "coordinates": [-63.15, -31.356]}, "properties": {"timestamp": "1997-02-14 07:27:00", "individual": "SW18"}}, {"type": "Feature", "geometry": {"type": "Point", "coordinates": [-62.919, -31.399]}, "properties": {"timestamp": "1997-02-20 10:42:00", "individual": "SW18"}}, {"type": "Feature", "geometry": {"type": "Point", "coordinates": [-62.592, -28.066]}, "properties": {"timestamp": "1997-02-26 06:56:00", "individual": "SW18"}}, {"type": "Feature", "geometry": {"type": "Point", "coordinates": [-65.468, -11.916]}, "properties": {"timestamp": "1997-03-04 05:46:00", "individual": "SW18"}}, {"type": "Feature", "geometry": {"type": "Point", "coordinates": [-70.164, -5.511]}, "properties": {"timestamp": "1997-03-10 06:15:00", "individual": "SW18"}}, {"type": "Feature", "geometry": {"type": "Point", "coordinates": [-68.548, -1.088]}, "properties": {"timestamp": "1997-03-16 06:51:00", "individual": "SW18"}}, {"type": "Feature", "geometry": {"type": "Point", "coordinates": [-75.149, 5.745]}, "properties": {"timestamp": "1997-03-22 07:26:00", "individual": "SW18"}}, {"type": "Feature", "geometry": {"type": "Point", "coordinates": [-90.45, 14.425]}, "properties": {"timestamp": "1997-03-28 01:34:00", "individual": "SW18"}}, {"type": "Feature", "geometry": {"type": "Point", "coordinates": [-100.626, 20.007]}, "properties": {"timestamp": "1997-04-02 23:26:00", "individual": "SW18"}}, {"type": "Feature", "geometry": {"type": "Point", "coordinates": [-101.334, 20.94]}, "properties": {"timestamp": "1997-04-03 02:44:00", "individual": "SW18"}}, {"type": "Feature", "geometry": {"type": "Point", "coordinates": [-107.464, 25.062]}, "properties": {"timestamp": "1997-04-09 00:34:00", "individual": "SW18"}}, {"type": "Feature", "geometry": {"type": "Point", "coordinates": [-116.99, 33.85]}, "properties": {"timestamp": "1997-04-15 03:26:00", "individual": "SW18"}}, {"type": "Feature", "geometry": {"type": "Point", "coordinates": [-121.315, 40.919]}, "properties": {"timestamp": "1997-04-20 23:31:00", "individual": "SW18"}}, {"type": "Feature", "geometry": {"type": "Point", "coordinates": [-121.63, 41.991]}, "properties": {"timestamp": "1997-04-21 01:18:00", "individual": "SW18"}}, {"type": "Feature", "geometry": {"type": "Point", "coordinates": [-117.99, 45.26]}, "properties": {"timestamp": "1996-08-26 00:00:00", "individual": "SW19"}}, {"type": "Feature", "geometry": {"type": "Point", "coordinates": [-117.999, 45.252]}, "properties": {"timestamp": "1996-08-30 03:14:00", "individual": "SW19"}}, {"type": "Feature", "geometry": {"type": "Point", "coordinates": [-117.817, 45.277]}, "properties": {"timestamp": "1996-09-19 16:34:00", "individual": "SW19"}}, {"type": "Feature", "geometry": {"type": "Point", "coordinates": [-117.072, 44.248]}, "properties": {"timestamp": "1996-09-22 10:03:00", "individual": "SW19"}}, {"type": "Feature", "geometry": {"type": "Point", "coordinates": [-114.268, 42.678]}, "properties": {"timestamp": "1996-09-25 02:07:00", "individual": "SW19"}}, {"type": "Feature", "geometry": {"type": "Point", "coordinates": [-114.152, 42.628]}, "properties": {"timestamp": "1996-09-27 20:36:00", "individual": "SW19"}}, {"type": "Feature", "geometry": {"type": "Point", "coordinates": [-114.316, 42.635]}, "properties": {"timestamp": "1996-09-28 01:01:00", "individual": "SW19"}}, {"type": "Feature", "geometry": {"type": "Point", "coordinates": [-114.239, 42.562]}, "properties": {"timestamp": "1996-09-30 14:14:00", "individual": "SW19"}}, {"type": "Feature", "geometry": {"type": "Point", "coordinates": [-113.837, 42.566]}, "properties": {"timestamp": "1996-10-03 09:45:00", "individual": "SW19"}}, {"type": "Feature", "geometry": {"type": "Point", "coordinates": [-110.464, 40.349]}, "properties": {"timestamp": "1996-10-06 01:25:00", "individual": "SW19"}}, {"type": "Feature", "geometry": {"type": "Point", "coordinates": [-106.592, 35.681]}, "properties": {"timestamp": "1996-10-08 21:54:00", "individual": "SW19"}}, {"type": "Feature", "geometry": {"type": "Point", "coordinates": [-106.056, 35.422]}, "properties": {"timestamp": "1996-10-09 00:19:00", "individual": "SW19"}}, {"type": "Feature", "geometry": {"type": "Point", "coordinates": [-105.335, 34.527]}, "properties": {"timestamp": "1996-10-11 13:35:00", "individual": "SW19"}}, {"type": "Feature", "geometry": {"type": "Point", "coordinates": [-103.948, 31.657]}, "properties": {"timestamp": "1996-10-14 07:46:00", "individual": "SW19"}}, {"type": "Feature", "geometry": {"type": "Point", "coordinates": [-101.404, 28.195]}, "properties": {"timestamp": "1996-10-17 00:43:00", "individual": "SW19"}}, {"type": "Feature", "geometry": {"type": "Point", "coordinates": [-99.853, 25.319]}, "properties": {"timestamp": "1996-10-19 19:52:00", "individual": "SW19"}}, {"type": "Feature", "geometry": {"type": "Point", "coordinates": [-98.695, 22.695]}, "properties": {"timestamp": "1996-10-22 09:40:00", "individual": "SW19"}}, {"type": "Feature", "geometry": {"type": "Point", "coordinates": [-96.163, 19.015]}, "properties": {"timestamp": "1996-10-25 07:24:00", "individual": "SW19"}}, {"type": "Feature", "geometry": {"type": "Point", "coordinates": [-92.279, 14.101]}, "properties": {"timestamp": "1996-10-27 21:40:00", "individual": "SW19"}}, {"type": "Feature", "geometry": {"type": "Point", "coordinates": [-88.719, 13.356]}, "properties": {"timestamp": "1996-10-30 19:29:00", "individual": "SW19"}}, {"type": "Feature", "geometry": {"type": "Point", "coordinates": [-86.995, 12.671]}, "properties": {"timestamp": "1996-11-02 13:58:00", "individual": "SW19"}}, {"type": "Feature", "geometry": {"type": "Point", "coordinates": [-83.596, 9.767]}, "properties": {"timestamp": "1996-11-08 00:55:00", "individual": "SW19"}}, {"type": "Feature", "geometry": {"type": "Point", "coordinates": [-81.269, 8.626]}, "properties": {"timestamp": "1996-11-10 19:05:00", "individual": "SW19"}}, {"type": "Feature", "geometry": {"type": "Point", "coordinates": [-76.391, 8.199]}, "properties": {"timestamp": "1996-11-16 01:20:00", "individual": "SW19"}}, {"type": "Feature", "geometry": {"type": "Point", "coordinates": [-75.138, -1.002]}, "properties": {"timestamp": "1996-11-22 05:50:00", "individual": "SW19"}}, {"type": "Feature", "geometry": {"type": "Point", "coordinates": [-69.74, -10.724]}, "properties": {"timestamp": "1996-11-28 06:24:00", "individual": "SW19"}}, {"type": "Feature", "geometry": {"type": "Point", "coordinates": [-62.693, -22.011]}, "properties": {"timestamp": "1996-12-04 05:24:00", "individual": "SW19"}}, {"type": "Feature", "geometry": {"type": "Point", "coordinates": [-62.033, -29.615]}, "properties": {"timestamp": "1996-12-10 04:20:00", "individual": "SW19"}}, {"type": "Feature", "geometry": {"type": "Point", "coordinates": [-61.88, -30.865]}, "properties": {"timestamp": "1996-12-16 04:57:00", "individual": "SW19"}}, {"type": "Feature", "geometry": {"type": "Point", "coordinates": [-62.313, -31.921]}, "properties": {"timestamp": "1996-12-22 05:29:00", "individual": "SW19"}}, {"type": "Feature", "geometry": {"type": "Point", "coordinates": [-62.125, -31.873]}, "properties": {"timestamp": "1996-12-28 06:05:00", "individual": "SW19"}}, {"type": "Feature", "geometry": {"type": "Point", "coordinates": [-62.259, -31.974]}, "properties": {"timestamp": "1997-01-03 06:38:00", "individual": "SW19"}}, {"type": "Feature", "geometry": {"type": "Point", "coordinates": [-62.762, -31.484]}, "properties": {"timestamp": "1997-01-09 07:16:00", "individual": "SW19"}}, {"type": "Feature", "geometry": {"type": "Point", "coordinates": [-63.957, -34.082]}, "properties": {"timestamp": "1997-01-21 10:00:00", "individual": "SW19"}}, {"type": "Feature", "geometry": {"type": "Point", "coordinates": [-63.914, -33.613]}, "properties": {"timestamp": "1997-01-27 11:08:00", "individual": "SW19"}}, {"type": "Feature", "geometry": {"type": "Point", "coordinates": [-61.723, -30.517]}, "properties": {"timestamp": "1997-02-02 17:02:00", "individual": "SW19"}}, {"type": "Feature", "geometry": {"type": "Point", "coordinates": [-61.709, -31.168]}, "properties": {"timestamp": "1997-02-08 17:37:00", "individual": "SW19"}}, {"type": "Feature", "geometry": {"type": "Point", "coordinates": [-61.646, -31.071]}, "properties": {"timestamp": "1997-02-14 18:14:00", "individual": "SW19"}}, {"type": "Feature", "geometry": {"type": "Point", "coordinates": [-62.256, -31.753]}, "properties": {"timestamp": "1997-02-20 20:29:00", "individual": "SW19"}}, {"type": "Feature", "geometry": {"type": "Point", "coordinates": [-62.243, -32.003]}, "properties": {"timestamp": "1997-02-26 17:40:00", "individual": "SW19"}}, {"type": "Feature", "geometry": {"type": "Point", "coordinates": [-61.389, -23.782]}, "properties": {"timestamp": "1997-03-04 18:21:00", "individual": "SW19"}}, {"type": "Feature", "geometry": {"type": "Point", "coordinates": [-64.956, -14.501]}, "properties": {"timestamp": "1997-03-10 18:58:00", "individual": "SW19"}}, {"type": "Feature", "geometry": {"type": "Point", "coordinates": [-66.536, -10.4]}, "properties": {"timestamp": "1997-03-16 22:46:00", "individual": "SW19"}}, {"type": "Feature", "geometry": {"type": "Point", "coordinates": [-68.961, -6.046]}, "properties": {"timestamp": "1997-03-22 22:15:00", "individual": "SW19"}}, {"type": "Feature", "geometry": {"type": "Point", "coordinates": [-72.833, 1.014]}, "properties": {"timestamp": "1997-03-28 23:25:00", "individual": "SW19"}}, {"type": "Feature", "geometry": {"type": "Point", "coordinates": [-72.588, 8.11]}, "properties": {"timestamp": "1997-04-04 06:42:00", "individual": "SW19"}}, {"type": "Feature", "geometry": {"type": "Point", "coordinates": [-80.247, 10.742]}, "properties": {"timestamp": "1997-04-16 07:54:00", "individual": "SW19"}}, {"type": "Feature", "geometry": {"type": "Point", "coordinates": [-86.823, 15.582]}, "properties": {"timestamp": "1997-04-22 08:24:00", "individual": "SW19"}}, {"type": "Feature", "geometry": {"type": "Point", "coordinates": [-95.66, 25.085]}, "properties": {"timestamp": "1997-04-28 08:58:00", "individual": "SW19"}}, {"type": "Feature", "geometry": {"type": "Point", "coordinates": [-102.492, 37.969]}, "properties": {"timestamp": "1997-05-04 09:30:00", "individual": "SW19"}}, {"type": "Feature", "geometry": {"type": "Point", "coordinates": [-116.565, 43.33]}, "properties": {"timestamp": "1997-05-10 10:03:00", "individual": "SW19"}}, {"type": "Feature", "geometry": {"type": "Point", "coordinates": [-117.006, 45.086]}, "properties": {"timestamp": "1997-05-16 10:38:00", "individual": "SW19"}}, {"type": "Feature", "geometry": {"type": "Point", "coordinates": [-117.856, 45.238]}, "properties": {"timestamp": "1997-05-22 11:16:00", "individual": "SW19"}}, {"type": "Feature", "geometry": {"type": "Point", "coordinates": [-117.927, 45.268]}, "properties": {"timestamp": "1997-05-28 11:50:00", "individual": "SW19"}}, {"type": "Feature", "geometry": {"type": "Point", "coordinates": [-118.016, 45.278]}, "properties": {"timestamp": "1997-06-03 12:24:00", "individual": "SW19"}}, {"type": "Feature", "geometry": {"type": "Point", "coordinates": [-117.985, 45.22]}, "properties": {"timestamp": "1997-06-09 13:57:00", "individual": "SW19"}}, {"type": "Feature", "geometry": {"type": "Point", "coordinates": [-118.064, 45.277]}, "properties": {"timestamp": "1997-06-15 15:06:00", "individual": "SW19"}}, {"type": "Feature", "geometry": {"type": "Point", "coordinates": [-117.967, 45.233]}, "properties": {"timestamp": "1997-06-21 20:36:00", "individual": "SW19"}}, {"type": "Feature", "geometry": {"type": "Point", "coordinates": [-118.18, 45.228]}, "properties": {"timestamp": "1997-06-27 21:11:00", "individual": "SW19"}}, {"type": "Feature", "geometry": {"type": "Point", "coordinates": [-116.41, 43.47]}, "properties": {"timestamp": "1997-09-06 00:00:00", "individual": "SW20"}}, {"type": "Feature", "geometry": {"type": "Point", "coordinates": [-116.536, 43.517]}, "properties": {"timestamp": "1997-09-07 14:27:00", "individual": "SW20"}}, {"type": "Feature", "geometry": {"type": "Point", "coordinates": [-112.87, 39.226]}, "properties": {"timestamp": "1997-09-14 10:22:00", "individual": "SW20"}}, {"type": "Feature", "geometry": {"type": "Point", "coordinates": [-107.792, 31.815]}, "properties": {"timestamp": "1997-09-21 09:07:00", "individual": "SW20"}}, {"type": "Feature", "geometry": {"type": "Point", "coordinates": [-107.9, 31.761]}, "properties": {"timestamp": "1997-09-28 02:46:00", "individual": "SW20"}}, {"type": "Feature", "geometry": {"type": "Point", "coordinates": [-107.988, 31.792]}, "properties": {"timestamp": "1997-10-04 21:29:00", "individual": "SW20"}}, {"type": "Feature", "geometry": {"type": "Point", "coordinates": [-107.874, 31.811]}, "properties": {"timestamp": "1997-10-07 11:16:00", "individual": "SW20"}}, {"type": "Feature", "geometry": {"type": "Point", "coordinates": [-107.917, 31.831]}, "properties": {"timestamp": "1997-10-10 08:58:00", "individual": "SW20"}}, {"type": "Feature", "geometry": {"type": "Point", "coordinates": [-105.615, 28.412]}, "properties": {"timestamp": "1997-10-13 00:36:00", "individual": "SW20"}}, {"type": "Feature", "geometry": {"type": "Point", "coordinates": [-100.386, 24.051]}, "properties": {"timestamp": "1997-10-15 19:27:00", "individual": "SW20"}}, {"type": "Feature", "geometry": {"type": "Point", "coordinates": [-98.853, 22.594]}, "properties": {"timestamp": "1997-10-18 09:15:00", "individual": "SW20"}}, {"type": "Feature", "geometry": {"type": "Point", "coordinates": [-98.784, 22.592]}, "properties": {"timestamp": "1997-10-21 08:40:00", "individual": "SW20"}}, {"type": "Feature", "geometry": {"type": "Point", "coordinates": [-96.081, 18.339]}, "properties": {"timestamp": "1997-10-23 21:14:00", "individual": "SW20"}}, {"type": "Feature", "geometry": {"type": "Point", "coordinates": [-95.94, 18.067]}, "properties": {"timestamp": "1997-10-24 01:35:00", "individual": "SW20"}}, {"type": "Feature", "geometry": {"type": "Point", "coordinates": [-92.708, 15.392]}, "properties": {"timestamp": "1997-10-26 13:17:00", "individual": "SW20"}}, {"type": "Feature", "geometry": {"type": "Point", "coordinates": [-87.124, 13.333]}, "properties": {"timestamp": "1997-10-29 12:13:00", "individual": "SW20"}}, {"type": "Feature", "geometry": {"type": "Point", "coordinates": [-63.187, -33.055]}, "properties": {"timestamp": "1997-12-06 20:49:00", "individual": "SW20"}}, {"type": "Feature", "geometry": {"type": "Point", "coordinates": [-63.093, -32.979]}, "properties": {"timestamp": "1997-12-07 01:18:00", "individual": "SW20"}}, {"type": "Feature", "geometry": {"type": "Point", "coordinates": [-65.059, -34.512]}, "properties": {"timestamp": "1997-12-12 21:59:00", "individual": "SW20"}}, {"type": "Feature", "geometry": {"type": "Point", "coordinates": [-65.107, -34.537]}, "properties": {"timestamp": "1997-12-13 01:47:00", "individual": "SW20"}}, {"type": "Feature", "geometry": {"type": "Point", "coordinates": [-65.183, -33.865]}, "properties": {"timestamp": "1997-12-18 23:06:00", "individual": "SW20"}}, {"type": "Feature", "geometry": {"type": "Point", "coordinates": [-65.185, -33.921]}, "properties": {"timestamp": "1997-12-24 22:34:00", "individual": "SW20"}}, {"type": "Feature", "geometry": {"type": "Point", "coordinates": [-65.251, -33.93]}, "properties": {"timestamp": "1997-12-25 05:23:00", "individual": "SW20"}}, {"type": "Feature", "geometry": {"type": "Point", "coordinates": [-65.352, -33.909]}, "properties": {"timestamp": "1997-12-30 23:41:00", "individual": "SW20"}}, {"type": "Feature", "geometry": {"type": "Point", "coordinates": [-65.313, -33.899]}, "properties": {"timestamp": "1997-12-31 01:22:00", "individual": "SW20"}}, {"type": "Feature", "geometry": {"type": "Point", "coordinates": [-63.604, -33.279]}, "properties": {"timestamp": "1998-01-06 01:49:00", "individual": "SW20"}}, {"type": "Feature", "geometry": {"type": "Point", "coordinates": [-64.545, -33.881]}, "properties": {"timestamp": "1998-01-12 00:33:00", "individual": "SW20"}}, {"type": "Feature", "geometry": {"type": "Point", "coordinates": [-63.873, -33.09]}, "properties": {"timestamp": "1998-01-18 00:58:00", "individual": "SW20"}}, {"type": "Feature", "geometry": {"type": "Point", "coordinates": [-62.54, -32.874]}, "properties": {"timestamp": "1998-01-24 04:53:00", "individual": "SW20"}}, {"type": "Feature", "geometry": {"type": "Point", "coordinates": [-62.172, -32.198]}, "properties": {"timestamp": "1998-01-30 05:30:00", "individual": "SW20"}}, {"type": "Feature", "geometry": {"type": "Point", "coordinates": [-62.568, -32.002]}, "properties": {"timestamp": "1998-02-05 06:05:00", "individual": "SW20"}}, {"type": "Feature", "geometry": {"type": "Point", "coordinates": [-62.196, -31.972]}, "properties": {"timestamp": "1998-02-11 02:45:00", "individual": "SW20"}}, {"type": "Feature", "geometry": {"type": "Point", "coordinates": [-62.317, -31.938]}, "properties": {"timestamp": "1998-02-17 05:31:00", "individual": "SW20"}}, {"type": "Feature", "geometry": {"type": "Point", "coordinates": [-61.896, -31.663]}, "properties": {"timestamp": "1998-02-23 06:07:00", "individual": "SW20"}}, {"type": "Feature", "geometry": {"type": "Point", "coordinates": [-61.554, -23.724]}, "properties": {"timestamp": "1998-03-01 04:59:00", "individual": "SW20"}}, {"type": "Feature", "geometry": {"type": "Point", "coordinates": [-62.367, -15.981]}, "properties": {"timestamp": "1998-03-07 05:29:00", "individual": "SW20"}}, {"type": "Feature", "geometry": {"type": "Point", "coordinates": [-65.191, -9.43]}, "properties": {"timestamp": "1998-03-13 06:02:00", "individual": "SW20"}}, {"type": "Feature", "geometry": {"type": "Point", "coordinates": [-67.884, -1.504]}, "properties": {"timestamp": "1998-03-19 06:34:00", "individual": "SW20"}}, {"type": "Feature", "geometry": {"type": "Point", "coordinates": [-96.271, 18.496]}, "properties": {"timestamp": "1998-04-06 09:55:00", "individual": "SW20"}}, {"type": "Feature", "geometry": {"type": "Point", "coordinates": [-100.992, 33.032]}, "properties": {"timestamp": "1998-04-12 08:44:00", "individual": "SW20"}}, {"type": "Feature", "geometry": {"type": "Point", "coordinates": [-99.529, 32.208]}, "properties": {"timestamp": "1998-04-18 07:38:00", "individual": "SW20"}}, {"type": "Feature", "geometry": {"type": "Point", "coordinates": [-110.601, 33.927]}, "properties": {"timestamp": "1998-04-24 09:53:00", "individual": "SW20"}}, {"type": "Feature", "geometry": {"type": "Point", "coordinates": [-116.48, 43.565]}, "properties": {"timestamp": "1998-04-30 10:25:00", "individual": "SW20"}}, {"type": "Feature", "geometry": {"type": "Point", "coordinates": [-116.235, 43.424]}, "properties": {"timestamp": "1998-05-06 12:37:00", "individual": "SW20"}}, {"type": "Feature", "geometry": {"type": "Point", "coordinates": [-116.376, 43.457]}, "properties": {"timestamp": "1998-05-12 11:33:00", "individual": "SW20"}}, {"type": "Feature", "geometry": {"type": "Point", "coordinates": [-116.387, 43.462]}, "properties": {"timestamp": "1998-05-18 12:07:00", "individual": "SW20"}}, {"type": "Feature", "geometry": {"type": "Point", "coordinates": [-116.336, 43.48]}, "properties": {"timestamp": "1998-05-24 14:35:00", "individual": "SW20"}}, {"type": "Feature", "geometry": {"type": "Point", "coordinates": [-116.341, 43.429]}, "properties": {"timestamp": "1998-05-30 15:39:00", "individual": "SW20"}}, {"type": "Feature", "geometry": {"type": "Point", "coordinates": [-116.467, 43.583]}, "properties": {"timestamp": "1998-06-05 18:32:00", "individual": "SW20"}}, {"type": "Feature", "geometry": {"type": "Point", "coordinates": [-116.419, 43.467]}, "properties": {"timestamp": "1998-06-11 17:19:00", "individual": "SW20"}}, {"type": "Feature", "geometry": {"type": "Point", "coordinates": [-116.451, 43.567]}, "properties": {"timestamp": "1998-06-17 17:45:00", "individual": "SW20"}}, {"type": "Feature", "geometry": {"type": "Point", "coordinates": [-116.462, 43.579]}, "properties": {"timestamp": "1998-06-23 18:12:00", "individual": "SW20"}}, {"type": "Feature", "geometry": {"type": "Point", "coordinates": [-116.104, 43.556]}, "properties": {"timestamp": "1998-06-24 00:56:00", "individual": "SW20"}}, {"type": "Feature", "geometry": {"type": "Point", "coordinates": [-104.84, 39.83]}, "properties": {"timestamp": "1996-08-30 00:00:00", "individual": "SW21"}}, {"type": "Feature", "geometry": {"type": "Point", "coordinates": [-104.807, 39.833]}, "properties": {"timestamp": "1996-09-01 00:49:00", "individual": "SW21"}}, {"type": "Feature", "geometry": {"type": "Point", "coordinates": [-104.786, 39.812]}, "properties": {"timestamp": "1996-09-02 08:36:00", "individual": "SW21"}}, {"type": "Feature", "geometry": {"type": "Point", "coordinates": [-104.692, 39.936]}, "properties": {"timestamp": "1996-09-09 13:31:00", "individual": "SW21"}}, {"type": "Feature", "geometry": {"type": "Point", "coordinates": [-104.868, 39.958]}, "properties": {"timestamp": "1996-09-16 14:19:00", "individual": "SW21"}}, {"type": "Feature", "geometry": {"type": "Point", "coordinates": [-103.312, 39.577]}, "properties": {"timestamp": "1996-09-23 15:05:00", "individual": "SW21"}}, {"type": "Feature", "geometry": {"type": "Point", "coordinates": [-103.167, 39.633]}, "properties": {"timestamp": "1996-09-29 08:45:00", "individual": "SW21"}}, {"type": "Feature", "geometry": {"type": "Point", "coordinates": [-102.755, 38.908]}, "properties": {"timestamp": "1996-10-05 01:44:00", "individual": "SW21"}}, {"type": "Feature", "geometry": {"type": "Point", "coordinates": [-101.88, 33.846]}, "properties": {"timestamp": "1996-10-08 00:38:00", "individual": "SW21"}}, {"type": "Feature", "geometry": {"type": "Point", "coordinates": [-98.278, 22.701]}, "properties": {"timestamp": "1996-10-13 14:32:00", "individual": "SW21"}}, {"type": "Feature", "geometry": {"type": "Point", "coordinates": [-93.563, 15.978]}, "properties": {"timestamp": "1996-10-16 13:29:00", "individual": "SW21"}}, {"type": "Feature", "geometry": {"type": "Point", "coordinates": [-89.653, 14.02]}, "properties": {"timestamp": "1996-10-19 08:36:00", "individual": "SW21"}}, {"type": "Feature", "geometry": {"type": "Point", "coordinates": [-74.027, -0.289]}, "properties": {"timestamp": "1996-11-05 11:18:00", "individual": "SW21"}}, {"type": "Feature", "geometry": {"type": "Point", "coordinates": [-72.242, -2.99]}, "properties": {"timestamp": "1996-11-08 10:09:00", "individual": "SW21"}}, {"type": "Feature", "geometry": {"type": "Point", "coordinates": [-69.989, -6.537]}, "properties": {"timestamp": "1996-11-11 06:09:00", "individual": "SW21"}}, {"type": "Feature", "geometry": {"type": "Point", "coordinates": [-67.79, -9.217]}, "properties": {"timestamp": "1996-11-13 22:36:00", "individual": "SW21"}}, {"type": "Feature", "geometry": {"type": "Point", "coordinates": [-66.552, -9.872]}, "properties": {"timestamp": "1996-11-16 21:31:00", "individual": "SW21"}}, {"type": "Feature", "geometry": {"type": "Point", "coordinates": [-62.962, -15.312]}, "properties": {"timestamp": "1996-11-19 17:21:00", "individual": "SW21"}}, {"type": "Feature", "geometry": {"type": "Point", "coordinates": [-62.422, -17.119]}, "properties": {"timestamp": "1996-11-22 10:09:00", "individual": "SW21"}}, {"type": "Feature", "geometry": {"type": "Point", "coordinates": [-62.384, -17.438]}, "properties": {"timestamp": "1996-11-28 19:03:00", "individual": "SW21"}}, {"type": "Feature", "geometry": {"type": "Point", "coordinates": [-62.033, -31.597]}, "properties": {"timestamp": "1996-12-05 00:52:00", "individual": "SW21"}}, {"type": "Feature", "geometry": {"type": "Point", "coordinates": [-64.029, -34.182]}, "properties": {"timestamp": "1996-12-11 05:51:00", "individual": "SW21"}}, {"type": "Feature", "geometry": {"type": "Point", "coordinates": [-60.359, -36.082]}, "properties": {"timestamp": "1996-12-23 21:06:00", "individual": "SW21"}}, {"type": "Feature", "geometry": {"type": "Point", "coordinates": [-60.049, -36.456]}, "properties": {"timestamp": "1996-12-24 00:34:00", "individual": "SW21"}}, {"type": "Feature", "geometry": {"type": "Point", "coordinates": [-63.248, -36.817]}, "properties": {"timestamp": "1996-12-30 04:05:00", "individual": "SW21"}}, {"type": "Feature", "geometry": {"type": "Point", "coordinates": [-63.015, -36.756]}, "properties": {"timestamp": "1997-01-05 17:04:00", "individual": "SW21"}}, {"type": "Feature", "geometry": {"type": "Point", "coordinates": [-62.999, -36.669]}, "properties": {"timestamp": "1997-01-11 19:21:00", "individual": "SW21"}}, {"type": "Feature", "geometry": {"type": "Point", "coordinates": [-62.974, -36.641]}, "properties": {"timestamp": "1997-01-12 00:19:00", "individual": "SW21"}}, {"type": "Feature", "geometry": {"type": "Point", "coordinates": [-63.114, -36.678]}, "properties": {"timestamp": "1997-01-18 05:42:00", "individual": "SW21"}}, {"type": "Feature", "geometry": {"type": "Point", "coordinates": [-63.193, -37.026]}, "properties": {"timestamp": "1997-01-24 12:17:00", "individual": "SW21"}}, {"type": "Feature", "geometry": {"type": "Point", "coordinates": [-62.667, -36.389]}, "properties": {"timestamp": "1997-01-30 19:15:00", "individual": "SW21"}}, {"type": "Feature", "geometry": {"type": "Point", "coordinates": [-62.237, -36.501]}, "properties": {"timestamp": "1997-01-31 00:04:00", "individual": "SW21"}}, {"type": "Feature", "geometry": {"type": "Point", "coordinates": [-63.361, -34.186]}, "properties": {"timestamp": "1997-02-06 03:50:00", "individual": "SW21"}}, {"type": "Feature", "geometry": {"type": "Point", "coordinates": [-63.898, -33.445]}, "properties": {"timestamp": "1997-02-18 17:27:00", "individual": "SW21"}}, {"type": "Feature", "geometry": {"type": "Point", "coordinates": [-63.8, -33.426]}, "properties": {"timestamp": "1997-02-25 05:24:00", "individual": "SW21"}}, {"type": "Feature", "geometry": {"type": "Point", "coordinates": [-63.762, -33.071]}, "properties": {"timestamp": "1997-03-03 10:06:00", "individual": "SW21"}}, {"type": "Feature", "geometry": {"type": "Point", "coordinates": [-64.128, -33.423]}, "properties": {"timestamp": "1997-03-09 17:19:00", "individual": "SW21"}}, {"type": "Feature", "geometry": {"type": "Point", "coordinates": [-63.483, -29.151]}, "properties": {"timestamp": "1997-03-16 05:17:00", "individual": "SW21"}}, {"type": "Feature", "geometry": {"type": "Point", "coordinates": [-63.448, -21.794]}, "properties": {"timestamp": "1997-03-22 07:34:00", "individual": "SW21"}}, {"type": "Feature", "geometry": {"type": "Point", "coordinates": [-65.881, -14.676]}, "properties": {"timestamp": "1997-03-28 17:21:00", "individual": "SW21"}}, {"type": "Feature", "geometry": {"type": "Point", "coordinates": [-74.431, -1.066]}, "properties": {"timestamp": "1997-04-03 19:41:00", "individual": "SW21"}}, {"type": "Feature", "geometry": {"type": "Point", "coordinates": [-74.325, -0.501]}, "properties": {"timestamp": "1997-04-04 00:32:00", "individual": "SW21"}}, {"type": "Feature", "geometry": {"type": "Point", "coordinates": [-86.652, 12.64]}, "properties": {"timestamp": "1997-04-22 19:39:00", "individual": "SW21"}}, {"type": "Feature", "geometry": {"type": "Point", "coordinates": [-97.391, 20.737]}, "properties": {"timestamp": "1997-05-05 09:25:00", "individual": "SW21"}}, {"type": "Feature", "geometry": {"type": "Point", "coordinates": [-100.694, 35.524]}, "properties": {"timestamp": "1997-05-11 19:37:00", "individual": "SW21"}}, {"type": "Feature", "geometry": {"type": "Point", "coordinates": [-104.79, 39.833]}, "properties": {"timestamp": "1997-05-17 23:45:00", "individual": "SW21"}}, {"type": "Feature", "geometry": {"type": "Point", "coordinates": [-104.827, 39.816]}, "properties": {"timestamp": "1997-05-18 01:23:00", "individual": "SW21"}}, {"type": "Feature", "geometry": {"type": "Point", "coordinates": [-104.775, 39.812]}, "properties": {"timestamp": "1997-05-24 09:11:00", "individual": "SW21"}}, {"type": "Feature", "geometry": {"type": "Point", "coordinates": [-104.852, 39.833]}, "properties": {"timestamp": "1997-05-30 14:19:00", "individual": "SW21"}}, {"type": "Feature", "geometry": {"type": "Point", "coordinates": [-104.725, 39.846]}, "properties": {"timestamp": "1997-06-05 21:44:00", "individual": "SW21"}}, {"type": "Feature", "geometry": {"type": "Point", "coordinates": [-104.777, 39.818]}, "properties": {"timestamp": "1997-06-12 09:03:00", "individual": "SW21"}}, {"type": "Feature", "geometry": {"type": "Point", "coordinates": [-104.793, 39.828]}, "properties": {"timestamp": "1997-06-18 14:02:00", "individual": "SW21"}}, {"type": "Feature", "geometry": {"type": "Point", "coordinates": [-104.748, 39.865]}, "properties": {"timestamp": "1997-06-24 20:00:00", "individual": "SW21"}}, {"type": "Feature", "geometry": {"type": "Point", "coordinates": [-104.84, 39.83]}, "properties": {"timestamp": "1996-08-29 00:00:00", "individual": "SW22"}}, {"type": "Feature", "geometry": {"type": "Point", "coordinates": [-105.545, 39.068]}, "properties": {"timestamp": "1996-08-31 01:08:00", "individual": "SW22"}}, {"type": "Feature", "geometry": {"type": "Point", "coordinates": [-103.344, 39.556]}, "properties": {"timestamp": "1996-09-01 08:50:00", "individual": "SW22"}}, {"type": "Feature", "geometry": {"type": "Point", "coordinates": [-103.892, 39.809]}, "properties": {"timestamp": "1996-09-15 09:38:00", "individual": "SW22"}}, {"type": "Feature", "geometry": {"type": "Point", "coordinates": [-103.238, 39.356]}, "properties": {"timestamp": "1996-09-22 10:00:00", "individual": "SW22"}}, {"type": "Feature", "geometry": {"type": "Point", "coordinates": [-103.376, 39.507]}, "properties": {"timestamp": "1996-09-29 14:37:00", "individual": "SW22"}}, {"type": "Feature", "geometry": {"type": "Point", "coordinates": [-101.578, 36.473]}, "properties": {"timestamp": "1996-10-03 14:48:00", "individual": "SW22"}}, {"type": "Feature", "geometry": {"type": "Point", "coordinates": [-101.05, 35.264]}, "properties": {"timestamp": "1996-10-07 08:59:00", "individual": "SW22"}}, {"type": "Feature", "geometry": {"type": "Point", "coordinates": [-98.124, 23.266]}, "properties": {"timestamp": "1996-10-11 08:18:00", "individual": "SW22"}}, {"type": "Feature", "geometry": {"type": "Point", "coordinates": [-93.527, 15.812]}, "properties": {"timestamp": "1996-10-15 12:12:00", "individual": "SW22"}}, {"type": "Feature", "geometry": {"type": "Point", "coordinates": [-73.965, 1.572]}, "properties": {"timestamp": "1996-10-30 22:45:00", "individual": "SW22"}}, {"type": "Feature", "geometry": {"type": "Point", "coordinates": [-70.557, -4.078]}, "properties": {"timestamp": "1996-11-03 22:54:00", "individual": "SW22"}}, {"type": "Feature", "geometry": {"type": "Point", "coordinates": [-64.434, -12.671]}, "properties": {"timestamp": "1996-11-07 19:31:00", "individual": "SW22"}}, {"type": "Feature", "geometry": {"type": "Point", "coordinates": [-62.988, -17.819]}, "properties": {"timestamp": "1996-11-11 17:06:00", "individual": "SW22"}}, {"type": "Feature", "geometry": {"type": "Point", "coordinates": [-62.521, -30.039]}, "properties": {"timestamp": "1996-11-15 16:19:00", "individual": "SW22"}}, {"type": "Feature", "geometry": {"type": "Point", "coordinates": [-60.931, -33.342]}, "properties": {"timestamp": "1996-11-19 17:14:00", "individual": "SW22"}}, {"type": "Feature", "geometry": {"type": "Point", "coordinates": [-116.47, 43.48]}, "properties": {"timestamp": "1996-08-29 00:00:00", "individual": "SW23"}}, {"type": "Feature", "geometry": {"type": "Point", "coordinates": [-116.464, 43.468]}, "properties": {"timestamp": "1996-08-30 15:30:00", "individual": "SW23"}}, {"type": "Feature", "geometry": {"type": "Point", "coordinates": [-116.458, 43.509]}, "properties": {"timestamp": "1996-09-07 02:00:00", "individual": "SW23"}}, {"type": "Feature", "geometry": {"type": "Point", "coordinates": [-116.404, 43.532]}, "properties": {"timestamp": "1996-09-14 02:48:00", "individual": "SW23"}}, {"type": "Feature", "geometry": {"type": "Point", "coordinates": [-116.48, 43.472]}, "properties": {"timestamp": "1996-09-21 08:31:00", "individual": "SW23"}}, {"type": "Feature", "geometry": {"type": "Point", "coordinates": [-116.554, 43.456]}, "properties": {"timestamp": "1996-09-22 21:29:00", "individual": "SW23"}}, {"type": "Feature", "geometry": {"type": "Point", "coordinates": [-116.502, 43.544]}, "properties": {"timestamp": "1996-09-23 01:10:00", "individual": "SW23"}}, {"type": "Feature", "geometry": {"type": "Point", "coordinates": [-116.553, 43.503]}, "properties": {"timestamp": "1996-09-24 09:40:00", "individual": "SW23"}}, {"type": "Feature", "geometry": {"type": "Point", "coordinates": [-116.595, 43.395]}, "properties": {"timestamp": "1996-09-26 01:47:00", "individual": "SW23"}}, {"type": "Feature", "geometry": {"type": "Point", "coordinates": [-116.507, 43.501]}, "properties": {"timestamp": "1996-09-27 10:46:00", "individual": "SW23"}}, {"type": "Feature", "geometry": {"type": "Point", "coordinates": [-116.453, 43.577]}, "properties": {"timestamp": "1996-09-28 22:03:00", "individual": "SW23"}}, {"type": "Feature", "geometry": {"type": "Point", "coordinates": [-116.503, 43.506]}, "properties": {"timestamp": "1996-09-29 00:41:00", "individual": "SW23"}}, {"type": "Feature", "geometry": {"type": "Point", "coordinates": [-114.583, 41.025]}, "properties": {"timestamp": "1996-09-30 11:54:00", "individual": "SW23"}}, {"type": "Feature", "geometry": {"type": "Point", "coordinates": [-108.171, 37.307]}, "properties": {"timestamp": "1996-10-03 09:43:00", "individual": "SW23"}}, {"type": "Feature", "geometry": {"type": "Point", "coordinates": [-108.662, 35.605]}, "properties": {"timestamp": "1996-10-04 22:37:00", "individual": "SW23"}}, {"type": "Feature", "geometry": {"type": "Point", "coordinates": [-108.672, 35.522]}, "properties": {"timestamp": "1996-10-05 00:06:00", "individual": "SW23"}}, {"type": "Feature", "geometry": {"type": "Point", "coordinates": [-107.907, 34.158]}, "properties": {"timestamp": "1996-10-06 09:10:00", "individual": "SW23"}}, {"type": "Feature", "geometry": {"type": "Point", "coordinates": [-104.165, 29.797]}, "properties": {"timestamp": "1996-10-08 00:38:00", "individual": "SW23"}}, {"type": "Feature", "geometry": {"type": "Point", "coordinates": [-102.238, 27.709]}, "properties": {"timestamp": "1996-10-09 10:22:00", "individual": "SW23"}}, {"type": "Feature", "geometry": {"type": "Point", "coordinates": [-98.447, 25.575]}, "properties": {"timestamp": "1996-10-10 21:24:00", "individual": "SW23"}}, {"type": "Feature", "geometry": {"type": "Point", "coordinates": [-98.685, 23.109]}, "properties": {"timestamp": "1996-10-12 09:52:00", "individual": "SW23"}}, {"type": "Feature", "geometry": {"type": "Point", "coordinates": [-96.283, 18.738]}, "properties": {"timestamp": "1996-10-13 20:52:00", "individual": "SW23"}}, {"type": "Feature", "geometry": {"type": "Point", "coordinates": [-95.951, 20.535]}, "properties": {"timestamp": "1996-10-14 01:44:00", "individual": "SW23"}}, {"type": "Feature", "geometry": {"type": "Point", "coordinates": [-93.626, 16.099]}, "properties": {"timestamp": "1996-10-15 09:18:00", "individual": "SW23"}}, {"type": "Feature", "geometry": {"type": "Point", "coordinates": [-94.837, 12.203]}, "properties": {"timestamp": "1996-10-17 00:40:00", "individual": "SW23"}}, {"type": "Feature", "geometry": {"type": "Point", "coordinates": [-89.233, 14.022]}, "properties": {"timestamp": "1996-10-18 08:46:00", "individual": "SW23"}}, {"type": "Feature", "geometry": {"type": "Point", "coordinates": [-85.453, 12.689]}, "properties": {"timestamp": "1996-10-20 01:10:00", "individual": "SW23"}}, {"type": "Feature", "geometry": {"type": "Point", "coordinates": [-84.531, 11.241]}, "properties": {"timestamp": "1996-10-21 08:15:00", "individual": "SW23"}}, {"type": "Feature", "geometry": {"type": "Point", "coordinates": [-82.371, 8.699]}, "properties": {"timestamp": "1996-10-22 20:52:00", "individual": "SW23"}}, {"type": "Feature", "geometry": {"type": "Point", "coordinates": [-81.638, 8.935]}, "properties": {"timestamp": "1996-10-24 13:54:00", "individual": "SW23"}}, {"type": "Feature", "geometry": {"type": "Point", "coordinates": [-78.435, 8.654]}, "properties": {"timestamp": "1996-10-25 20:18:00", "individual": "SW23"}}, {"type": "Feature", "geometry": {"type": "Point", "coordinates": [-76.942, 7.277]}, "properties": {"timestamp": "1996-10-27 12:49:00", "individual": "SW23"}}, {"type": "Feature", "geometry": {"type": "Point", "coordinates": [-76.252, 6.456]}, "properties": {"timestamp": "1996-10-28 23:34:00", "individual": "SW23"}}, {"type": "Feature", "geometry": {"type": "Point", "coordinates": [-73.92, -0.857]}, "properties": {"timestamp": "1996-11-02 07:50:00", "individual": "SW23"}}, {"type": "Feature", "geometry": {"type": "Point", "coordinates": [-71.153, -5.626]}, "properties": {"timestamp": "1996-11-03 22:57:00", "individual": "SW23"}}, {"type": "Feature", "geometry": {"type": "Point", "coordinates": [-67.685, -10.952]}, "properties": {"timestamp": "1996-11-06 19:43:00", "individual": "SW23"}}, {"type": "Feature", "geometry": {"type": "Point", "coordinates": [-66.112, -13.547]}, "properties": {"timestamp": "1996-11-08 10:15:00", "individual": "SW23"}}, {"type": "Feature", "geometry": {"type": "Point", "coordinates": [-64.458, -17.047]}, "properties": {"timestamp": "1996-11-09 22:25:00", "individual": "SW23"}}, {"type": "Feature", "geometry": {"type": "Point", "coordinates": [-64.445, -17.213]}, "properties": {"timestamp": "1996-11-11 10:49:00", "individual": "SW23"}}, {"type": "Feature", "geometry": {"type": "Point", "coordinates": [-63.132, -24.693]}, "properties": {"timestamp": "1996-11-12 22:55:00", "individual": "SW23"}}, {"type": "Feature", "geometry": {"type": "Point", "coordinates": [-63.134, -24.72]}, "properties": {"timestamp": "1996-11-13 00:32:00", "individual": "SW23"}}, {"type": "Feature", "geometry": {"type": "Point", "coordinates": [-62.341, -27.554]}, "properties": {"timestamp": "1996-11-14 09:46:00", "individual": "SW23"}}, {"type": "Feature", "geometry": {"type": "Point", "coordinates": [-62.102, -31.501]}, "properties": {"timestamp": "1996-11-15 19:37:00", "individual": "SW23"}}, {"type": "Feature", "geometry": {"type": "Point", "coordinates": [-62.082, -31.549]}, "properties": {"timestamp": "1996-11-16 01:05:00", "individual": "SW23"}}, {"type": "Feature", "geometry": {"type": "Point", "coordinates": [-62.42, -32.283]}, "properties": {"timestamp": "1996-11-17 10:22:00", "individual": "SW23"}}, {"type": "Feature", "geometry": {"type": "Point", "coordinates": [-61.847, -32.895]}, "properties": {"timestamp": "1996-11-18 22:20:00", "individual": "SW23"}}, {"type": "Feature", "geometry": {"type": "Point", "coordinates": [-61.871, -32.916]}, "properties": {"timestamp": "1996-11-19 00:00:00", "individual": "SW23"}}, {"type": "Feature", "geometry": {"type": "Point", "coordinates": [-61.656, -32.66]}, "properties": {"timestamp": "1996-11-20 09:16:00", "individual": "SW23"}}, {"type": "Feature", "geometry": {"type": "Point", "coordinates": [-61.87, -33.084]}, "properties": {"timestamp": "1996-11-26 19:19:00", "individual": "SW23"}}, {"type": "Feature", "geometry": {"type": "Point", "coordinates": [-61.651, -33.044]}, "properties": {"timestamp": "1996-11-27 00:23:00", "individual": "SW23"}}, {"type": "Feature", "geometry": {"type": "Point", "coordinates": [-63.884, -33.736]}, "properties": {"timestamp": "1996-12-03 05:37:00", "individual": "SW23"}}, {"type": "Feature", "geometry": {"type": "Point", "coordinates": [-62.808, -33.476]}, "properties": {"timestamp": "1996-12-09 18:39:00", "individual": "SW23"}}, {"type": "Feature", "geometry": {"type": "Point", "coordinates": [-62.183, -31.766]}, "properties": {"timestamp": "1996-12-16 04:56:00", "individual": "SW23"}}, {"type": "Feature", "geometry": {"type": "Point", "coordinates": [-62.551, -31.345]}, "properties": {"timestamp": "1996-12-22 17:59:00", "individual": "SW23"}}, {"type": "Feature", "geometry": {"type": "Point", "coordinates": [-62.537, -31.217]}, "properties": {"timestamp": "1996-12-28 22:47:00", "individual": "SW23"}}, {"type": "Feature", "geometry": {"type": "Point", "coordinates": [-62.576, -31.241]}, "properties": {"timestamp": "1996-12-29 00:27:00", "individual": "SW23"}}, {"type": "Feature", "geometry": {"type": "Point", "coordinates": [-62.499, -31.487]}, "properties": {"timestamp": "1997-01-04 09:32:00", "individual": "SW23"}}, {"type": "Feature", "geometry": {"type": "Point", "coordinates": [-62.725, -31.597]}, "properties": {"timestamp": "1997-01-10 23:02:00", "individual": "SW23"}}, {"type": "Feature", "geometry": {"type": "Point", "coordinates": [-62.672, -31.673]}, "properties": {"timestamp": "1997-01-17 07:28:00", "individual": "SW23"}}, {"type": "Feature", "geometry": {"type": "Point", "coordinates": [-63.113, -31.73]}, "properties": {"timestamp": "1997-01-23 17:13:00", "individual": "SW23"}}, {"type": "Feature", "geometry": {"type": "Point", "coordinates": [-63.069, -31.571]}, "properties": {"timestamp": "1997-01-24 00:57:00", "individual": "SW23"}}, {"type": "Feature", "geometry": {"type": "Point", "coordinates": [-63.094, -31.475]}, "properties": {"timestamp": "1997-01-30 05:06:00", "individual": "SW23"}}, {"type": "Feature", "geometry": {"type": "Point", "coordinates": [-63.174, -31.337]}, "properties": {"timestamp": "1997-02-05 18:09:00", "individual": "SW23"}}, {"type": "Feature", "geometry": {"type": "Point", "coordinates": [-62.718, -31.418]}, "properties": {"timestamp": "1997-02-12 00:41:00", "individual": "SW23"}}, {"type": "Feature", "geometry": {"type": "Point", "coordinates": [-63.051, -30.798]}, "properties": {"timestamp": "1997-02-18 09:47:00", "individual": "SW23"}}, {"type": "Feature", "geometry": {"type": "Point", "coordinates": [-63.141, -31.426]}, "properties": {"timestamp": "1997-02-24 23:17:00", "individual": "SW23"}}, {"type": "Feature", "geometry": {"type": "Point", "coordinates": [-63.104, -31.366]}, "properties": {"timestamp": "1997-02-25 03:46:00", "individual": "SW23"}}, {"type": "Feature", "geometry": {"type": "Point", "coordinates": [-62.634, -17.894]}, "properties": {"timestamp": "1997-03-03 05:56:00", "individual": "SW23"}}, {"type": "Feature", "geometry": {"type": "Point", "coordinates": [-67.74, -9.225]}, "properties": {"timestamp": "1997-03-09 17:29:00", "individual": "SW23"}}, {"type": "Feature", "geometry": {"type": "Point", "coordinates": [-70.639, -3.455]}, "properties": {"timestamp": "1997-03-16 10:11:00", "individual": "SW23"}}, {"type": "Feature", "geometry": {"type": "Point", "coordinates": [-74.81, 1.913]}, "properties": {"timestamp": "1997-03-22 18:29:00", "individual": "SW23"}}, {"type": "Feature", "geometry": {"type": "Point", "coordinates": [-84.404, 10.821]}, "properties": {"timestamp": "1997-03-28 23:30:00", "individual": "SW23"}}, {"type": "Feature", "geometry": {"type": "Point", "coordinates": [-85.295, 10.774]}, "properties": {"timestamp": "1997-03-29 01:07:00", "individual": "SW23"}}, {"type": "Feature", "geometry": {"type": "Point", "coordinates": [-99.109, 24.508]}, "properties": {"timestamp": "1997-04-04 09:59:00", "individual": "SW23"}}, {"type": "Feature", "geometry": {"type": "Point", "coordinates": [-105.095, 32.007]}, "properties": {"timestamp": "1997-04-10 20:16:00", "individual": "SW23"}}, {"type": "Feature", "geometry": {"type": "Point", "coordinates": [-105.124, 32.026]}, "properties": {"timestamp": "1997-04-11 01:32:00", "individual": "SW23"}}, {"type": "Feature", "geometry": {"type": "Point", "coordinates": [-114.599, 40.581]}, "properties": {"timestamp": "1997-04-17 09:16:00", "individual": "SW23"}}, {"type": "Feature", "geometry": {"type": "Point", "coordinates": [-115.292, 43.358]}, "properties": {"timestamp": "1997-04-23 19:39:00", "individual": "SW23"}}, {"type": "Feature", "geometry": {"type": "Point", "coordinates": [-116.47, 43.48]}, "properties": {"timestamp": "1997-08-11 00:00:00", "individual": "SW24"}}, {"type": "Feature", "geometry": {"type": "Point", "coordinates": [-116.445, 43.482]}, "properties": {"timestamp": "1997-08-13 09:27:00", "individual": "SW24"}}, {"type": "Feature", "geometry": {"type": "Point", "coordinates": [-116.44, 43.558]}, "properties": {"timestamp": "1997-08-14 19:07:00", "individual": "SW24"}}, {"type": "Feature", "geometry": {"type": "Point", "coordinates": [-113.037, 42.408]}, "properties": {"timestamp": "1997-08-21 21:09:00", "individual": "SW24"}}, {"type": "Feature", "geometry": {"type": "Point", "coordinates": [-113.595, 41.901]}, "properties": {"timestamp": "1997-08-22 01:21:00", "individual": "SW24"}}, {"type": "Feature", "geometry": {"type": "Point", "coordinates": [-102.8, 39.066]}, "properties": {"timestamp": "1997-09-05 08:41:00", "individual": "SW24"}}, {"type": "Feature", "geometry": {"type": "Point", "coordinates": [-102.027, 37.004]}, "properties": {"timestamp": "1997-09-06 19:51:00", "individual": "SW24"}}, {"type": "Feature", "geometry": {"type": "Point", "coordinates": [-102.052, 37.033]}, "properties": {"timestamp": "1997-09-07 00:27:00", "individual": "SW24"}}, {"type": "Feature", "geometry": {"type": "Point", "coordinates": [-102.546, 36.325]}, "properties": {"timestamp": "1997-09-08 08:05:00", "individual": "SW24"}}, {"type": "Feature", "geometry": {"type": "Point", "coordinates": [-102.055, 34.972]}, "properties": {"timestamp": "1997-09-09 21:00:00", "individual": "SW24"}}, {"type": "Feature", "geometry": {"type": "Point", "coordinates": [-102.842, 34.899]}, "properties": {"timestamp": "1997-09-10 01:03:00", "individual": "SW24"}}, {"type": "Feature", "geometry": {"type": "Point", "coordinates": [-102.434, 36.273]}, "properties": {"timestamp": "1997-09-11 09:15:00", "individual": "SW24"}}, {"type": "Feature", "geometry": {"type": "Point", "coordinates": [-102.316, 37.697]}, "properties": {"timestamp": "1997-09-12 18:46:00", "individual": "SW24"}}, {"type": "Feature", "geometry": {"type": "Point", "coordinates": [-102.43, 37.446]}, "properties": {"timestamp": "1997-09-14 08:43:00", "individual": "SW24"}}, {"type": "Feature", "geometry": {"type": "Point", "coordinates": [-101.986, 37.674]}, "properties": {"timestamp": "1997-09-15 18:18:00", "individual": "SW24"}}, {"type": "Feature", "geometry": {"type": "Point", "coordinates": [-102.309, 36.369]}, "properties": {"timestamp": "1997-09-18 15:25:00", "individual": "SW24"}}, {"type": "Feature", "geometry": {"type": "Point", "coordinates": [-102.451, 36.215]}, "properties": {"timestamp": "1997-09-20 09:14:00", "individual": "SW24"}}, {"type": "Feature", "geometry": {"type": "Point", "coordinates": [-102.402, 36.242]}, "properties": {"timestamp": "1997-09-21 20:29:00", "individual": "SW24"}}, {"type": "Feature", "geometry": {"type": "Point", "coordinates": [-102.501, 37.452]}, "properties": {"timestamp": "1997-09-23 08:41:00", "individual": "SW24"}}, {"type": "Feature", "geometry": {"type": "Point", "coordinates": [-102.556, 37.454]}, "properties": {"timestamp": "1997-09-24 14:53:00", "individual": "SW24"}}, {"type": "Feature", "geometry": {"type": "Point", "coordinates": [-102.454, 37.426]}, "properties": {"timestamp": "1997-09-27 13:46:00", "individual": "SW24"}}, {"type": "Feature", "geometry": {"type": "Point", "coordinates": [-95.254, 29.472]}, "properties": {"timestamp": "1997-09-29 09:20:00", "individual": "SW24"}}, {"type": "Feature", "geometry": {"type": "Point", "coordinates": [-99.672, 25.077]}, "properties": {"timestamp": "1997-10-02 01:16:00", "individual": "SW24"}}, {"type": "Feature", "geometry": {"type": "Point", "coordinates": [-98.574, 21.953]}, "properties": {"timestamp": "1997-10-03 13:20:00", "individual": "SW24"}}, {"type": "Feature", "geometry": {"type": "Point", "coordinates": [-95.63, 18.026]}, "properties": {"timestamp": "1997-10-05 01:50:00", "individual": "SW24"}}, {"type": "Feature", "geometry": {"type": "Point", "coordinates": [-95.688, 16.686]}, "properties": {"timestamp": "1997-10-06 13:51:00", "individual": "SW24"}}, {"type": "Feature", "geometry": {"type": "Point", "coordinates": [-93.793, 16.143]}, "properties": {"timestamp": "1997-10-08 00:40:00", "individual": "SW24"}}, {"type": "Feature", "geometry": {"type": "Point", "coordinates": [-93.544, 16.141]}, "properties": {"timestamp": "1997-10-09 12:50:00", "individual": "SW24"}}, {"type": "Feature", "geometry": {"type": "Point", "coordinates": [-91.081, 14.461]}, "properties": {"timestamp": "1997-10-11 01:14:00", "individual": "SW24"}}, {"type": "Feature", "geometry": {"type": "Point", "coordinates": [-88.791, 14.046]}, "properties": {"timestamp": "1997-10-12 13:24:00", "individual": "SW24"}}, {"type": "Feature", "geometry": {"type": "Point", "coordinates": [-83.724, 9.946]}, "properties": {"timestamp": "1997-10-15 19:15:00", "individual": "SW24"}}, {"type": "Feature", "geometry": {"type": "Point", "coordinates": [-78.453, 9.122]}, "properties": {"timestamp": "1997-10-18 18:44:00", "individual": "SW24"}}, {"type": "Feature", "geometry": {"type": "Point", "coordinates": [-77.604, 7.471]}, "properties": {"timestamp": "1997-10-19 23:34:00", "individual": "SW24"}}, {"type": "Feature", "geometry": {"type": "Point", "coordinates": [-76.389, 5.681]}, "properties": {"timestamp": "1997-10-21 18:11:00", "individual": "SW24"}}, {"type": "Feature", "geometry": {"type": "Point", "coordinates": [-74.928, 5.407]}, "properties": {"timestamp": "1997-10-22 22:27:00", "individual": "SW24"}}, {"type": "Feature", "geometry": {"type": "Point", "coordinates": [-74.712, 3.96]}, "properties": {"timestamp": "1997-10-24 10:41:00", "individual": "SW24"}}, {"type": "Feature", "geometry": {"type": "Point", "coordinates": [-73.979, -0.277]}, "properties": {"timestamp": "1997-10-25 23:01:00", "individual": "SW24"}}, {"type": "Feature", "geometry": {"type": "Point", "coordinates": [-71.668, -5.655]}, "properties": {"timestamp": "1997-10-28 21:51:00", "individual": "SW24"}}, {"type": "Feature", "geometry": {"type": "Point", "coordinates": [-71.381, -6.182]}, "properties": {"timestamp": "1997-10-30 10:13:00", "individual": "SW24"}}, {"type": "Feature", "geometry": {"type": "Point", "coordinates": [-116.49, 43.47]}, "properties": {"timestamp": "1996-08-29 00:00:00", "individual": "SW25"}}, {"type": "Feature", "geometry": {"type": "Point", "coordinates": [-116.484, 43.536]}, "properties": {"timestamp": "1996-08-30 13:52:00", "individual": "SW25"}}, {"type": "Feature", "geometry": {"type": "Point", "coordinates": [-116.447, 43.455]}, "properties": {"timestamp": "1996-09-07 00:20:00", "individual": "SW25"}}, {"type": "Feature", "geometry": {"type": "Point", "coordinates": [-116.513, 43.265]}, "properties": {"timestamp": "1996-09-14 08:07:00", "individual": "SW25"}}, {"type": "Feature", "geometry": {"type": "Point", "coordinates": [-105.297, 39.657]}, "properties": {"timestamp": "1996-09-21 15:51:00", "individual": "SW25"}}, {"type": "Feature", "geometry": {"type": "Point", "coordinates": [-103.707, 39.137]}, "properties": {"timestamp": "1996-09-23 08:10:00", "individual": "SW25"}}, {"type": "Feature", "geometry": {"type": "Point", "coordinates": [-103.77, 39.141]}, "properties": {"timestamp": "1996-09-24 19:23:00", "individual": "SW25"}}, {"type": "Feature", "geometry": {"type": "Point", "coordinates": [-103.655, 39.158]}, "properties": {"timestamp": "1996-09-25 00:24:00", "individual": "SW25"}}, {"type": "Feature", "geometry": {"type": "Point", "coordinates": [-103.616, 39.131]}, "properties": {"timestamp": "1996-09-26 09:16:00", "individual": "SW25"}}, {"type": "Feature", "geometry": {"type": "Point", "coordinates": [-103.727, 39.098]}, "properties": {"timestamp": "1996-09-27 20:32:00", "individual": "SW25"}}, {"type": "Feature", "geometry": {"type": "Point", "coordinates": [-103.315, 38.884]}, "properties": {"timestamp": "1996-09-28 01:01:00", "individual": "SW25"}}, {"type": "Feature", "geometry": {"type": "Point", "coordinates": [-103.541, 39.053]}, "properties": {"timestamp": "1996-09-29 08:43:00", "individual": "SW25"}}, {"type": "Feature", "geometry": {"type": "Point", "coordinates": [-103.726, 39.146]}, "properties": {"timestamp": "1996-09-30 20:00:00", "individual": "SW25"}}, {"type": "Feature", "geometry": {"type": "Point", "coordinates": [-103.658, 39.097]}, "properties": {"timestamp": "1996-10-01 01:32:00", "individual": "SW25"}}, {"type": "Feature", "geometry": {"type": "Point", "coordinates": [-102.3, 37.542]}, "properties": {"timestamp": "1996-10-02 13:29:00", "individual": "SW25"}}, {"type": "Feature", "geometry": {"type": "Point", "coordinates": [-101.827, 34.959]}, "properties": {"timestamp": "1996-10-03 21:06:00", "individual": "SW25"}}, {"type": "Feature", "geometry": {"type": "Point", "coordinates": [-102.463, 34.827]}, "properties": {"timestamp": "1996-10-04 00:25:00", "individual": "SW25"}}, {"type": "Feature", "geometry": {"type": "Point", "coordinates": [-102.623, 34.764]}, "properties": {"timestamp": "1996-10-05 11:04:00", "individual": "SW25"}}, {"type": "Feature", "geometry": {"type": "Point", "coordinates": [-101.598, 33.857]}, "properties": {"timestamp": "1996-10-06 23:23:00", "individual": "SW25"}}, {"type": "Feature", "geometry": {"type": "Point", "coordinates": [-101.531, 34.005]}, "properties": {"timestamp": "1996-10-07 00:59:00", "individual": "SW25"}}, {"type": "Feature", "geometry": {"type": "Point", "coordinates": [-100.242, 32.061]}, "properties": {"timestamp": "1996-10-08 12:58:00", "individual": "SW25"}}, {"type": "Feature", "geometry": {"type": "Point", "coordinates": [-98.416, 25.646]}, "properties": {"timestamp": "1996-10-09 23:55:00", "individual": "SW25"}}, {"type": "Feature", "geometry": {"type": "Point", "coordinates": [-98.411, 25.67]}, "properties": {"timestamp": "1996-10-10 01:32:00", "individual": "SW25"}}, {"type": "Feature", "geometry": {"type": "Point", "coordinates": [-98.235, 22.85]}, "properties": {"timestamp": "1996-10-11 11:54:00", "individual": "SW25"}}, {"type": "Feature", "geometry": {"type": "Point", "coordinates": [-96.032, 18.246]}, "properties": {"timestamp": "1996-10-13 00:28:00", "individual": "SW25"}}, {"type": "Feature", "geometry": {"type": "Point", "coordinates": [-95.961, 18.21]}, "properties": {"timestamp": "1996-10-14 12:32:00", "individual": "SW25"}}, {"type": "Feature", "geometry": {"type": "Point", "coordinates": [-91.832, 14.725]}, "properties": {"timestamp": "1996-10-16 00:57:00", "individual": "SW25"}}, {"type": "Feature", "geometry": {"type": "Point", "coordinates": [-88.927, 13.149]}, "properties": {"timestamp": "1996-10-17 13:04:00", "individual": "SW25"}}, {"type": "Feature", "geometry": {"type": "Point", "coordinates": [-86.21, 12.475]}, "properties": {"timestamp": "1996-10-20 13:45:00", "individual": "SW25"}}, {"type": "Feature", "geometry": {"type": "Point", "coordinates": [-81.862, 8.832]}, "properties": {"timestamp": "1996-10-23 19:00:00", "individual": "SW25"}}, {"type": "Feature", "geometry": {"type": "Point", "coordinates": [-79.779, 9.015]}, "properties": {"timestamp": "1996-10-25 09:11:00", "individual": "SW25"}}, {"type": "Feature", "geometry": {"type": "Point", "coordinates": [-77.825, 8.09]}, "properties": {"timestamp": "1996-10-26 18:26:00", "individual": "SW25"}}, {"type": "Feature", "geometry": {"type": "Point", "coordinates": [-75.572, 5.753]}, "properties": {"timestamp": "1996-10-29 17:54:00", "individual": "SW25"}}, {"type": "Feature", "geometry": {"type": "Point", "coordinates": [-75.102, 3.43]}, "properties": {"timestamp": "1996-10-31 06:27:00", "individual": "SW25"}}, {"type": "Feature", "geometry": {"type": "Point", "coordinates": [-75.083, 0.438]}, "properties": {"timestamp": "1996-11-01 20:41:00", "individual": "SW25"}}, {"type": "Feature", "geometry": {"type": "Point", "coordinates": [-74.983, -5.283]}, "properties": {"timestamp": "1996-11-04 18:22:00", "individual": "SW25"}}, {"type": "Feature", "geometry": {"type": "Point", "coordinates": [-73.145, -5.966]}, "properties": {"timestamp": "1996-11-06 07:03:00", "individual": "SW25"}}, {"type": "Feature", "geometry": {"type": "Point", "coordinates": [-71.172, -7.264]}, "properties": {"timestamp": "1996-11-07 19:28:00", "individual": "SW25"}}, {"type": "Feature", "geometry": {"type": "Point", "coordinates": [-69.802, -9.934]}, "properties": {"timestamp": "1996-11-09 06:33:00", "individual": "SW25"}}, {"type": "Feature", "geometry": {"type": "Point", "coordinates": [-68.053, -12.803]}, "properties": {"timestamp": "1996-11-10 21:58:00", "individual": "SW25"}}, {"type": "Feature", "geometry": {"type": "Point", "coordinates": [-68.11, -13.887]}, "properties": {"timestamp": "1996-11-12 06:00:00", "individual": "SW25"}}, {"type": "Feature", "geometry": {"type": "Point", "coordinates": [-63.39, -17.998]}, "properties": {"timestamp": "1996-11-13 22:33:00", "individual": "SW25"}}, {"type": "Feature", "geometry": {"type": "Point", "coordinates": [-63.024, -18.479]}, "properties": {"timestamp": "1996-11-15 07:11:00", "individual": "SW25"}}, {"type": "Feature", "geometry": {"type": "Point", "coordinates": [-61.586, -21.854]}, "properties": {"timestamp": "1996-11-16 19:29:00", "individual": "SW25"}}, {"type": "Feature", "geometry": {"type": "Point", "coordinates": [-62.039, -24.835]}, "properties": {"timestamp": "1996-11-18 09:58:00", "individual": "SW25"}}, {"type": "Feature", "geometry": {"type": "Point", "coordinates": [-61.724, -26.773]}, "properties": {"timestamp": "1996-11-19 22:01:00", "individual": "SW25"}}, {"type": "Feature", "geometry": {"type": "Point", "coordinates": [-62.827, -33.832]}, "properties": {"timestamp": "1996-11-27 20:46:00", "individual": "SW25"}}, {"type": "Feature", "geometry": {"type": "Point", "coordinates": [-64.052, -34.373]}, "properties": {"timestamp": "1996-11-28 00:01:00", "individual": "SW25"}}, {"type": "Feature", "geometry": {"type": "Point", "coordinates": [-64.276, -35.24]}, "properties": {"timestamp": "1996-12-04 09:11:00", "individual": "SW25"}}, {"type": "Feature", "geometry": {"type": "Point", "coordinates": [-64.04, -34.728]}, "properties": {"timestamp": "1996-12-10 22:37:00", "individual": "SW25"}}, {"type": "Feature", "geometry": {"type": "Point", "coordinates": [-64.03, -34.75]}, "properties": {"timestamp": "1996-12-11 00:18:00", "individual": "SW25"}}, {"type": "Feature", "geometry": {"type": "Point", "coordinates": [-64.446, -34.665]}, "properties": {"timestamp": "1996-12-17 11:07:00", "individual": "SW25"}}, {"type": "Feature", "geometry": {"type": "Point", "coordinates": [-63.566, -35.275]}, "properties": {"timestamp": "1996-12-23 22:56:00", "individual": "SW25"}}, {"type": "Feature", "geometry": {"type": "Point", "coordinates": [-63.621, -35.305]}, "properties": {"timestamp": "1996-12-24 00:33:00", "individual": "SW25"}}, {"type": "Feature", "geometry": {"type": "Point", "coordinates": [-63.604, -35.536]}, "properties": {"timestamp": "1996-12-30 11:22:00", "individual": "SW25"}}, {"type": "Feature", "geometry": {"type": "Point", "coordinates": [-63.684, -36.501]}, "properties": {"timestamp": "1997-01-06 00:49:00", "individual": "SW25"}}, {"type": "Feature", "geometry": {"type": "Point", "coordinates": [-58.565, -38.345]}, "properties": {"timestamp": "1997-01-12 11:38:00", "individual": "SW25"}}, {"type": "Feature", "geometry": {"type": "Point", "coordinates": [-58.499, -38.464]}, "properties": {"timestamp": "1997-01-19 01:05:00", "individual": "SW25"}}, {"type": "Feature", "geometry": {"type": "Point", "coordinates": [-58.805, -38.358]}, "properties": {"timestamp": "1997-01-25 16:45:00", "individual": "SW25"}}, {"type": "Feature", "geometry": {"type": "Point", "coordinates": [-64.024, -36.948]}, "properties": {"timestamp": "1997-02-01 01:19:00", "individual": "SW25"}}, {"type": "Feature", "geometry": {"type": "Point", "coordinates": [-64.137, -35.981]}, "properties": {"timestamp": "1997-02-07 19:28:00", "individual": "SW25"}}, {"type": "Feature", "geometry": {"type": "Point", "coordinates": [-63.734, -33.79]}, "properties": {"timestamp": "1997-02-14 04:04:00", "individual": "SW25"}}, {"type": "Feature", "geometry": {"type": "Point", "coordinates": [-61.395, -31.326]}, "properties": {"timestamp": "1997-02-20 17:07:00", "individual": "SW25"}}, {"type": "Feature", "geometry": {"type": "Point", "coordinates": [-61.772, -30.804]}, "properties": {"timestamp": "1997-02-27 05:03:00", "individual": "SW25"}}, {"type": "Feature", "geometry": {"type": "Point", "coordinates": [-66.031, -11.594]}, "properties": {"timestamp": "1997-03-05 18:14:00", "individual": "SW25"}}, {"type": "Feature", "geometry": {"type": "Point", "coordinates": [-69.356, -6.827]}, "properties": {"timestamp": "1997-03-12 05:57:00", "individual": "SW25"}}, {"type": "Feature", "geometry": {"type": "Point", "coordinates": [-73.269, -0.904]}, "properties": {"timestamp": "1997-03-18 17:33:00", "individual": "SW25"}}, {"type": "Feature", "geometry": {"type": "Point", "coordinates": [-76.498, 6.625]}, "properties": {"timestamp": "1997-03-25 06:50:00", "individual": "SW25"}}, {"type": "Feature", "geometry": {"type": "Point", "coordinates": [-90.45, 14.384]}, "properties": {"timestamp": "1997-03-31 13:04:00", "individual": "SW25"}}, {"type": "Feature", "geometry": {"type": "Point", "coordinates": [-103.972, 25.437]}, "properties": {"timestamp": "1997-04-07 01:19:00", "individual": "SW25"}}, {"type": "Feature", "geometry": {"type": "Point", "coordinates": [-111.965, 31.254]}, "properties": {"timestamp": "1997-04-13 13:14:00", "individual": "SW25"}}, {"type": "Feature", "geometry": {"type": "Point", "coordinates": [-118.945, 35.15]}, "properties": {"timestamp": "1997-04-20 01:37:00", "individual": "SW25"}}, {"type": "Feature", "geometry": {"type": "Point", "coordinates": [-114.068, 42.903]}, "properties": {"timestamp": "1997-04-26 15:01:00", "individual": "SW25"}}, {"type": "Feature", "geometry": {"type": "Point", "coordinates": [-116.812, 43.386]}, "properties": {"timestamp": "1997-05-03 01:54:00", "individual": "SW25"}}, {"type": "Feature", "geometry": {"type": "Point", "coordinates": [-116.597, 43.533]}, "properties": {"timestamp": "1997-05-09 13:35:00", "individual": "SW25"}}, {"type": "Feature", "geometry": {"type": "Point", "coordinates": [-116.56, 43.435]}, "properties": {"timestamp": "1997-05-16 02:08:00", "individual": "SW25"}}, {"type": "Feature", "geometry": {"type": "Point", "coordinates": [-116.593, 43.509]}, "properties": {"timestamp": "1997-05-22 19:23:00", "individual": "SW25"}}, {"type": "Feature", "geometry": {"type": "Point", "coordinates": [-116.518, 43.55]}, "properties": {"timestamp": "1997-05-29 02:22:00", "individual": "SW25"}}, {"type": "Feature", "geometry": {"type": "Point", "coordinates": [-116.451, 43.45]}, "properties": {"timestamp": "1997-06-11 02:41:00", "individual": "SW25"}}, {"type": "Feature", "geometry": {"type": "Point", "coordinates": [-116.483, 43.482]}, "properties": {"timestamp": "1997-06-17 14:23:00", "individual": "SW25"}}, {"type": "Feature", "geometry": {"type": "Point", "coordinates": [-116.45, 43.47]}, "properties": {"timestamp": "1996-08-31 00:00:00", "individual": "SW26"}}, {"type": "Feature", "geometry": {"type": "Point", "coordinates": [-116.482, 43.483]}, "properties": {"timestamp": "1996-09-14 09:49:00", "individual": "SW26"}}, {"type": "Feature", "geometry": {"type": "Point", "coordinates": [-111.71, 41.497]}, "properties": {"timestamp": "1996-09-21 19:57:00", "individual": "SW26"}}, {"type": "Feature", "geometry": {"type": "Point", "coordinates": [-105.007, 38.43]}, "properties": {"timestamp": "1996-09-23 13:22:00", "individual": "SW26"}}, {"type": "Feature", "geometry": {"type": "Point", "coordinates": [-107.52, 34.106]}, "properties": {"timestamp": "1996-09-24 19:26:00", "individual": "SW26"}}, {"type": "Feature", "geometry": {"type": "Point", "coordinates": [-106.963, 32.947]}, "properties": {"timestamp": "1996-09-25 00:24:00", "individual": "SW26"}}, {"type": "Feature", "geometry": {"type": "Point", "coordinates": [-107.925, 32.287]}, "properties": {"timestamp": "1996-09-26 09:24:00", "individual": "SW26"}}, {"type": "Feature", "geometry": {"type": "Point", "coordinates": [-108.021, 32.226]}, "properties": {"timestamp": "1996-09-27 20:28:00", "individual": "SW26"}}, {"type": "Feature", "geometry": {"type": "Point", "coordinates": [-108.243, 32.172]}, "properties": {"timestamp": "1996-09-28 00:58:00", "individual": "SW26"}}, {"type": "Feature", "geometry": {"type": "Point", "coordinates": [-108.365, 32.205]}, "properties": {"timestamp": "1996-09-29 10:25:00", "individual": "SW26"}}, {"type": "Feature", "geometry": {"type": "Point", "coordinates": [-108.427, 32.038]}, "properties": {"timestamp": "1996-10-01 01:34:00", "individual": "SW26"}}, {"type": "Feature", "geometry": {"type": "Point", "coordinates": [-108.203, 32.21]}, "properties": {"timestamp": "1996-10-02 13:32:00", "individual": "SW26"}}, {"type": "Feature", "geometry": {"type": "Point", "coordinates": [-108.235, 32.17]}, "properties": {"timestamp": "1996-10-04 00:28:00", "individual": "SW26"}}, {"type": "Feature", "geometry": {"type": "Point", "coordinates": [-108.258, 32.15]}, "properties": {"timestamp": "1996-10-09 23:58:00", "individual": "SW26"}}, {"type": "Feature", "geometry": {"type": "Point", "coordinates": [-108.17, 32.122]}, "properties": {"timestamp": "1996-10-11 13:34:00", "individual": "SW26"}}, {"type": "Feature", "geometry": {"type": "Point", "coordinates": [-108.183, 32.081]}, "properties": {"timestamp": "1996-10-13 02:10:00", "individual": "SW26"}}, {"type": "Feature", "geometry": {"type": "Point", "coordinates": [-108.366, 32.19]}, "properties": {"timestamp": "1996-10-14 14:10:00", "individual": "SW26"}}, {"type": "Feature", "geometry": {"type": "Point", "coordinates": [-104.516, 27.212]}, "properties": {"timestamp": "1996-10-16 02:44:00", "individual": "SW26"}}, {"type": "Feature", "geometry": {"type": "Point", "coordinates": [-101.884, 25.722]}, "properties": {"timestamp": "1996-10-17 14:44:00", "individual": "SW26"}}, {"type": "Feature", "geometry": {"type": "Point", "coordinates": [-96.277, 18.8]}, "properties": {"timestamp": "1996-10-20 19:38:00", "individual": "SW26"}}, {"type": "Feature", "geometry": {"type": "Point", "coordinates": [-94.371, 16.436]}, "properties": {"timestamp": "1996-10-22 08:01:00", "individual": "SW26"}}, {"type": "Feature", "geometry": {"type": "Point", "coordinates": [-90.822, 14.044]}, "properties": {"timestamp": "1996-10-23 19:04:00", "individual": "SW26"}}, {"type": "Feature", "geometry": {"type": "Point", "coordinates": [-90.657, 13.683]}, "properties": {"timestamp": "1996-10-25 09:07:00", "individual": "SW26"}}, {"type": "Feature", "geometry": {"type": "Point", "coordinates": [-87.04, 12.808]}, "properties": {"timestamp": "1996-10-26 22:40:00", "individual": "SW26"}}, {"type": "Feature", "geometry": {"type": "Point", "coordinates": [-83.409, 11.667]}, "properties": {"timestamp": "1996-10-28 06:53:00", "individual": "SW26"}}, {"type": "Feature", "geometry": {"type": "Point", "coordinates": [-83.754, 9.848]}, "properties": {"timestamp": "1996-10-29 19:37:00", "individual": "SW26"}}, {"type": "Feature", "geometry": {"type": "Point", "coordinates": [-82.512, 9.324]}, "properties": {"timestamp": "1996-10-30 00:50:00", "individual": "SW26"}}, {"type": "Feature", "geometry": {"type": "Point", "coordinates": [-79.517, 7.87]}, "properties": {"timestamp": "1996-11-01 23:42:00", "individual": "SW26"}}, {"type": "Feature", "geometry": {"type": "Point", "coordinates": [-74.157, 4.299]}, "properties": {"timestamp": "1996-11-04 20:11:00", "individual": "SW26"}}, {"type": "Feature", "geometry": {"type": "Point", "coordinates": [-74.26, 1.202]}, "properties": {"timestamp": "1996-11-06 10:51:00", "individual": "SW26"}}, {"type": "Feature", "geometry": {"type": "Point", "coordinates": [-73.379, -1.819]}, "properties": {"timestamp": "1996-11-07 23:11:00", "individual": "SW26"}}, {"type": "Feature", "geometry": {"type": "Point", "coordinates": [-72.207, -4.356]}, "properties": {"timestamp": "1996-11-09 17:32:00", "individual": "SW26"}}, {"type": "Feature", "geometry": {"type": "Point", "coordinates": [-71.208, -5.733]}, "properties": {"timestamp": "1996-11-10 23:41:00", "individual": "SW26"}}, {"type": "Feature", "geometry": {"type": "Point", "coordinates": [-71.213, -5.726]}, "properties": {"timestamp": "1996-11-11 06:11:00", "individual": "SW26"}}, {"type": "Feature", "geometry": {"type": "Point", "coordinates": [-71.176, -6.284]}, "properties": {"timestamp": "1996-11-12 12:04:00", "individual": "SW26"}}, {"type": "Feature", "geometry": {"type": "Point", "coordinates": [-71.114, -10.639]}, "properties": {"timestamp": "1996-11-14 00:12:00", "individual": "SW26"}}, {"type": "Feature", "geometry": {"type": "Point", "coordinates": [-67.162, -13.088]}, "properties": {"timestamp": "1996-11-15 12:40:00", "individual": "SW26"}}, {"type": "Feature", "geometry": {"type": "Point", "coordinates": [-63.78, -16.155]}, "properties": {"timestamp": "1996-11-17 05:02:00", "individual": "SW26"}}, {"type": "Feature", "geometry": {"type": "Point", "coordinates": [-62.727, -18.061]}, "properties": {"timestamp": "1996-11-18 17:27:00", "individual": "SW26"}}, {"type": "Feature", "geometry": {"type": "Point", "coordinates": [-63.13, -19.065]}, "properties": {"timestamp": "1996-11-20 06:15:00", "individual": "SW26"}}, {"type": "Feature", "geometry": {"type": "Point", "coordinates": [-62.533, -22.653]}, "properties": {"timestamp": "1996-11-21 16:55:00", "individual": "SW26"}}, {"type": "Feature", "geometry": {"type": "Point", "coordinates": [-62.832, -33.891]}, "properties": {"timestamp": "1996-11-28 04:51:00", "individual": "SW26"}}, {"type": "Feature", "geometry": {"type": "Point", "coordinates": [-64.226, -35.478]}, "properties": {"timestamp": "1996-12-04 19:31:00", "individual": "SW26"}}, {"type": "Feature", "geometry": {"type": "Point", "coordinates": [-64.195, -34.946]}, "properties": {"timestamp": "1996-12-05 00:49:00", "individual": "SW26"}}, {"type": "Feature", "geometry": {"type": "Point", "coordinates": [-64.318, -34.237]}, "properties": {"timestamp": "1996-12-11 09:59:00", "individual": "SW26"}}, {"type": "Feature", "geometry": {"type": "Point", "coordinates": [-64.745, -33.802]}, "properties": {"timestamp": "1996-12-17 23:27:00", "individual": "SW26"}}, {"type": "Feature", "geometry": {"type": "Point", "coordinates": [-64.696, -33.832]}, "properties": {"timestamp": "1996-12-18 01:03:00", "individual": "SW26"}}, {"type": "Feature", "geometry": {"type": "Point", "coordinates": [-63.695, -33.471]}, "properties": {"timestamp": "1996-12-24 17:36:00", "individual": "SW26"}}, {"type": "Feature", "geometry": {"type": "Point", "coordinates": [-63.578, -33.513]}, "properties": {"timestamp": "1996-12-31 03:53:00", "individual": "SW26"}}, {"type": "Feature", "geometry": {"type": "Point", "coordinates": [-63.671, -33.714]}, "properties": {"timestamp": "1997-01-13 09:36:00", "individual": "SW26"}}, {"type": "Feature", "geometry": {"type": "Point", "coordinates": [-63.354, -33.407]}, "properties": {"timestamp": "1997-01-19 21:24:00", "individual": "SW26"}}, {"type": "Feature", "geometry": {"type": "Point", "coordinates": [-63.502, -34.333]}, "properties": {"timestamp": "1997-01-26 11:30:00", "individual": "SW26"}}, {"type": "Feature", "geometry": {"type": "Point", "coordinates": [-63.137, -34.363]}, "properties": {"timestamp": "1997-02-02 01:01:00", "individual": "SW26"}}, {"type": "Feature", "geometry": {"type": "Point", "coordinates": [-63.66, -34.432]}, "properties": {"timestamp": "1997-02-08 17:38:00", "individual": "SW26"}}, {"type": "Feature", "geometry": {"type": "Point", "coordinates": [-63.751, -33.216]}, "properties": {"timestamp": "1997-02-15 03:54:00", "individual": "SW26"}}, {"type": "Feature", "geometry": {"type": "Point", "coordinates": [-61.93, -32.025]}, "properties": {"timestamp": "1997-02-21 21:04:00", "individual": "SW26"}}, {"type": "Feature", "geometry": {"type": "Point", "coordinates": [-61.474, -31.281]}, "properties": {"timestamp": "1997-02-22 00:23:00", "individual": "SW26"}}, {"type": "Feature", "geometry": {"type": "Point", "coordinates": [-61.687, -28.244]}, "properties": {"timestamp": "1997-02-28 06:32:00", "individual": "SW26"}}, {"type": "Feature", "geometry": {"type": "Point", "coordinates": [-68.744, -10.822]}, "properties": {"timestamp": "1997-03-06 19:39:00", "individual": "SW26"}}, {"type": "Feature", "geometry": {"type": "Point", "coordinates": [-71.518, -4.958]}, "properties": {"timestamp": "1997-03-13 11:16:00", "individual": "SW26"}}, {"type": "Feature", "geometry": {"type": "Point", "coordinates": [-74.618, 2.899]}, "properties": {"timestamp": "1997-03-19 23:23:00", "individual": "SW26"}}, {"type": "Feature", "geometry": {"type": "Point", "coordinates": [-86.48, 12.993]}, "properties": {"timestamp": "1997-03-26 11:23:00", "individual": "SW26"}}, {"type": "Feature", "geometry": {"type": "Point", "coordinates": [-100.86, 23.884]}, "properties": {"timestamp": "1997-04-02 01:26:00", "individual": "SW26"}}, {"type": "Feature", "geometry": {"type": "Point", "coordinates": [-107.827, 29.113]}, "properties": {"timestamp": "1997-04-08 15:00:00", "individual": "SW26"}}, {"type": "Feature", "geometry": {"type": "Point", "coordinates": [-115.092, 41.092]}, "properties": {"timestamp": "1997-04-15 09:35:00", "individual": "SW26"}}, {"type": "Feature", "geometry": {"type": "Point", "coordinates": [-116.602, 43.378]}, "properties": {"timestamp": "1997-04-21 20:02:00", "individual": "SW26"}}, {"type": "Feature", "geometry": {"type": "Point", "coordinates": [-116.418, 43.302]}, "properties": {"timestamp": "1997-04-28 12:38:00", "individual": "SW26"}}, {"type": "Feature", "geometry": {"type": "Point", "coordinates": [-116.347, 43.483]}, "properties": {"timestamp": "1997-05-04 22:39:00", "individual": "SW26"}}, {"type": "Feature", "geometry": {"type": "Point", "coordinates": [-116.425, 43.438]}, "properties": {"timestamp": "1997-05-05 01:07:00", "individual": "SW26"}}, {"type": "Feature", "geometry": {"type": "Point", "coordinates": [-116.477, 43.517]}, "properties": {"timestamp": "1997-05-11 11:32:00", "individual": "SW26"}}, {"type": "Feature", "geometry": {"type": "Point", "coordinates": [-116.349, 43.485]}, "properties": {"timestamp": "1997-05-18 01:26:00", "individual": "SW26"}}, {"type": "Feature", "geometry": {"type": "Point", "coordinates": [-116.481, 43.581]}, "properties": {"timestamp": "1997-05-24 19:00:00", "individual": "SW26"}}, {"type": "Feature", "geometry": {"type": "Point", "coordinates": [-116.444, 43.461]}, "properties": {"timestamp": "1997-05-31 09:36:00", "individual": "SW26"}}, {"type": "Feature", "geometry": {"type": "Point", "coordinates": [-116.463, 43.472]}, "properties": {"timestamp": "1997-06-06 19:59:00", "individual": "SW26"}}, {"type": "Feature", "geometry": {"type": "Point", "coordinates": [-116.433, 43.478]}, "properties": {"timestamp": "1997-06-20 01:04:00", "individual": "SW26"}}, {"type": "Feature", "geometry": {"type": "Point", "coordinates": [-116.55, 43.573]}, "properties": {"timestamp": "1997-06-26 11:33:00", "individual": "SW26"}}, {"type": "Feature", "geometry": {"type": "Point", "coordinates": [-96.07, 43.97]}, "properties": {"timestamp": "1996-07-24 00:00:00", "individual": "SW27"}}, {"type": "Feature", "geometry": {"type": "Point", "coordinates": [-96.083, 44.059]}, "properties": {"timestamp": "1996-08-09 00:48:00", "individual": "SW27"}}, {"type": "Feature", "geometry": {"type": "Point", "coordinates": [-95.995, 44.127]}, "properties": {"timestamp": "1996-08-15 15:53:00", "individual": "SW27"}}, {"type": "Feature", "geometry": {"type": "Point", "coordinates": [-96.14, 44.083]}, "properties": {"timestamp": "1996-08-22 13:23:00", "individual": "SW27"}}, {"type": "Feature", "geometry": {"type": "Point", "coordinates": [-96.147, 43.959]}, "properties": {"timestamp": "1996-08-29 07:40:00", "individual": "SW27"}}, {"type": "Feature", "geometry": {"type": "Point", "coordinates": [-96.069, 44.022]}, "properties": {"timestamp": "1996-09-05 08:05:00", "individual": "SW27"}}, {"type": "Feature", "geometry": {"type": "Point", "coordinates": [-96.059, 44.04]}, "properties": {"timestamp": "1996-09-12 00:11:00", "individual": "SW27"}}, {"type": "Feature", "geometry": {"type": "Point", "coordinates": [-96.087, 44.056]}, "properties": {"timestamp": "1996-09-18 23:17:00", "individual": "SW27"}}, {"type": "Feature", "geometry": {"type": "Point", "coordinates": [-96.067, 44.064]}, "properties": {"timestamp": "1996-09-19 00:59:00", "individual": "SW27"}}, {"type": "Feature", "geometry": {"type": "Point", "coordinates": [-96.079, 44.035]}, "properties": {"timestamp": "1996-09-20 08:41:00", "individual": "SW27"}}, {"type": "Feature", "geometry": {"type": "Point", "coordinates": [-95.892, 43.994]}, "properties": {"timestamp": "1996-09-21 19:59:00", "individual": "SW27"}}, {"type": "Feature", "geometry": {"type": "Point", "coordinates": [-95.6, 43.868]}, "properties": {"timestamp": "1996-09-22 01:32:00", "individual": "SW27"}}, {"type": "Feature", "geometry": {"type": "Point", "coordinates": [-96.211, 43.852]}, "properties": {"timestamp": "1996-09-23 08:09:00", "individual": "SW27"}}, {"type": "Feature", "geometry": {"type": "Point", "coordinates": [-95.807, 43.205]}, "properties": {"timestamp": "1996-09-24 14:43:00", "individual": "SW27"}}, {"type": "Feature", "geometry": {"type": "Point", "coordinates": [-96.419, 42.417]}, "properties": {"timestamp": "1996-09-26 01:43:00", "individual": "SW27"}}, {"type": "Feature", "geometry": {"type": "Point", "coordinates": [-96.012, 41.331]}, "properties": {"timestamp": "1996-09-27 13:37:00", "individual": "SW27"}}, {"type": "Feature", "geometry": {"type": "Point", "coordinates": [-95.839, 39.063]}, "properties": {"timestamp": "1996-09-30 08:35:00", "individual": "SW27"}}, {"type": "Feature", "geometry": {"type": "Point", "coordinates": [-98.413, 36.434]}, "properties": {"timestamp": "1996-10-03 09:43:00", "individual": "SW27"}}, {"type": "Feature", "geometry": {"type": "Point", "coordinates": [-98.24, 34.821]}, "properties": {"timestamp": "1996-10-04 14:27:00", "individual": "SW27"}}, {"type": "Feature", "geometry": {"type": "Point", "coordinates": [-98.271, 34.33]}, "properties": {"timestamp": "1996-10-06 01:19:00", "individual": "SW27"}}, {"type": "Feature", "geometry": {"type": "Point", "coordinates": [-96.88, 32.359]}, "properties": {"timestamp": "1996-10-07 10:40:00", "individual": "SW27"}}, {"type": "Feature", "geometry": {"type": "Point", "coordinates": [-98.043, 27.371]}, "properties": {"timestamp": "1996-10-08 21:51:00", "individual": "SW27"}}, {"type": "Feature", "geometry": {"type": "Point", "coordinates": [-98.258, 27.243]}, "properties": {"timestamp": "1996-10-09 00:19:00", "individual": "SW27"}}, {"type": "Feature", "geometry": {"type": "Point", "coordinates": [-98.25, 24.304]}, "properties": {"timestamp": "1996-10-10 08:27:00", "individual": "SW27"}}, {"type": "Feature", "geometry": {"type": "Point", "coordinates": [-97.175, 20.385]}, "properties": {"timestamp": "1996-10-11 19:37:00", "individual": "SW27"}}, {"type": "Feature", "geometry": {"type": "Point", "coordinates": [-96.825, 18.267]}, "properties": {"timestamp": "1996-10-14 19:04:00", "individual": "SW27"}}, {"type": "Feature", "geometry": {"type": "Point", "coordinates": [-92.872, 15.538]}, "properties": {"timestamp": "1996-10-15 23:20:00", "individual": "SW27"}}, {"type": "Feature", "geometry": {"type": "Point", "coordinates": [-92.888, 15.537]}, "properties": {"timestamp": "1996-10-16 01:01:00", "individual": "SW27"}}, {"type": "Feature", "geometry": {"type": "Point", "coordinates": [-92.112, 14.713]}, "properties": {"timestamp": "1996-10-17 08:58:00", "individual": "SW27"}}, {"type": "Feature", "geometry": {"type": "Point", "coordinates": [-90.426, 13.914]}, "properties": {"timestamp": "1996-10-18 18:17:00", "individual": "SW27"}}, {"type": "Feature", "geometry": {"type": "Point", "coordinates": [-88.322, 13.679]}, "properties": {"timestamp": "1996-10-20 08:23:00", "individual": "SW27"}}, {"type": "Feature", "geometry": {"type": "Point", "coordinates": [-85.926, 12.316]}, "properties": {"timestamp": "1996-10-21 21:03:00", "individual": "SW27"}}, {"type": "Feature", "geometry": {"type": "Point", "coordinates": [-84.454, 11.003]}, "properties": {"timestamp": "1996-10-24 12:14:00", "individual": "SW27"}}, {"type": "Feature", "geometry": {"type": "Point", "coordinates": [-80.706, 8.738]}, "properties": {"timestamp": "1996-10-25 20:22:00", "individual": "SW27"}}, {"type": "Feature", "geometry": {"type": "Point", "coordinates": [-80.513, 8.767]}, "properties": {"timestamp": "1996-10-26 00:37:00", "individual": "SW27"}}, {"type": "Feature", "geometry": {"type": "Point", "coordinates": [-79.712, 9.085]}, "properties": {"timestamp": "1996-10-27 07:11:00", "individual": "SW27"}}, {"type": "Feature", "geometry": {"type": "Point", "coordinates": [-79.062, 8.935]}, "properties": {"timestamp": "1996-10-28 18:08:00", "individual": "SW27"}}, {"type": "Feature", "geometry": {"type": "Point", "coordinates": [-76.278, 7.216]}, "properties": {"timestamp": "1996-10-31 11:22:00", "individual": "SW27"}}, {"type": "Feature", "geometry": {"type": "Point", "coordinates": [-74.567, 4.116]}, "properties": {"timestamp": "1996-11-01 22:03:00", "individual": "SW27"}}, {"type": "Feature", "geometry": {"type": "Point", "coordinates": [-73.833, 0.002]}, "properties": {"timestamp": "1996-11-04 18:26:00", "individual": "SW27"}}, {"type": "Feature", "geometry": {"type": "Point", "coordinates": [-73.418, -2.171]}, "properties": {"timestamp": "1996-11-06 05:23:00", "individual": "SW27"}}, {"type": "Feature", "geometry": {"type": "Point", "coordinates": [-72.277, -3.16]}, "properties": {"timestamp": "1996-11-07 17:58:00", "individual": "SW27"}}, {"type": "Feature", "geometry": {"type": "Point", "coordinates": [-73.315, -5.059]}, "properties": {"timestamp": "1996-11-09 00:22:00", "individual": "SW27"}}, {"type": "Feature", "geometry": {"type": "Point", "coordinates": [-71.074, -5.641]}, "properties": {"timestamp": "1996-11-10 12:49:00", "individual": "SW27"}}, {"type": "Feature", "geometry": {"type": "Point", "coordinates": [-71.277, -6.429]}, "properties": {"timestamp": "1996-11-11 18:45:00", "individual": "SW27"}}, {"type": "Feature", "geometry": {"type": "Point", "coordinates": [-69.434, -8.132]}, "properties": {"timestamp": "1996-11-13 05:47:00", "individual": "SW27"}}, {"type": "Feature", "geometry": {"type": "Point", "coordinates": [-67.274, -10.716]}, "properties": {"timestamp": "1996-11-14 18:15:00", "individual": "SW27"}}, {"type": "Feature", "geometry": {"type": "Point", "coordinates": [-63.762, -15.61]}, "properties": {"timestamp": "1996-11-20 18:47:00", "individual": "SW27"}}, {"type": "Feature", "geometry": {"type": "Point", "coordinates": [-63.905, -15.651]}, "properties": {"timestamp": "1996-11-26 22:49:00", "individual": "SW27"}}, {"type": "Feature", "geometry": {"type": "Point", "coordinates": [-63.926, -15.59]}, "properties": {"timestamp": "1996-12-02 22:20:00", "individual": "SW27"}}, {"type": "Feature", "geometry": {"type": "Point", "coordinates": [-96.07, 44.27]}, "properties": {"timestamp": "1996-07-24 00:00:00", "individual": "SW28"}}, {"type": "Feature", "geometry": {"type": "Point", "coordinates": [-96.562, 44.216]}, "properties": {"timestamp": "1996-07-26 08:47:00", "individual": "SW28"}}, {"type": "Feature", "geometry": {"type": "Point", "coordinates": [-96.244, 44.276]}, "properties": {"timestamp": "1996-08-10 00:30:00", "individual": "SW28"}}, {"type": "Feature", "geometry": {"type": "Point", "coordinates": [-96.39, 44.281]}, "properties": {"timestamp": "1996-08-17 08:10:00", "individual": "SW28"}}, {"type": "Feature", "geometry": {"type": "Point", "coordinates": [-96.372, 44.291]}, "properties": {"timestamp": "1996-08-24 10:10:00", "individual": "SW28"}}, {"type": "Feature", "geometry": {"type": "Point", "coordinates": [-96.478, 44.228]}, "properties": {"timestamp": "1996-08-31 18:47:00", "individual": "SW28"}}, {"type": "Feature", "geometry": {"type": "Point", "coordinates": [-96.339, 44.259]}, "properties": {"timestamp": "1996-09-08 01:35:00", "individual": "SW28"}}, {"type": "Feature", "geometry": {"type": "Point", "coordinates": [-96.366, 44.262]}, "properties": {"timestamp": "1996-09-22 10:00:00", "individual": "SW28"}}, {"type": "Feature", "geometry": {"type": "Point", "coordinates": [-96.37, 44.262]}, "properties": {"timestamp": "1996-09-25 09:26:00", "individual": "SW28"}}, {"type": "Feature", "geometry": {"type": "Point", "coordinates": [-95.971, 44.5]}, "properties": {"timestamp": "1996-09-26 23:41:00", "individual": "SW28"}}, {"type": "Feature", "geometry": {"type": "Point", "coordinates": [-96.181, 44.205]}, "properties": {"timestamp": "1996-09-28 13:15:00", "individual": "SW28"}}, {"type": "Feature", "geometry": {"type": "Point", "coordinates": [-97.397, 41.89]}, "properties": {"timestamp": "1996-09-29 21:56:00", "individual": "SW28"}}, {"type": "Feature", "geometry": {"type": "Point", "coordinates": [-96.839, 41.865]}, "properties": {"timestamp": "1996-09-30 00:17:00", "individual": "SW28"}}, {"type": "Feature", "geometry": {"type": "Point", "coordinates": [-97.426, 42.544]}, "properties": {"timestamp": "1996-10-01 10:06:00", "individual": "SW28"}}, {"type": "Feature", "geometry": {"type": "Point", "coordinates": [-97.351, 36.967]}, "properties": {"timestamp": "1996-10-03 00:50:00", "individual": "SW28"}}, {"type": "Feature", "geometry": {"type": "Point", "coordinates": [-98.116, 34.648]}, "properties": {"timestamp": "1996-10-04 12:44:00", "individual": "SW28"}}, {"type": "Feature", "geometry": {"type": "Point", "coordinates": [-97.387, 32.796]}, "properties": {"timestamp": "1996-10-05 23:42:00", "individual": "SW28"}}, {"type": "Feature", "geometry": {"type": "Point", "coordinates": [-97.617, 32.037]}, "properties": {"timestamp": "1996-10-06 01:22:00", "individual": "SW28"}}, {"type": "Feature", "geometry": {"type": "Point", "coordinates": [-98.198, 27.88]}, "properties": {"timestamp": "1996-10-07 13:22:00", "individual": "SW28"}}, {"type": "Feature", "geometry": {"type": "Point", "coordinates": [-98.119, 22.358]}, "properties": {"timestamp": "1996-10-09 00:10:00", "individual": "SW28"}}, {"type": "Feature", "geometry": {"type": "Point", "coordinates": [-96.848, 20.276]}, "properties": {"timestamp": "1996-10-10 13:58:00", "individual": "SW28"}}, {"type": "Feature", "geometry": {"type": "Point", "coordinates": [-93.963, 15.817]}, "properties": {"timestamp": "1996-10-11 21:13:00", "individual": "SW28"}}, {"type": "Feature", "geometry": {"type": "Point", "coordinates": [-88.479, 13.788]}, "properties": {"timestamp": "1996-10-15 01:21:00", "individual": "SW28"}}, {"type": "Feature", "geometry": {"type": "Point", "coordinates": [-84.433, 11.922]}, "properties": {"timestamp": "1996-10-19 08:36:00", "individual": "SW28"}}, {"type": "Feature", "geometry": {"type": "Point", "coordinates": [-81.519, 8.728]}, "properties": {"timestamp": "1996-10-20 23:10:00", "individual": "SW28"}}, {"type": "Feature", "geometry": {"type": "Point", "coordinates": [-79.211, 8.805]}, "properties": {"timestamp": "1996-10-22 13:03:00", "individual": "SW28"}}, {"type": "Feature", "geometry": {"type": "Point", "coordinates": [-74.898, 4.224]}, "properties": {"timestamp": "1996-10-26 20:08:00", "individual": "SW28"}}, {"type": "Feature", "geometry": {"type": "Point", "coordinates": [-76.419, 3.882]}, "properties": {"timestamp": "1996-10-27 00:13:00", "individual": "SW28"}}, {"type": "Feature", "geometry": {"type": "Point", "coordinates": [-74.241, 1.808]}, "properties": {"timestamp": "1996-10-29 19:35:00", "individual": "SW28"}}, {"type": "Feature", "geometry": {"type": "Point", "coordinates": [-73.795, -0.002]}, "properties": {"timestamp": "1996-10-31 11:24:00", "individual": "SW28"}}, {"type": "Feature", "geometry": {"type": "Point", "coordinates": [-71.476, -3.004]}, "properties": {"timestamp": "1996-11-01 22:02:00", "individual": "SW28"}}, {"type": "Feature", "geometry": {"type": "Point", "coordinates": [-70.174, -5.382]}, "properties": {"timestamp": "1996-11-03 07:38:00", "individual": "SW28"}}, {"type": "Feature", "geometry": {"type": "Point", "coordinates": [-68.193, -10.404]}, "properties": {"timestamp": "1996-11-06 10:58:00", "individual": "SW28"}}, {"type": "Feature", "geometry": {"type": "Point", "coordinates": [-65.611, -15.723]}, "properties": {"timestamp": "1996-11-07 17:50:00", "individual": "SW28"}}, {"type": "Feature", "geometry": {"type": "Point", "coordinates": [-65.866, -16.564]}, "properties": {"timestamp": "1996-11-09 06:35:00", "individual": "SW28"}}, {"type": "Feature", "geometry": {"type": "Point", "coordinates": [-65.837, -16.983]}, "properties": {"timestamp": "1996-11-10 18:57:00", "individual": "SW28"}}, {"type": "Feature", "geometry": {"type": "Point", "coordinates": [-63.513, -18.044]}, "properties": {"timestamp": "1996-11-12 10:27:00", "individual": "SW28"}}, {"type": "Feature", "geometry": {"type": "Point", "coordinates": [-63.294, -25.166]}, "properties": {"timestamp": "1996-11-13 16:43:00", "individual": "SW28"}}, {"type": "Feature", "geometry": {"type": "Point", "coordinates": [-62.509, -26.73]}, "properties": {"timestamp": "1996-11-14 00:12:00", "individual": "SW28"}}, {"type": "Feature", "geometry": {"type": "Point", "coordinates": [-62.082, -28.807]}, "properties": {"timestamp": "1996-11-15 05:30:00", "individual": "SW28"}}, {"type": "Feature", "geometry": {"type": "Point", "coordinates": [-61.953, -29.098]}, "properties": {"timestamp": "1996-11-16 17:51:00", "individual": "SW28"}}, {"type": "Feature", "geometry": {"type": "Point", "coordinates": [-62.069, -31.578]}, "properties": {"timestamp": "1996-11-18 05:00:00", "individual": "SW28"}}, {"type": "Feature", "geometry": {"type": "Point", "coordinates": [-61.927, -31.848]}, "properties": {"timestamp": "1996-11-19 18:56:00", "individual": "SW28"}}, {"type": "Feature", "geometry": {"type": "Point", "coordinates": [-62.09, -32.411]}, "properties": {"timestamp": "1996-11-21 04:24:00", "individual": "SW28"}}, {"type": "Feature", "geometry": {"type": "Point", "coordinates": [-62.028, -31.55]}, "properties": {"timestamp": "1996-12-10 10:19:00", "individual": "SW28"}}, {"type": "Feature", "geometry": {"type": "Point", "coordinates": [-62.21, -31.546]}, "properties": {"timestamp": "1996-12-16 23:51:00", "individual": "SW28"}}, {"type": "Feature", "geometry": {"type": "Point", "coordinates": [-62.136, -31.915]}, "properties": {"timestamp": "1996-12-23 05:22:00", "individual": "SW28"}}, {"type": "Feature", "geometry": {"type": "Point", "coordinates": [-62.568, -31.908]}, "properties": {"timestamp": "1996-12-29 18:24:00", "individual": "SW28"}}, {"type": "Feature", "geometry": {"type": "Point", "coordinates": [-62.271, -31.962]}, "properties": {"timestamp": "1997-01-05 06:19:00", "individual": "SW28"}}, {"type": "Feature", "geometry": {"type": "Point", "coordinates": [-62.555, -31.638]}, "properties": {"timestamp": "1997-01-11 10:18:00", "individual": "SW28"}}, {"type": "Feature", "geometry": {"type": "Point", "coordinates": [-61.924, -31.691]}, "properties": {"timestamp": "1997-01-17 23:48:00", "individual": "SW28"}}, {"type": "Feature", "geometry": {"type": "Point", "coordinates": [-61.846, -31.646]}, "properties": {"timestamp": "1997-01-24 06:13:00", "individual": "SW28"}}, {"type": "Feature", "geometry": {"type": "Point", "coordinates": [-61.232, -30.984]}, "properties": {"timestamp": "1997-01-30 19:16:00", "individual": "SW28"}}, {"type": "Feature", "geometry": {"type": "Point", "coordinates": [-61.182, -31.343]}, "properties": {"timestamp": "1997-02-06 05:31:00", "individual": "SW28"}}, {"type": "Feature", "geometry": {"type": "Point", "coordinates": [-61.43, -30.946]}, "properties": {"timestamp": "1997-02-19 04:53:00", "individual": "SW28"}}, {"type": "Feature", "geometry": {"type": "Point", "coordinates": [-62.604, -28.378]}, "properties": {"timestamp": "1997-02-25 08:54:00", "individual": "SW28"}}, {"type": "Feature", "geometry": {"type": "Point", "coordinates": [-65.055, -12.623]}, "properties": {"timestamp": "1997-03-03 18:32:00", "individual": "SW28"}}, {"type": "Feature", "geometry": {"type": "Point", "coordinates": [-65.388, -11.73]}, "properties": {"timestamp": "1997-03-04 00:05:00", "individual": "SW28"}}, {"type": "Feature", "geometry": {"type": "Point", "coordinates": [-67.789, -7.185]}, "properties": {"timestamp": "1997-03-10 06:17:00", "individual": "SW28"}}, {"type": "Feature", "geometry": {"type": "Point", "coordinates": [-70.452, -3.919]}, "properties": {"timestamp": "1997-03-16 17:55:00", "individual": "SW28"}}, {"type": "Feature", "geometry": {"type": "Point", "coordinates": [-74.011, 0.574]}, "properties": {"timestamp": "1997-03-22 23:59:00", "individual": "SW28"}}, {"type": "Feature", "geometry": {"type": "Point", "coordinates": [-73.99, 0.405]}, "properties": {"timestamp": "1997-03-23 05:36:00", "individual": "SW28"}}, {"type": "Feature", "geometry": {"type": "Point", "coordinates": [-97.543, 20.694]}, "properties": {"timestamp": "1997-04-04 19:35:00", "individual": "SW28"}}, {"type": "Feature", "geometry": {"type": "Point", "coordinates": [-97.741, 21.352]}, "properties": {"timestamp": "1997-04-05 00:23:00", "individual": "SW28"}}, {"type": "Feature", "geometry": {"type": "Point", "coordinates": [-98.744, 29.375]}, "properties": {"timestamp": "1997-04-11 08:44:00", "individual": "SW28"}}, {"type": "Feature", "geometry": {"type": "Point", "coordinates": [-98.386, 29.164]}, "properties": {"timestamp": "1997-04-17 15:03:00", "individual": "SW28"}}, {"type": "Feature", "geometry": {"type": "Point", "coordinates": [-96.794, 33.454]}, "properties": {"timestamp": "1997-04-24 00:05:00", "individual": "SW28"}}, {"type": "Feature", "geometry": {"type": "Point", "coordinates": [-97.235, 34.278]}, "properties": {"timestamp": "1997-04-30 13:38:00", "individual": "SW28"}}, {"type": "Feature", "geometry": {"type": "Point", "coordinates": [-95.796, 43.682]}, "properties": {"timestamp": "1997-05-06 20:36:00", "individual": "SW28"}}, {"type": "Feature", "geometry": {"type": "Point", "coordinates": [-96.337, 44.26]}, "properties": {"timestamp": "1997-05-07 02:08:00", "individual": "SW28"}}, {"type": "Feature", "geometry": {"type": "Point", "coordinates": [-96.477, 44.239]}, "properties": {"timestamp": "1997-05-13 07:49:00", "individual": "SW28"}}, {"type": "Feature", "geometry": {"type": "Point", "coordinates": [-96.326, 44.254]}, "properties": {"timestamp": "1997-05-26 08:50:00", "individual": "SW28"}}, {"type": "Feature", "geometry": {"type": "Point", "coordinates": [-96.41, 44.218]}, "properties": {"timestamp": "1997-06-01 19:11:00", "individual": "SW28"}}, {"type": "Feature", "geometry": {"type": "Point", "coordinates": [-96.19, 44.308]}, "properties": {"timestamp": "1997-06-14 08:43:00", "individual": "SW28"}}, {"type": "Feature", "geometry": {"type": "Point", "coordinates": [-96.391, 44.26]}, "properties": {"timestamp": "1997-06-20 19:07:00", "individual": "SW28"}}, {"type": "Feature", "geometry": {"type": "Point", "coordinates": [-96.475, 44.316]}, "properties": {"timestamp": "1997-06-27 09:40:00", "individual": "SW28"}}, {"type": "Feature", "geometry": {"type": "Point", "coordinates": [-96.09, 44.1]}, "properties": {"timestamp": "1997-07-22 00:00:00", "individual": "SW29"}}, {"type": "Feature", "geometry": {"type": "Point", "coordinates": [-96.087, 44.091]}, "properties": {"timestamp": "1997-07-24 01:56:00", "individual": "SW29"}}, {"type": "Feature", "geometry": {"type": "Point", "coordinates": [-96.109, 44.079]}, "properties": {"timestamp": "1997-07-25 09:36:00", "individual": "SW29"}}, {"type": "Feature", "geometry": {"type": "Point", "coordinates": [-96.092, 44.202]}, "properties": {"timestamp": "1997-08-01 14:32:00", "individual": "SW29"}}, {"type": "Feature", "geometry": {"type": "Point", "coordinates": [-96.159, 44.191]}, "properties": {"timestamp": "1997-08-08 18:32:00", "individual": "SW29"}}, {"type": "Feature", "geometry": {"type": "Point", "coordinates": [-96.042, 44.106]}, "properties": {"timestamp": "1997-08-15 20:35:00", "individual": "SW29"}}, {"type": "Feature", "geometry": {"type": "Point", "coordinates": [-96.051, 44.082]}, "properties": {"timestamp": "1997-08-22 23:16:00", "individual": "SW29"}}, {"type": "Feature", "geometry": {"type": "Point", "coordinates": [-96.067, 44.068]}, "properties": {"timestamp": "1997-08-23 00:59:00", "individual": "SW29"}}, {"type": "Feature", "geometry": {"type": "Point", "coordinates": [-96.098, 44.08]}, "properties": {"timestamp": "1997-08-25 20:25:00", "individual": "SW29"}}, {"type": "Feature", "geometry": {"type": "Point", "coordinates": [-96.064, 44.068]}, "properties": {"timestamp": "1997-08-26 01:30:00", "individual": "SW29"}}, {"type": "Feature", "geometry": {"type": "Point", "coordinates": [-96.183, 44.064]}, "properties": {"timestamp": "1997-08-28 19:54:00", "individual": "SW29"}}, {"type": "Feature", "geometry": {"type": "Point", "coordinates": [-96.079, 44.12]}, "properties": {"timestamp": "1997-08-31 11:55:00", "individual": "SW29"}}, {"type": "Feature", "geometry": {"type": "Point", "coordinates": [-96.109, 44.106]}, "properties": {"timestamp": "1997-09-03 09:00:00", "individual": "SW29"}}, {"type": "Feature", "geometry": {"type": "Point", "coordinates": [-96.058, 44.088]}, "properties": {"timestamp": "1997-09-06 08:26:00", "individual": "SW29"}}, {"type": "Feature", "geometry": {"type": "Point", "coordinates": [-96.097, 44.103]}, "properties": {"timestamp": "1997-09-09 09:34:00", "individual": "SW29"}}, {"type": "Feature", "geometry": {"type": "Point", "coordinates": [-96.117, 44.07]}, "properties": {"timestamp": "1997-09-12 02:02:00", "individual": "SW29"}}, {"type": "Feature", "geometry": {"type": "Point", "coordinates": [-96.097, 44.06]}, "properties": {"timestamp": "1997-09-14 21:36:00", "individual": "SW29"}}, {"type": "Feature", "geometry": {"type": "Point", "coordinates": [-96.051, 44.086]}, "properties": {"timestamp": "1997-09-15 00:54:00", "individual": "SW29"}}, {"type": "Feature", "geometry": {"type": "Point", "coordinates": [-96.09, 43.974]}, "properties": {"timestamp": "1997-09-17 19:34:00", "individual": "SW29"}}, {"type": "Feature", "geometry": {"type": "Point", "coordinates": [-96.075, 44.07]}, "properties": {"timestamp": "1997-09-20 20:43:00", "individual": "SW29"}}, {"type": "Feature", "geometry": {"type": "Point", "coordinates": [-96.065, 44.082]}, "properties": {"timestamp": "1997-09-23 13:32:00", "individual": "SW29"}}, {"type": "Feature", "geometry": {"type": "Point", "coordinates": [-95.833, 42.521]}, "properties": {"timestamp": "1997-09-26 08:09:00", "individual": "SW29"}}, {"type": "Feature", "geometry": {"type": "Point", "coordinates": [-95.443, 42.854]}, "properties": {"timestamp": "1997-09-29 07:34:00", "individual": "SW29"}}, {"type": "Feature", "geometry": {"type": "Point", "coordinates": [-96.526, 39.221]}, "properties": {"timestamp": "1997-10-02 01:24:00", "individual": "SW29"}}, {"type": "Feature", "geometry": {"type": "Point", "coordinates": [-96.656, 39.125]}, "properties": {"timestamp": "1997-10-04 22:33:00", "individual": "SW29"}}, {"type": "Feature", "geometry": {"type": "Point", "coordinates": [-96.009, 38.601]}, "properties": {"timestamp": "1997-10-07 20:55:00", "individual": "SW29"}}, {"type": "Feature", "geometry": {"type": "Point", "coordinates": [-95.98, 38.598]}, "properties": {"timestamp": "1997-10-08 00:46:00", "individual": "SW29"}}, {"type": "Feature", "geometry": {"type": "Point", "coordinates": [-97.373, 34.864]}, "properties": {"timestamp": "1997-10-10 22:01:00", "individual": "SW29"}}, {"type": "Feature", "geometry": {"type": "Point", "coordinates": [-97.419, 34.834]}, "properties": {"timestamp": "1997-10-13 14:37:00", "individual": "SW29"}}, {"type": "Feature", "geometry": {"type": "Point", "coordinates": [-97.285, 20.594]}, "properties": {"timestamp": "1997-10-16 09:37:00", "individual": "SW29"}}, {"type": "Feature", "geometry": {"type": "Point", "coordinates": [-96.046, 17.845]}, "properties": {"timestamp": "1997-10-19 12:28:00", "individual": "SW29"}}, {"type": "Feature", "geometry": {"type": "Point", "coordinates": [-62.378, -31.411]}, "properties": {"timestamp": "1997-12-05 10:29:00", "individual": "SW29"}}, {"type": "Feature", "geometry": {"type": "Point", "coordinates": [-62.49, -31.534]}, "properties": {"timestamp": "1997-12-11 18:45:00", "individual": "SW29"}}, {"type": "Feature", "geometry": {"type": "Point", "coordinates": [-64.982, -35.619]}, "properties": {"timestamp": "1997-12-18 02:26:00", "individual": "SW29"}}, {"type": "Feature", "geometry": {"type": "Point", "coordinates": [-62.554, -31.608]}, "properties": {"timestamp": "1997-12-24 10:12:00", "individual": "SW29"}}, {"type": "Feature", "geometry": {"type": "Point", "coordinates": [-62.288, -31.895]}, "properties": {"timestamp": "1997-12-30 18:36:00", "individual": "SW29"}}, {"type": "Feature", "geometry": {"type": "Point", "coordinates": [-62.307, -31.909]}, "properties": {"timestamp": "1997-12-31 01:23:00", "individual": "SW29"}}, {"type": "Feature", "geometry": {"type": "Point", "coordinates": [-62.304, -31.949]}, "properties": {"timestamp": "1998-01-06 06:32:00", "individual": "SW29"}}, {"type": "Feature", "geometry": {"type": "Point", "coordinates": [-62.415, -31.875]}, "properties": {"timestamp": "1998-01-12 11:35:00", "individual": "SW29"}}, {"type": "Feature", "geometry": {"type": "Point", "coordinates": [-62.404, -31.616]}, "properties": {"timestamp": "1998-01-18 20:07:00", "individual": "SW29"}}, {"type": "Feature", "geometry": {"type": "Point", "coordinates": [-62.39, -31.679]}, "properties": {"timestamp": "1998-01-19 00:47:00", "individual": "SW29"}}, {"type": "Feature", "geometry": {"type": "Point", "coordinates": [-62.266, -31.778]}, "properties": {"timestamp": "1998-01-25 04:44:00", "individual": "SW29"}}, {"type": "Feature", "geometry": {"type": "Point", "coordinates": [-62.288, -31.917]}, "properties": {"timestamp": "1998-01-31 11:16:00", "individual": "SW29"}}, {"type": "Feature", "geometry": {"type": "Point", "coordinates": [-62.384, -31.746]}, "properties": {"timestamp": "1998-02-06 19:59:00", "individual": "SW29"}}, {"type": "Feature", "geometry": {"type": "Point", "coordinates": [-64.385, -34.042]}, "properties": {"timestamp": "1998-02-13 04:37:00", "individual": "SW29"}}, {"type": "Feature", "geometry": {"type": "Point", "coordinates": [-63.186, -32.061]}, "properties": {"timestamp": "1998-02-19 17:33:00", "individual": "SW29"}}, {"type": "Feature", "geometry": {"type": "Point", "coordinates": [-62.343, -31.603]}, "properties": {"timestamp": "1998-02-25 19:52:00", "individual": "SW29"}}, {"type": "Feature", "geometry": {"type": "Point", "coordinates": [-62.239, -31.572]}, "properties": {"timestamp": "1998-02-26 01:17:00", "individual": "SW29"}}, {"type": "Feature", "geometry": {"type": "Point", "coordinates": [-62.495, -31.901]}, "properties": {"timestamp": "1998-03-04 06:08:00", "individual": "SW29"}}, {"type": "Feature", "geometry": {"type": "Point", "coordinates": [-62.938, -31.811]}, "properties": {"timestamp": "1998-03-10 11:49:00", "individual": "SW29"}}, {"type": "Feature", "geometry": {"type": "Point", "coordinates": [-62.603, -19.824]}, "properties": {"timestamp": "1998-03-16 19:43:00", "individual": "SW29"}}, {"type": "Feature", "geometry": {"type": "Point", "coordinates": [-65.513, -12.339]}, "properties": {"timestamp": "1998-03-23 07:36:00", "individual": "SW29"}}, {"type": "Feature", "geometry": {"type": "Point", "coordinates": [-63.652, -6.334]}, "properties": {"timestamp": "1998-03-29 12:51:00", "individual": "SW29"}}, {"type": "Feature", "geometry": {"type": "Point", "coordinates": [-74.087, 2.258]}, "properties": {"timestamp": "1998-04-05 01:58:00", "individual": "SW29"}}, {"type": "Feature", "geometry": {"type": "Point", "coordinates": [-87.516, 12.982]}, "properties": {"timestamp": "1998-04-17 13:15:00", "individual": "SW29"}}, {"type": "Feature", "geometry": {"type": "Point", "coordinates": [-87.59, 13.03]}, "properties": {"timestamp": "1998-04-24 01:25:00", "individual": "SW29"}}, {"type": "Feature", "geometry": {"type": "Point", "coordinates": [-84.615, 16.067]}, "properties": {"timestamp": "1998-04-30 08:51:00", "individual": "SW29"}}, {"type": "Feature", "geometry": {"type": "Point", "coordinates": [-97.996, 26.649]}, "properties": {"timestamp": "1998-05-06 14:49:00", "individual": "SW29"}}, {"type": "Feature", "geometry": {"type": "Point", "coordinates": [-97.68, 27.184]}, "properties": {"timestamp": "1998-05-12 21:17:00", "individual": "SW29"}}, {"type": "Feature", "geometry": {"type": "Point", "coordinates": [-97.694, 27.184]}, "properties": {"timestamp": "1998-05-13 01:14:00", "individual": "SW29"}}, {"type": "Feature", "geometry": {"type": "Point", "coordinates": [-97.628, 29.247]}, "properties": {"timestamp": "1998-05-19 08:37:00", "individual": "SW29"}}, {"type": "Feature", "geometry": {"type": "Point", "coordinates": [-97.521, 29.406]}, "properties": {"timestamp": "1998-05-25 15:55:00", "individual": "SW29"}}, {"type": "Feature", "geometry": {"type": "Point", "coordinates": [-97.75, 30.731]}, "properties": {"timestamp": "1998-05-31 23:17:00", "individual": "SW29"}}, {"type": "Feature", "geometry": {"type": "Point", "coordinates": [-97.696, 30.897]}, "properties": {"timestamp": "1998-06-01 00:56:00", "individual": "SW29"}}, {"type": "Feature", "geometry": {"type": "Point", "coordinates": [-96.006, 38.397]}, "properties": {"timestamp": "1998-06-07 10:05:00", "individual": "SW29"}}, {"type": "Feature", "geometry": {"type": "Point", "coordinates": [-116.41, 43.42]}, "properties": {"timestamp": "1995-08-22 00:00:00", "individual": "SW3"}}, {"type": "Feature", "geometry": {"type": "Point", "coordinates": [-116.43, 43.525]}, "properties": {"timestamp": "1995-08-24 01:41:00", "individual": "SW3"}}, {"type": "Feature", "geometry": {"type": "Point", "coordinates": [-116.402, 43.422]}, "properties": {"timestamp": "1995-08-25 09:11:00", "individual": "SW3"}}, {"type": "Feature", "geometry": {"type": "Point", "coordinates": [-116.34, 43.455]}, "properties": {"timestamp": "1995-08-26 18:50:00", "individual": "SW3"}}, {"type": "Feature", "geometry": {"type": "Point", "coordinates": [-114.49, 42.104]}, "properties": {"timestamp": "1995-08-27 00:36:00", "individual": "SW3"}}, {"type": "Feature", "geometry": {"type": "Point", "coordinates": [-113.81, 32.769]}, "properties": {"timestamp": "1995-09-03 09:20:00", "individual": "SW3"}}, {"type": "Feature", "geometry": {"type": "Point", "coordinates": [-111.735, 32.696]}, "properties": {"timestamp": "1995-09-10 14:30:00", "individual": "SW3"}}, {"type": "Feature", "geometry": {"type": "Point", "coordinates": [-111.36, 32.797]}, "properties": {"timestamp": "1995-09-25 10:24:00", "individual": "SW3"}}, {"type": "Feature", "geometry": {"type": "Point", "coordinates": [-111.556, 32.893]}, "properties": {"timestamp": "1995-10-06 13:24:00", "individual": "SW3"}}, {"type": "Feature", "geometry": {"type": "Point", "coordinates": [-107.503, 30.625]}, "properties": {"timestamp": "1995-10-10 09:20:00", "individual": "SW3"}}, {"type": "Feature", "geometry": {"type": "Point", "coordinates": [-99.832, 22.916]}, "properties": {"timestamp": "1995-10-14 01:25:00", "individual": "SW3"}}, {"type": "Feature", "geometry": {"type": "Point", "coordinates": [-95.11, 16.519]}, "properties": {"timestamp": "1995-10-17 14:28:00", "individual": "SW3"}}, {"type": "Feature", "geometry": {"type": "Point", "coordinates": [-74.575, 1.004]}, "properties": {"timestamp": "1995-11-01 18:12:00", "individual": "SW3"}}, {"type": "Feature", "geometry": {"type": "Point", "coordinates": [-72.029, -4.688]}, "properties": {"timestamp": "1995-11-05 04:45:00", "individual": "SW3"}}, {"type": "Feature", "geometry": {"type": "Point", "coordinates": [-68.198, -9.765]}, "properties": {"timestamp": "1995-11-08 22:28:00", "individual": "SW3"}}, {"type": "Feature", "geometry": {"type": "Point", "coordinates": [-66.249, -15.344]}, "properties": {"timestamp": "1995-11-12 17:48:00", "individual": "SW3"}}, {"type": "Feature", "geometry": {"type": "Point", "coordinates": [-61.847, -22.717]}, "properties": {"timestamp": "1995-11-16 06:12:00", "individual": "SW3"}}, {"type": "Feature", "geometry": {"type": "Point", "coordinates": [-61.843, -28.392]}, "properties": {"timestamp": "1995-11-19 23:25:00", "individual": "SW3"}}, {"type": "Feature", "geometry": {"type": "Point", "coordinates": [-62.049, -28.457]}, "properties": {"timestamp": "1995-11-20 05:30:00", "individual": "SW3"}}, {"type": "Feature", "geometry": {"type": "Point", "coordinates": [-62.09, -32.03]}, "properties": {"timestamp": "1995-11-23 17:28:00", "individual": "SW3"}}, {"type": "Feature", "geometry": {"type": "Point", "coordinates": [-61.879, -32.865]}, "properties": {"timestamp": "1995-11-27 09:50:00", "individual": "SW3"}}, {"type": "Feature", "geometry": {"type": "Point", "coordinates": [-60.757, -36.36]}, "properties": {"timestamp": "1995-12-01 03:35:00", "individual": "SW3"}}, {"type": "Feature", "geometry": {"type": "Point", "coordinates": [-61.877, -33.787]}, "properties": {"timestamp": "1995-12-04 22:59:00", "individual": "SW3"}}, {"type": "Feature", "geometry": {"type": "Point", "coordinates": [-62.242, -33.649]}, "properties": {"timestamp": "1995-12-05 00:40:00", "individual": "SW3"}}, {"type": "Feature", "geometry": {"type": "Point", "coordinates": [-61.985, -31.579]}, "properties": {"timestamp": "1995-12-08 18:06:00", "individual": "SW3"}}, {"type": "Feature", "geometry": {"type": "Point", "coordinates": [-63.318, -35.89]}, "properties": {"timestamp": "1995-12-12 06:38:00", "individual": "SW3"}}, {"type": "Feature", "geometry": {"type": "Point", "coordinates": [-61.579, -36.987]}, "properties": {"timestamp": "1995-12-15 22:16:00", "individual": "SW3"}}, {"type": "Feature", "geometry": {"type": "Point", "coordinates": [-61.52, -36.904]}, "properties": {"timestamp": "1995-12-16 05:54:00", "individual": "SW3"}}, {"type": "Feature", "geometry": {"type": "Point", "coordinates": [-62.391, -36.712]}, "properties": {"timestamp": "1995-12-30 19:09:00", "individual": "SW3"}}, {"type": "Feature", "geometry": {"type": "Point", "coordinates": [-63.277, -36.697]}, "properties": {"timestamp": "1995-12-31 01:13:00", "individual": "SW3"}}, {"type": "Feature", "geometry": {"type": "Point", "coordinates": [-61.567, -37.249]}, "properties": {"timestamp": "1996-01-07 03:34:00", "individual": "SW3"}}, {"type": "Feature", "geometry": {"type": "Point", "coordinates": [-61.162, -37.268]}, "properties": {"timestamp": "1996-01-21 23:49:00", "individual": "SW3"}}, {"type": "Feature", "geometry": {"type": "Point", "coordinates": [-61.142, -37.259]}, "properties": {"timestamp": "1996-01-22 04:18:00", "individual": "SW3"}}, {"type": "Feature", "geometry": {"type": "Point", "coordinates": [-62.817, -36.51]}, "properties": {"timestamp": "1996-01-29 10:17:00", "individual": "SW3"}}, {"type": "Feature", "geometry": {"type": "Point", "coordinates": [-64.143, -35.136]}, "properties": {"timestamp": "1996-02-05 19:09:00", "individual": "SW3"}}, {"type": "Feature", "geometry": {"type": "Point", "coordinates": [-63.948, -36.95]}, "properties": {"timestamp": "1996-02-13 05:15:00", "individual": "SW3"}}, {"type": "Feature", "geometry": {"type": "Point", "coordinates": [-62.899, -35.752]}, "properties": {"timestamp": "1996-02-28 05:53:00", "individual": "SW3"}}, {"type": "Feature", "geometry": {"type": "Point", "coordinates": [-96.13, 44.15]}, "properties": {"timestamp": "1997-07-23 00:00:00", "individual": "SW30"}}, {"type": "Feature", "geometry": {"type": "Point", "coordinates": [-96.32, 44.15]}, "properties": {"timestamp": "1997-07-24 21:18:00", "individual": "SW30"}}, {"type": "Feature", "geometry": {"type": "Point", "coordinates": [-96.116, 44.151]}, "properties": {"timestamp": "1997-07-25 01:37:00", "individual": "SW30"}}, {"type": "Feature", "geometry": {"type": "Point", "coordinates": [-96.079, 44.081]}, "properties": {"timestamp": "1997-07-26 07:42:00", "individual": "SW30"}}, {"type": "Feature", "geometry": {"type": "Point", "coordinates": [-96.146, 44.133]}, "properties": {"timestamp": "1997-08-01 21:27:00", "individual": "SW30"}}, {"type": "Feature", "geometry": {"type": "Point", "coordinates": [-96.146, 44.135]}, "properties": {"timestamp": "1997-08-08 08:44:00", "individual": "SW30"}}, {"type": "Feature", "geometry": {"type": "Point", "coordinates": [-96.138, 44.146]}, "properties": {"timestamp": "1997-08-15 00:35:00", "individual": "SW30"}}, {"type": "Feature", "geometry": {"type": "Point", "coordinates": [-96.081, 44.163]}, "properties": {"timestamp": "1997-08-21 19:28:00", "individual": "SW30"}}, {"type": "Feature", "geometry": {"type": "Point", "coordinates": [-96.079, 44.145]}, "properties": {"timestamp": "1997-08-24 09:12:00", "individual": "SW30"}}, {"type": "Feature", "geometry": {"type": "Point", "coordinates": [-96.131, 44.148]}, "properties": {"timestamp": "1997-08-26 23:31:00", "individual": "SW30"}}, {"type": "Feature", "geometry": {"type": "Point", "coordinates": [-96.12, 44.141]}, "properties": {"timestamp": "1997-08-27 01:10:00", "individual": "SW30"}}, {"type": "Feature", "geometry": {"type": "Point", "coordinates": [-96.187, 44.131]}, "properties": {"timestamp": "1997-08-29 16:01:00", "individual": "SW30"}}, {"type": "Feature", "geometry": {"type": "Point", "coordinates": [-96.133, 44.144]}, "properties": {"timestamp": "1997-09-01 09:20:00", "individual": "SW30"}}, {"type": "Feature", "geometry": {"type": "Point", "coordinates": [-96.172, 44.145]}, "properties": {"timestamp": "1997-09-03 23:56:00", "individual": "SW30"}}, {"type": "Feature", "geometry": {"type": "Point", "coordinates": [-96.164, 44.101]}, "properties": {"timestamp": "1997-09-06 14:44:00", "individual": "SW30"}}, {"type": "Feature", "geometry": {"type": "Point", "coordinates": [-96.137, 44.151]}, "properties": {"timestamp": "1997-09-09 09:33:00", "individual": "SW30"}}, {"type": "Feature", "geometry": {"type": "Point", "coordinates": [-96.059, 44.164]}, "properties": {"timestamp": "1997-09-12 02:04:00", "individual": "SW30"}}, {"type": "Feature", "geometry": {"type": "Point", "coordinates": [-96.142, 44.176]}, "properties": {"timestamp": "1997-09-14 15:09:00", "individual": "SW30"}}, {"type": "Feature", "geometry": {"type": "Point", "coordinates": [-96.086, 44.144]}, "properties": {"timestamp": "1997-09-17 08:02:00", "individual": "SW30"}}, {"type": "Feature", "geometry": {"type": "Point", "coordinates": [-96.156, 44.157]}, "properties": {"timestamp": "1997-09-19 23:04:00", "individual": "SW30"}}, {"type": "Feature", "geometry": {"type": "Point", "coordinates": [-96.143, 44.152]}, "properties": {"timestamp": "1997-09-20 00:44:00", "individual": "SW30"}}, {"type": "Feature", "geometry": {"type": "Point", "coordinates": [-96.141, 44.157]}, "properties": {"timestamp": "1997-09-22 13:56:00", "individual": "SW30"}}, {"type": "Feature", "geometry": {"type": "Point", "coordinates": [-96.067, 44.165]}, "properties": {"timestamp": "1997-09-25 08:17:00", "individual": "SW30"}}, {"type": "Feature", "geometry": {"type": "Point", "coordinates": [-96.145, 44.151]}, "properties": {"timestamp": "1997-09-27 23:29:00", "individual": "SW30"}}, {"type": "Feature", "geometry": {"type": "Point", "coordinates": [-96.132, 44.148]}, "properties": {"timestamp": "1997-09-28 01:07:00", "individual": "SW30"}}, {"type": "Feature", "geometry": {"type": "Point", "coordinates": [-92.072, 40.277]}, "properties": {"timestamp": "1997-09-30 14:21:00", "individual": "SW30"}}, {"type": "Feature", "geometry": {"type": "Point", "coordinates": [-94.572, 36.808]}, "properties": {"timestamp": "1997-10-03 08:34:00", "individual": "SW30"}}, {"type": "Feature", "geometry": {"type": "Point", "coordinates": [-96.746, 37.334]}, "properties": {"timestamp": "1997-10-05 21:17:00", "individual": "SW30"}}, {"type": "Feature", "geometry": {"type": "Point", "coordinates": [-97.049, 37.302]}, "properties": {"timestamp": "1997-10-06 01:33:00", "individual": "SW30"}}, {"type": "Feature", "geometry": {"type": "Point", "coordinates": [-97.194, 36.876]}, "properties": {"timestamp": "1997-10-08 13:05:00", "individual": "SW30"}}, {"type": "Feature", "geometry": {"type": "Point", "coordinates": [-98.949, 33.332]}, "properties": {"timestamp": "1997-10-11 08:47:00", "individual": "SW30"}}, {"type": "Feature", "geometry": {"type": "Point", "coordinates": [-98.188, 27.741]}, "properties": {"timestamp": "1997-10-13 21:25:00", "individual": "SW30"}}, {"type": "Feature", "geometry": {"type": "Point", "coordinates": [-98.001, 27.136]}, "properties": {"timestamp": "1997-10-14 01:55:00", "individual": "SW30"}}, {"type": "Feature", "geometry": {"type": "Point", "coordinates": [-97.757, 21.846]}, "properties": {"timestamp": "1997-10-16 13:34:00", "individual": "SW30"}}, {"type": "Feature", "geometry": {"type": "Point", "coordinates": [-116.5, 43.46]}, "properties": {"timestamp": "1996-09-04 00:00:00", "individual": "SW31"}}, {"type": "Feature", "geometry": {"type": "Point", "coordinates": [-116.516, 43.485]}, "properties": {"timestamp": "1996-09-10 00:55:00", "individual": "SW31"}}, {"type": "Feature", "geometry": {"type": "Point", "coordinates": [-114.232, 42.675]}, "properties": {"timestamp": "1996-09-17 09:16:00", "individual": "SW31"}}, {"type": "Feature", "geometry": {"type": "Point", "coordinates": [-114.302, 42.563]}, "properties": {"timestamp": "1996-09-18 22:10:00", "individual": "SW31"}}, {"type": "Feature", "geometry": {"type": "Point", "coordinates": [-114.288, 42.687]}, "properties": {"timestamp": "1996-09-19 01:00:00", "individual": "SW31"}}, {"type": "Feature", "geometry": {"type": "Point", "coordinates": [-114.393, 42.684]}, "properties": {"timestamp": "1996-09-20 08:40:00", "individual": "SW31"}}, {"type": "Feature", "geometry": {"type": "Point", "coordinates": [-114.616, 41.707]}, "properties": {"timestamp": "1996-09-21 19:58:00", "individual": "SW31"}}, {"type": "Feature", "geometry": {"type": "Point", "coordinates": [-113.157, 42.06]}, "properties": {"timestamp": "1996-09-22 01:34:00", "individual": "SW31"}}, {"type": "Feature", "geometry": {"type": "Point", "coordinates": [-112.754, 38.169]}, "properties": {"timestamp": "1996-09-23 08:09:00", "individual": "SW31"}}, {"type": "Feature", "geometry": {"type": "Point", "coordinates": [-110.864, 33.936]}, "properties": {"timestamp": "1996-09-25 00:27:00", "individual": "SW31"}}, {"type": "Feature", "geometry": {"type": "Point", "coordinates": [-109.439, 32.623]}, "properties": {"timestamp": "1996-09-26 09:21:00", "individual": "SW31"}}, {"type": "Feature", "geometry": {"type": "Point", "coordinates": [-107.928, 30.874]}, "properties": {"timestamp": "1996-09-27 18:51:00", "individual": "SW31"}}, {"type": "Feature", "geometry": {"type": "Point", "coordinates": [-107.675, 30.279]}, "properties": {"timestamp": "1996-09-28 00:58:00", "individual": "SW31"}}, {"type": "Feature", "geometry": {"type": "Point", "coordinates": [-107.145, 29.254]}, "properties": {"timestamp": "1996-09-29 08:47:00", "individual": "SW31"}}, {"type": "Feature", "geometry": {"type": "Point", "coordinates": [-107.058, 28.947]}, "properties": {"timestamp": "1996-09-30 19:58:00", "individual": "SW31"}}, {"type": "Feature", "geometry": {"type": "Point", "coordinates": [-106.982, 29.168]}, "properties": {"timestamp": "1996-10-01 03:15:00", "individual": "SW31"}}, {"type": "Feature", "geometry": {"type": "Point", "coordinates": [-107.232, 29.196]}, "properties": {"timestamp": "1996-10-02 13:32:00", "individual": "SW31"}}, {"type": "Feature", "geometry": {"type": "Point", "coordinates": [-107.045, 29.157]}, "properties": {"timestamp": "1996-10-04 02:04:00", "individual": "SW31"}}, {"type": "Feature", "geometry": {"type": "Point", "coordinates": [-107.025, 29.149]}, "properties": {"timestamp": "1996-10-06 20:32:00", "individual": "SW31"}}, {"type": "Feature", "geometry": {"type": "Point", "coordinates": [-107.139, 29.247]}, "properties": {"timestamp": "1996-10-07 01:01:00", "individual": "SW31"}}, {"type": "Feature", "geometry": {"type": "Point", "coordinates": [-105.83, 27.367]}, "properties": {"timestamp": "1996-10-08 08:53:00", "individual": "SW31"}}, {"type": "Feature", "geometry": {"type": "Point", "coordinates": [-102.72, 25.274]}, "properties": {"timestamp": "1996-10-09 21:40:00", "individual": "SW31"}}, {"type": "Feature", "geometry": {"type": "Point", "coordinates": [-102.464, 24.608]}, "properties": {"timestamp": "1996-10-10 01:32:00", "individual": "SW31"}}, {"type": "Feature", "geometry": {"type": "Point", "coordinates": [-100.851, 23.84]}, "properties": {"timestamp": "1996-10-11 09:57:00", "individual": "SW31"}}, {"type": "Feature", "geometry": {"type": "Point", "coordinates": [-98.309, 20.773]}, "properties": {"timestamp": "1996-10-12 21:05:00", "individual": "SW31"}}, {"type": "Feature", "geometry": {"type": "Point", "coordinates": [-95.973, 18.291]}, "properties": {"timestamp": "1996-10-14 09:25:00", "individual": "SW31"}}, {"type": "Feature", "geometry": {"type": "Point", "coordinates": [-92.09, 14.646]}, "properties": {"timestamp": "1996-10-15 20:31:00", "individual": "SW31"}}, {"type": "Feature", "geometry": {"type": "Point", "coordinates": [-91.831, 14.722]}, "properties": {"timestamp": "1996-10-16 00:58:00", "individual": "SW31"}}, {"type": "Feature", "geometry": {"type": "Point", "coordinates": [-90.933, 14.49]}, "properties": {"timestamp": "1996-10-17 13:09:00", "individual": "SW31"}}, {"type": "Feature", "geometry": {"type": "Point", "coordinates": [-87.43, 13.561]}, "properties": {"timestamp": "1996-10-19 01:33:00", "individual": "SW31"}}, {"type": "Feature", "geometry": {"type": "Point", "coordinates": [-86.66, 13.059]}, "properties": {"timestamp": "1996-10-20 13:40:00", "individual": "SW31"}}, {"type": "Feature", "geometry": {"type": "Point", "coordinates": [-84.174, 10.886]}, "properties": {"timestamp": "1996-10-21 21:03:00", "individual": "SW31"}}, {"type": "Feature", "geometry": {"type": "Point", "coordinates": [-77.036, 8.066]}, "properties": {"timestamp": "1996-10-27 23:53:00", "individual": "SW31"}}, {"type": "Feature", "geometry": {"type": "Point", "coordinates": [-74.32, 4.791]}, "properties": {"timestamp": "1996-10-30 19:27:00", "individual": "SW31"}}, {"type": "Feature", "geometry": {"type": "Point", "coordinates": [-73.997, 3.767]}, "properties": {"timestamp": "1996-11-01 11:03:00", "individual": "SW31"}}, {"type": "Feature", "geometry": {"type": "Point", "coordinates": [-71.64, -0.759]}, "properties": {"timestamp": "1996-11-02 20:28:00", "individual": "SW31"}}, {"type": "Feature", "geometry": {"type": "Point", "coordinates": [-72.603, -0.977]}, "properties": {"timestamp": "1996-11-03 00:59:00", "individual": "SW31"}}, {"type": "Feature", "geometry": {"type": "Point", "coordinates": [-71.213, -4.017]}, "properties": {"timestamp": "1996-11-04 07:25:00", "individual": "SW31"}}, {"type": "Feature", "geometry": {"type": "Point", "coordinates": [-68.746, -6.671]}, "properties": {"timestamp": "1996-11-05 20:00:00", "individual": "SW31"}}, {"type": "Feature", "geometry": {"type": "Point", "coordinates": [-68.481, -8.831]}, "properties": {"timestamp": "1996-11-07 10:33:00", "individual": "SW31"}}, {"type": "Feature", "geometry": {"type": "Point", "coordinates": [-66.75, -11.122]}, "properties": {"timestamp": "1996-11-08 22:45:00", "individual": "SW31"}}, {"type": "Feature", "geometry": {"type": "Point", "coordinates": [-66.246, -12.217]}, "properties": {"timestamp": "1996-11-10 08:02:00", "individual": "SW31"}}, {"type": "Feature", "geometry": {"type": "Point", "coordinates": [-65.54, -14.65]}, "properties": {"timestamp": "1996-11-11 21:39:00", "individual": "SW31"}}, {"type": "Feature", "geometry": {"type": "Point", "coordinates": [-62.795, -19.551]}, "properties": {"timestamp": "1996-11-13 10:07:00", "individual": "SW31"}}, {"type": "Feature", "geometry": {"type": "Point", "coordinates": [-60.712, -21.887]}, "properties": {"timestamp": "1996-11-14 19:51:00", "individual": "SW31"}}, {"type": "Feature", "geometry": {"type": "Point", "coordinates": [-63.156, -25.863]}, "properties": {"timestamp": "1996-11-16 10:44:00", "individual": "SW31"}}, {"type": "Feature", "geometry": {"type": "Point", "coordinates": [-63.446, -32.122]}, "properties": {"timestamp": "1996-11-22 20:04:00", "individual": "SW31"}}, {"type": "Feature", "geometry": {"type": "Point", "coordinates": [-62.818, -32.863]}, "properties": {"timestamp": "1996-11-23 00:11:00", "individual": "SW31"}}, {"type": "Feature", "geometry": {"type": "Point", "coordinates": [-63.739, -35.591]}, "properties": {"timestamp": "1996-11-29 06:22:00", "individual": "SW31"}}, {"type": "Feature", "geometry": {"type": "Point", "coordinates": [-64.374, -33.601]}, "properties": {"timestamp": "1996-12-25 06:37:00", "individual": "SW31"}}, {"type": "Feature", "geometry": {"type": "Point", "coordinates": [-116.5, 43.46]}, "properties": {"timestamp": "1996-09-04 00:00:00", "individual": "SW32"}}, {"type": "Feature", "geometry": {"type": "Point", "coordinates": [-116.57, 43.435]}, "properties": {"timestamp": "1996-09-09 20:29:00", "individual": "SW32"}}, {"type": "Feature", "geometry": {"type": "Point", "coordinates": [-116.616, 43.274]}, "properties": {"timestamp": "1996-09-16 20:55:00", "individual": "SW32"}}, {"type": "Feature", "geometry": {"type": "Point", "coordinates": [-115.948, 42.946]}, "properties": {"timestamp": "1996-09-17 00:01:00", "individual": "SW32"}}, {"type": "Feature", "geometry": {"type": "Point", "coordinates": [-115.218, 38.792]}, "properties": {"timestamp": "1996-09-18 09:02:00", "individual": "SW32"}}, {"type": "Feature", "geometry": {"type": "Point", "coordinates": [-112.996, 33.158]}, "properties": {"timestamp": "1996-09-19 20:17:00", "individual": "SW32"}}, {"type": "Feature", "geometry": {"type": "Point", "coordinates": [-111.437, 32.725]}, "properties": {"timestamp": "1996-09-20 00:31:00", "individual": "SW32"}}, {"type": "Feature", "geometry": {"type": "Point", "coordinates": [-111.761, 32.445]}, "properties": {"timestamp": "1996-09-21 08:33:00", "individual": "SW32"}}, {"type": "Feature", "geometry": {"type": "Point", "coordinates": [-111.756, 32.455]}, "properties": {"timestamp": "1996-09-22 21:26:00", "individual": "SW32"}}, {"type": "Feature", "geometry": {"type": "Point", "coordinates": [-111.763, 32.451]}, "properties": {"timestamp": "1996-09-23 01:03:00", "individual": "SW32"}}, {"type": "Feature", "geometry": {"type": "Point", "coordinates": [-111.805, 32.553]}, "properties": {"timestamp": "1996-09-24 11:24:00", "individual": "SW32"}}, {"type": "Feature", "geometry": {"type": "Point", "coordinates": [-111.699, 32.413]}, "properties": {"timestamp": "1996-09-25 16:04:00", "individual": "SW32"}}, {"type": "Feature", "geometry": {"type": "Point", "coordinates": [-111.714, 32.45]}, "properties": {"timestamp": "1996-09-27 09:06:00", "individual": "SW32"}}, {"type": "Feature", "geometry": {"type": "Point", "coordinates": [-111.735, 32.462]}, "properties": {"timestamp": "1996-09-28 14:56:00", "individual": "SW32"}}, {"type": "Feature", "geometry": {"type": "Point", "coordinates": [-111.938, 32.387]}, "properties": {"timestamp": "1996-09-30 03:38:00", "individual": "SW32"}}, {"type": "Feature", "geometry": {"type": "Point", "coordinates": [-111.735, 32.452]}, "properties": {"timestamp": "1996-10-03 02:29:00", "individual": "SW32"}}, {"type": "Feature", "geometry": {"type": "Point", "coordinates": [-111.757, 30.999]}, "properties": {"timestamp": "1996-10-04 16:07:00", "individual": "SW32"}}, {"type": "Feature", "geometry": {"type": "Point", "coordinates": [-107.936, 27.009]}, "properties": {"timestamp": "1996-10-06 01:22:00", "individual": "SW32"}}, {"type": "Feature", "geometry": {"type": "Point", "coordinates": [-106.384, 26.397]}, "properties": {"timestamp": "1996-10-07 13:25:00", "individual": "SW32"}}, {"type": "Feature", "geometry": {"type": "Point", "coordinates": [-102.031, 24.063]}, "properties": {"timestamp": "1996-10-09 00:14:00", "individual": "SW32"}}, {"type": "Feature", "geometry": {"type": "Point", "coordinates": [-100.482, 23.034]}, "properties": {"timestamp": "1996-10-10 13:59:00", "individual": "SW32"}}, {"type": "Feature", "geometry": {"type": "Point", "coordinates": [-97.384, 20.098]}, "properties": {"timestamp": "1996-10-12 00:47:00", "individual": "SW32"}}, {"type": "Feature", "geometry": {"type": "Point", "coordinates": [-95.87, 18.221]}, "properties": {"timestamp": "1996-10-13 09:39:00", "individual": "SW32"}}, {"type": "Feature", "geometry": {"type": "Point", "coordinates": [-94.227, 16.443]}, "properties": {"timestamp": "1996-10-14 20:41:00", "individual": "SW32"}}, {"type": "Feature", "geometry": {"type": "Point", "coordinates": [-91.828, 14.719]}, "properties": {"timestamp": "1996-10-16 09:08:00", "individual": "SW32"}}, {"type": "Feature", "geometry": {"type": "Point", "coordinates": [-89.368, 13.936]}, "properties": {"timestamp": "1996-10-17 20:06:00", "individual": "SW32"}}, {"type": "Feature", "geometry": {"type": "Point", "coordinates": [-89.024, 13.758]}, "properties": {"timestamp": "1996-10-18 00:15:00", "individual": "SW32"}}, {"type": "Feature", "geometry": {"type": "Point", "coordinates": [-88.06, 12.88]}, "properties": {"timestamp": "1996-10-19 14:04:00", "individual": "SW32"}}, {"type": "Feature", "geometry": {"type": "Point", "coordinates": [-85.745, 11.58]}, "properties": {"timestamp": "1996-10-20 17:53:00", "individual": "SW32"}}, {"type": "Feature", "geometry": {"type": "Point", "coordinates": [-84.699, 11.374]}, "properties": {"timestamp": "1996-10-21 00:47:00", "individual": "SW32"}}, {"type": "Feature", "geometry": {"type": "Point", "coordinates": [-84.321, 10.835]}, "properties": {"timestamp": "1996-10-22 08:01:00", "individual": "SW32"}}, {"type": "Feature", "geometry": {"type": "Point", "coordinates": [-81.868, 8.971]}, "properties": {"timestamp": "1996-10-23 18:59:00", "individual": "SW32"}}, {"type": "Feature", "geometry": {"type": "Point", "coordinates": [-77.684, 8.258]}, "properties": {"timestamp": "1996-10-26 18:28:00", "individual": "SW32"}}, {"type": "Feature", "geometry": {"type": "Point", "coordinates": [-75.895, 7.551]}, "properties": {"timestamp": "1996-10-28 08:42:00", "individual": "SW32"}}, {"type": "Feature", "geometry": {"type": "Point", "coordinates": [-74.579, 6.3]}, "properties": {"timestamp": "1996-10-29 17:54:00", "individual": "SW32"}}, {"type": "Feature", "geometry": {"type": "Point", "coordinates": [-74.852, 4.192]}, "properties": {"timestamp": "1996-10-31 00:31:00", "individual": "SW32"}}, {"type": "Feature", "geometry": {"type": "Point", "coordinates": [-78.039, 2.811]}, "properties": {"timestamp": "1996-11-01 12:47:00", "individual": "SW32"}}, {"type": "Feature", "geometry": {"type": "Point", "coordinates": [-73.416, -1.162]}, "properties": {"timestamp": "1996-11-02 23:17:00", "individual": "SW32"}}, {"type": "Feature", "geometry": {"type": "Point", "coordinates": [-72.193, -3.181]}, "properties": {"timestamp": "1996-11-04 11:38:00", "individual": "SW32"}}, {"type": "Feature", "geometry": {"type": "Point", "coordinates": [-71.466, -5.6]}, "properties": {"timestamp": "1996-11-05 22:12:00", "individual": "SW32"}}, {"type": "Feature", "geometry": {"type": "Point", "coordinates": [-70.569, -7.092]}, "properties": {"timestamp": "1996-11-07 10:36:00", "individual": "SW32"}}, {"type": "Feature", "geometry": {"type": "Point", "coordinates": [-68.431, -9.121]}, "properties": {"timestamp": "1996-11-08 22:45:00", "individual": "SW32"}}, {"type": "Feature", "geometry": {"type": "Point", "coordinates": [-67.011, -12.623]}, "properties": {"timestamp": "1996-11-11 18:47:00", "individual": "SW32"}}, {"type": "Feature", "geometry": {"type": "Point", "coordinates": [-65.143, -15.242]}, "properties": {"timestamp": "1996-11-13 10:02:00", "individual": "SW32"}}, {"type": "Feature", "geometry": {"type": "Point", "coordinates": [-60.729, -20.057]}, "properties": {"timestamp": "1996-11-14 18:12:00", "individual": "SW32"}}, {"type": "Feature", "geometry": {"type": "Point", "coordinates": [-61.726, -28.453]}, "properties": {"timestamp": "1996-11-21 04:29:00", "individual": "SW32"}}, {"type": "Feature", "geometry": {"type": "Point", "coordinates": [-63.409, -35.825]}, "properties": {"timestamp": "1996-11-27 10:05:00", "individual": "SW32"}}, {"type": "Feature", "geometry": {"type": "Point", "coordinates": [-63.841, -36.501]}, "properties": {"timestamp": "1996-12-03 18:04:00", "individual": "SW32"}}, {"type": "Feature", "geometry": {"type": "Point", "coordinates": [-63.944, -36.074]}, "properties": {"timestamp": "1996-12-10 04:25:00", "individual": "SW32"}}, {"type": "Feature", "geometry": {"type": "Point", "coordinates": [-63.491, -35.793]}, "properties": {"timestamp": "1996-12-16 09:49:00", "individual": "SW32"}}, {"type": "Feature", "geometry": {"type": "Point", "coordinates": [-62.783, -35.049]}, "properties": {"timestamp": "1996-12-22 17:57:00", "individual": "SW32"}}, {"type": "Feature", "geometry": {"type": "Point", "coordinates": [-63.304, -35.173]}, "properties": {"timestamp": "1997-01-04 09:36:00", "individual": "SW32"}}, {"type": "Feature", "geometry": {"type": "Point", "coordinates": [-64.392, -35.465]}, "properties": {"timestamp": "1997-01-10 17:53:00", "individual": "SW32"}}, {"type": "Feature", "geometry": {"type": "Point", "coordinates": [-63.963, -35.378]}, "properties": {"timestamp": "1997-01-17 00:13:00", "individual": "SW32"}}, {"type": "Feature", "geometry": {"type": "Point", "coordinates": [-63.757, -36.572]}, "properties": {"timestamp": "1997-01-23 08:05:00", "individual": "SW32"}}, {"type": "Feature", "geometry": {"type": "Point", "coordinates": [-61.742, -37.64]}, "properties": {"timestamp": "1997-01-29 17:41:00", "individual": "SW32"}}, {"type": "Feature", "geometry": {"type": "Point", "coordinates": [-62.155, -36.437]}, "properties": {"timestamp": "1997-02-04 22:15:00", "individual": "SW32"}}, {"type": "Feature", "geometry": {"type": "Point", "coordinates": [-62.101, -36.459]}, "properties": {"timestamp": "1997-02-05 05:42:00", "individual": "SW32"}}, {"type": "Feature", "geometry": {"type": "Point", "coordinates": [-61.979, -36.336]}, "properties": {"timestamp": "1997-02-11 06:18:00", "individual": "SW32"}}, {"type": "Feature", "geometry": {"type": "Point", "coordinates": [-62.418, -36.275]}, "properties": {"timestamp": "1997-02-17 17:36:00", "individual": "SW32"}}, {"type": "Feature", "geometry": {"type": "Point", "coordinates": [-63.796, -33.801]}, "properties": {"timestamp": "1997-02-23 22:00:00", "individual": "SW32"}}, {"type": "Feature", "geometry": {"type": "Point", "coordinates": [-62.746, -22.071]}, "properties": {"timestamp": "1997-03-02 06:08:00", "individual": "SW32"}}, {"type": "Feature", "geometry": {"type": "Point", "coordinates": [-67.912, -9.695]}, "properties": {"timestamp": "1997-03-08 17:38:00", "individual": "SW32"}}, {"type": "Feature", "geometry": {"type": "Point", "coordinates": [-74.11, 0.169]}, "properties": {"timestamp": "1997-03-21 05:54:00", "individual": "SW32"}}, {"type": "Feature", "geometry": {"type": "Point", "coordinates": [-78.886, 7.912]}, "properties": {"timestamp": "1997-03-27 17:39:00", "individual": "SW32"}}, {"type": "Feature", "geometry": {"type": "Point", "coordinates": [-95.023, 16.838]}, "properties": {"timestamp": "1997-04-02 23:24:00", "individual": "SW32"}}, {"type": "Feature", "geometry": {"type": "Point", "coordinates": [-95.479, 17.055]}, "properties": {"timestamp": "1997-04-03 00:59:00", "individual": "SW32"}}, {"type": "Feature", "geometry": {"type": "Point", "coordinates": [-98.633, 24.1]}, "properties": {"timestamp": "1997-04-09 09:06:00", "individual": "SW32"}}, {"type": "Feature", "geometry": {"type": "Point", "coordinates": [-111.42, 32.841]}, "properties": {"timestamp": "1997-04-15 14:06:00", "individual": "SW32"}}, {"type": "Feature", "geometry": {"type": "Point", "coordinates": [-113.821, 42.524]}, "properties": {"timestamp": "1997-04-21 21:38:00", "individual": "SW32"}}, {"type": "Feature", "geometry": {"type": "Point", "coordinates": [-113.903, 42.428]}, "properties": {"timestamp": "1997-04-22 02:33:00", "individual": "SW32"}}, {"type": "Feature", "geometry": {"type": "Point", "coordinates": [-116.748, 43.487]}, "properties": {"timestamp": "1997-04-28 10:37:00", "individual": "SW32"}}, {"type": "Feature", "geometry": {"type": "Point", "coordinates": [-116.099, 43.427]}, "properties": {"timestamp": "1997-05-04 15:25:00", "individual": "SW32"}}, {"type": "Feature", "geometry": {"type": "Point", "coordinates": [-116.482, 43.455]}, "properties": {"timestamp": "1997-05-11 00:39:00", "individual": "SW32"}}, {"type": "Feature", "geometry": {"type": "Point", "coordinates": [-116.355, 43.41]}, "properties": {"timestamp": "1997-05-17 08:44:00", "individual": "SW32"}}, {"type": "Feature", "geometry": {"type": "Point", "coordinates": [-116.57, 43.65]}, "properties": {"timestamp": "1997-09-06 00:00:00", "individual": "SW33"}}, {"type": "Feature", "geometry": {"type": "Point", "coordinates": [-116.552, 43.655]}, "properties": {"timestamp": "1997-09-12 08:58:00", "individual": "SW33"}}, {"type": "Feature", "geometry": {"type": "Point", "coordinates": [-114.977, 42.28]}, "properties": {"timestamp": "1997-09-19 09:26:00", "individual": "SW33"}}, {"type": "Feature", "geometry": {"type": "Point", "coordinates": [-107.363, 32.449]}, "properties": {"timestamp": "1997-09-26 11:31:00", "individual": "SW33"}}, {"type": "Feature", "geometry": {"type": "Point", "coordinates": [-107.582, 32.469]}, "properties": {"timestamp": "1997-10-03 13:17:00", "individual": "SW33"}}, {"type": "Feature", "geometry": {"type": "Point", "coordinates": [-107.539, 32.503]}, "properties": {"timestamp": "1997-10-05 01:55:00", "individual": "SW33"}}, {"type": "Feature", "geometry": {"type": "Point", "coordinates": [-107.402, 32.48]}, "properties": {"timestamp": "1997-10-06 11:26:00", "individual": "SW33"}}, {"type": "Feature", "geometry": {"type": "Point", "coordinates": [-107.527, 32.483]}, "properties": {"timestamp": "1997-10-08 00:44:00", "individual": "SW33"}}, {"type": "Feature", "geometry": {"type": "Point", "coordinates": [-107.501, 32.447]}, "properties": {"timestamp": "1997-10-09 09:08:00", "individual": "SW33"}}, {"type": "Feature", "geometry": {"type": "Point", "coordinates": [-107.498, 32.433]}, "properties": {"timestamp": "1997-10-10 20:21:00", "individual": "SW33"}}, {"type": "Feature", "geometry": {"type": "Point", "coordinates": [-107.589, 32.46]}, "properties": {"timestamp": "1997-10-11 01:20:00", "individual": "SW33"}}, {"type": "Feature", "geometry": {"type": "Point", "coordinates": [-107.549, 32.476]}, "properties": {"timestamp": "1997-10-12 10:17:00", "individual": "SW33"}}, {"type": "Feature", "geometry": {"type": "Point", "coordinates": [-103.556, 25.981]}, "properties": {"timestamp": "1997-10-13 21:24:00", "individual": "SW33"}}, {"type": "Feature", "geometry": {"type": "Point", "coordinates": [-103.071, 25.94]}, "properties": {"timestamp": "1997-10-14 01:52:00", "individual": "SW33"}}, {"type": "Feature", "geometry": {"type": "Point", "coordinates": [-101.45, 24.428]}, "properties": {"timestamp": "1997-10-15 09:46:00", "individual": "SW33"}}, {"type": "Feature", "geometry": {"type": "Point", "coordinates": [-98.826, 22.6]}, "properties": {"timestamp": "1997-10-16 20:52:00", "individual": "SW33"}}, {"type": "Feature", "geometry": {"type": "Point", "coordinates": [-98.741, 22.617]}, "properties": {"timestamp": "1997-10-17 00:44:00", "individual": "SW33"}}, {"type": "Feature", "geometry": {"type": "Point", "coordinates": [-98.667, 22.554]}, "properties": {"timestamp": "1997-10-18 09:11:00", "individual": "SW33"}}, {"type": "Feature", "geometry": {"type": "Point", "coordinates": [-98.649, 22.631]}, "properties": {"timestamp": "1997-10-19 20:17:00", "individual": "SW33"}}, {"type": "Feature", "geometry": {"type": "Point", "coordinates": [-98.815, 22.649]}, "properties": {"timestamp": "1997-10-21 08:39:00", "individual": "SW33"}}, {"type": "Feature", "geometry": {"type": "Point", "coordinates": [-98.651, 22.043]}, "properties": {"timestamp": "1997-10-22 19:50:00", "individual": "SW33"}}, {"type": "Feature", "geometry": {"type": "Point", "coordinates": [-97.153, 19.901]}, "properties": {"timestamp": "1997-10-24 01:35:00", "individual": "SW33"}}, {"type": "Feature", "geometry": {"type": "Point", "coordinates": [-96.529, 19.292]}, "properties": {"timestamp": "1997-10-25 13:35:00", "individual": "SW33"}}, {"type": "Feature", "geometry": {"type": "Point", "coordinates": [-94.558, 16.665]}, "properties": {"timestamp": "1997-10-27 00:25:00", "individual": "SW33"}}, {"type": "Feature", "geometry": {"type": "Point", "coordinates": [-92.872, 15.429]}, "properties": {"timestamp": "1997-10-28 12:32:00", "individual": "SW33"}}, {"type": "Feature", "geometry": {"type": "Point", "coordinates": [-89.596, 14.051]}, "properties": {"timestamp": "1997-10-29 21:47:00", "individual": "SW33"}}, {"type": "Feature", "geometry": {"type": "Point", "coordinates": [-88.956, 13.915]}, "properties": {"timestamp": "1997-10-30 00:59:00", "individual": "SW33"}}, {"type": "Feature", "geometry": {"type": "Point", "coordinates": [-87.47, 13.152]}, "properties": {"timestamp": "1997-10-31 11:30:00", "individual": "SW33"}}, {"type": "Feature", "geometry": {"type": "Point", "coordinates": [-60.72, -23.344]}, "properties": {"timestamp": "1997-12-01 06:24:00", "individual": "SW33"}}, {"type": "Feature", "geometry": {"type": "Point", "coordinates": [-61.478, -31.62]}, "properties": {"timestamp": "1997-12-07 09:46:00", "individual": "SW33"}}, {"type": "Feature", "geometry": {"type": "Point", "coordinates": [-61.63, -31.456]}, "properties": {"timestamp": "1997-12-13 18:21:00", "individual": "SW33"}}, {"type": "Feature", "geometry": {"type": "Point", "coordinates": [-61.505, -31.474]}, "properties": {"timestamp": "1997-12-19 22:45:00", "individual": "SW33"}}, {"type": "Feature", "geometry": {"type": "Point", "coordinates": [-61.411, -31.539]}, "properties": {"timestamp": "1997-12-20 06:16:00", "individual": "SW33"}}, {"type": "Feature", "geometry": {"type": "Point", "coordinates": [-61.921, -31.808]}, "properties": {"timestamp": "1997-12-26 06:53:00", "individual": "SW33"}}, {"type": "Feature", "geometry": {"type": "Point", "coordinates": [-61.798, -31.162]}, "properties": {"timestamp": "1998-01-01 18:14:00", "individual": "SW33"}}, {"type": "Feature", "geometry": {"type": "Point", "coordinates": [-61.564, -31.488]}, "properties": {"timestamp": "1998-01-07 22:25:00", "individual": "SW33"}}, {"type": "Feature", "geometry": {"type": "Point", "coordinates": [-61.662, -31.587]}, "properties": {"timestamp": "1998-01-08 01:22:00", "individual": "SW33"}}, {"type": "Feature", "geometry": {"type": "Point", "coordinates": [-65.303, -34.065]}, "properties": {"timestamp": "1998-01-14 05:04:00", "individual": "SW33"}}, {"type": "Feature", "geometry": {"type": "Point", "coordinates": [-64.436, -33.679]}, "properties": {"timestamp": "1998-01-20 11:55:00", "individual": "SW33"}}, {"type": "Feature", "geometry": {"type": "Point", "coordinates": [-64.279, -33.538]}, "properties": {"timestamp": "1998-01-26 20:19:00", "individual": "SW33"}}, {"type": "Feature", "geometry": {"type": "Point", "coordinates": [-64.257, -33.585]}, "properties": {"timestamp": "1998-01-27 00:45:00", "individual": "SW33"}}, {"type": "Feature", "geometry": {"type": "Point", "coordinates": [-63.705, -33.285]}, "properties": {"timestamp": "1998-02-02 04:55:00", "individual": "SW33"}}, {"type": "Feature", "geometry": {"type": "Point", "coordinates": [-64.063, -33.613]}, "properties": {"timestamp": "1998-02-08 10:01:00", "individual": "SW33"}}, {"type": "Feature", "geometry": {"type": "Point", "coordinates": [-64.289, -33.581]}, "properties": {"timestamp": "1998-02-14 18:31:00", "individual": "SW33"}}, {"type": "Feature", "geometry": {"type": "Point", "coordinates": [-64.302, -33.737]}, "properties": {"timestamp": "1998-02-20 22:59:00", "individual": "SW33"}}, {"type": "Feature", "geometry": {"type": "Point", "coordinates": [-64.314, -33.712]}, "properties": {"timestamp": "1998-02-21 00:37:00", "individual": "SW33"}}, {"type": "Feature", "geometry": {"type": "Point", "coordinates": [-62.791, -32.824]}, "properties": {"timestamp": "1998-02-27 07:03:00", "individual": "SW33"}}, {"type": "Feature", "geometry": {"type": "Point", "coordinates": [-63.858, -32.708]}, "properties": {"timestamp": "1998-03-05 20:04:00", "individual": "SW33"}}, {"type": "Feature", "geometry": {"type": "Point", "coordinates": [-68.579, -24.248]}, "properties": {"timestamp": "1998-03-11 22:42:00", "individual": "SW33"}}, {"type": "Feature", "geometry": {"type": "Point", "coordinates": [-66.942, -11.884]}, "properties": {"timestamp": "1998-03-18 06:49:00", "individual": "SW33"}}, {"type": "Feature", "geometry": {"type": "Point", "coordinates": [-77.241, 7.572]}, "properties": {"timestamp": "1998-04-06 08:14:00", "individual": "SW33"}}, {"type": "Feature", "geometry": {"type": "Point", "coordinates": [-82.541, 9.341]}, "properties": {"timestamp": "1998-04-12 08:49:00", "individual": "SW33"}}, {"type": "Feature", "geometry": {"type": "Point", "coordinates": [-84.339, 10.523]}, "properties": {"timestamp": "1998-04-18 20:31:00", "individual": "SW33"}}, {"type": "Feature", "geometry": {"type": "Point", "coordinates": [-88.461, 13.987]}, "properties": {"timestamp": "1998-04-25 01:14:00", "individual": "SW33"}}, {"type": "Feature", "geometry": {"type": "Point", "coordinates": [-98.04, 21.574]}, "properties": {"timestamp": "1998-05-01 08:39:00", "individual": "SW33"}}, {"type": "Feature", "geometry": {"type": "Point", "coordinates": [-104.138, 25.005]}, "properties": {"timestamp": "1998-05-07 16:17:00", "individual": "SW33"}}, {"type": "Feature", "geometry": {"type": "Point", "coordinates": [-107.242, 31.112]}, "properties": {"timestamp": "1998-05-14 00:53:00", "individual": "SW33"}}, {"type": "Feature", "geometry": {"type": "Point", "coordinates": [-108.441, 30.929]}, "properties": {"timestamp": "1998-05-20 10:05:00", "individual": "SW33"}}, {"type": "Feature", "geometry": {"type": "Point", "coordinates": [-112.393, 37.851]}, "properties": {"timestamp": "1998-05-26 17:20:00", "individual": "SW33"}}, {"type": "Feature", "geometry": {"type": "Point", "coordinates": [-115.195, 43.738]}, "properties": {"timestamp": "1998-06-01 21:03:00", "individual": "SW33"}}, {"type": "Feature", "geometry": {"type": "Point", "coordinates": [-116.621, 43.548]}, "properties": {"timestamp": "1998-06-02 00:43:00", "individual": "SW33"}}, {"type": "Feature", "geometry": {"type": "Point", "coordinates": [-116.606, 43.661]}, "properties": {"timestamp": "1998-06-20 20:53:00", "individual": "SW33"}}, {"type": "Feature", "geometry": {"type": "Point", "coordinates": [-116.482, 43.657]}, "properties": {"timestamp": "1998-06-21 02:55:00", "individual": "SW33"}}, {"type": "Feature", "geometry": {"type": "Point", "coordinates": [-117.95, 45.26]}, "properties": {"timestamp": "1996-08-27 00:00:00", "individual": "SW34"}}, {"type": "Feature", "geometry": {"type": "Point", "coordinates": [-113.496, 42.791]}, "properties": {"timestamp": "1996-09-02 14:25:00", "individual": "SW34"}}, {"type": "Feature", "geometry": {"type": "Point", "coordinates": [-114.43, 42.544]}, "properties": {"timestamp": "1996-09-09 15:14:00", "individual": "SW34"}}, {"type": "Feature", "geometry": {"type": "Point", "coordinates": [-109.253, 39.594]}, "properties": {"timestamp": "1996-09-16 14:21:00", "individual": "SW34"}}, {"type": "Feature", "geometry": {"type": "Point", "coordinates": [-103.439, 35.853]}, "properties": {"timestamp": "1996-09-23 13:26:00", "individual": "SW34"}}, {"type": "Feature", "geometry": {"type": "Point", "coordinates": [-104.408, 36.024]}, "properties": {"timestamp": "1996-09-26 14:04:00", "individual": "SW34"}}, {"type": "Feature", "geometry": {"type": "Point", "coordinates": [-102.626, 34.445]}, "properties": {"timestamp": "1996-09-29 02:16:00", "individual": "SW34"}}, {"type": "Feature", "geometry": {"type": "Point", "coordinates": [-102.613, 33.251]}, "properties": {"timestamp": "1996-10-04 20:57:00", "individual": "SW34"}}, {"type": "Feature", "geometry": {"type": "Point", "coordinates": [-101.524, 31.631]}, "properties": {"timestamp": "1996-10-07 13:22:00", "individual": "SW34"}}, {"type": "Feature", "geometry": {"type": "Point", "coordinates": [-98.191, 23.471]}, "properties": {"timestamp": "1996-10-10 08:32:00", "individual": "SW34"}}, {"type": "Feature", "geometry": {"type": "Point", "coordinates": [-95.052, 16.451]}, "properties": {"timestamp": "1996-10-13 08:03:00", "individual": "SW34"}}, {"type": "Feature", "geometry": {"type": "Point", "coordinates": [-89.319, 14.04]}, "properties": {"timestamp": "1996-10-15 20:31:00", "individual": "SW34"}}, {"type": "Feature", "geometry": {"type": "Point", "coordinates": [-88.98, 14.1]}, "properties": {"timestamp": "1996-10-16 01:00:00", "individual": "SW34"}}, {"type": "Feature", "geometry": {"type": "Point", "coordinates": [-85.75, 12.718]}, "properties": {"timestamp": "1996-10-18 18:18:00", "individual": "SW34"}}, {"type": "Feature", "geometry": {"type": "Point", "coordinates": [-84.451, 10.316]}, "properties": {"timestamp": "1996-10-21 13:22:00", "individual": "SW34"}}, {"type": "Feature", "geometry": {"type": "Point", "coordinates": [-80.353, 7.727]}, "properties": {"timestamp": "1996-10-27 00:18:00", "individual": "SW34"}}, {"type": "Feature", "geometry": {"type": "Point", "coordinates": [-80.372, 7.674]}, "properties": {"timestamp": "1996-10-29 17:57:00", "individual": "SW34"}}, {"type": "Feature", "geometry": {"type": "Point", "coordinates": [-72.24, -3.603]}, "properties": {"timestamp": "1996-11-09 22:26:00", "individual": "SW34"}}, {"type": "Feature", "geometry": {"type": "Point", "coordinates": [-70.895, -6.475]}, "properties": {"timestamp": "1996-11-12 20:19:00", "individual": "SW34"}}, {"type": "Feature", "geometry": {"type": "Point", "coordinates": [-68.334, -9.722]}, "properties": {"timestamp": "1996-11-15 11:02:00", "individual": "SW34"}}, {"type": "Feature", "geometry": {"type": "Point", "coordinates": [-66.096, -13.332]}, "properties": {"timestamp": "1996-11-18 04:58:00", "individual": "SW34"}}, {"type": "Feature", "geometry": {"type": "Point", "coordinates": [-62.59, -17.718]}, "properties": {"timestamp": "1996-11-27 06:39:00", "individual": "SW34"}}, {"type": "Feature", "geometry": {"type": "Point", "coordinates": [-62.926, -33.08]}, "properties": {"timestamp": "1996-12-03 07:22:00", "individual": "SW34"}}, {"type": "Feature", "geometry": {"type": "Point", "coordinates": [-63.853, -33.531]}, "properties": {"timestamp": "1996-12-09 10:42:00", "individual": "SW34"}}, {"type": "Feature", "geometry": {"type": "Point", "coordinates": [-64.611, -33.869]}, "properties": {"timestamp": "1996-12-15 17:34:00", "individual": "SW34"}}, {"type": "Feature", "geometry": {"type": "Point", "coordinates": [-65.081, -34.325]}, "properties": {"timestamp": "1996-12-21 19:50:00", "individual": "SW34"}}, {"type": "Feature", "geometry": {"type": "Point", "coordinates": [-63.725, -35.22]}, "properties": {"timestamp": "1996-12-27 23:10:00", "individual": "SW34"}}, {"type": "Feature", "geometry": {"type": "Point", "coordinates": [-63.09, -36.786]}, "properties": {"timestamp": "1997-01-03 05:03:00", "individual": "SW34"}}, {"type": "Feature", "geometry": {"type": "Point", "coordinates": [-61.82, -36.136]}, "properties": {"timestamp": "1997-01-09 05:36:00", "individual": "SW34"}}, {"type": "Feature", "geometry": {"type": "Point", "coordinates": [-64.031, -34.35]}, "properties": {"timestamp": "1997-01-15 10:33:00", "individual": "SW34"}}, {"type": "Feature", "geometry": {"type": "Point", "coordinates": [-64.163, -34.164]}, "properties": {"timestamp": "1997-01-21 17:31:00", "individual": "SW34"}}, {"type": "Feature", "geometry": {"type": "Point", "coordinates": [-64.327, -34.219]}, "properties": {"timestamp": "1997-01-27 19:47:00", "individual": "SW34"}}, {"type": "Feature", "geometry": {"type": "Point", "coordinates": [-63.631, -31.778]}, "properties": {"timestamp": "1997-02-02 20:22:00", "individual": "SW34"}}, {"type": "Feature", "geometry": {"type": "Point", "coordinates": [-62.831, -31.508]}, "properties": {"timestamp": "1997-02-09 00:09:00", "individual": "SW34"}}, {"type": "Feature", "geometry": {"type": "Point", "coordinates": [-62.16, -31.704]}, "properties": {"timestamp": "1997-02-15 05:35:00", "individual": "SW34"}}, {"type": "Feature", "geometry": {"type": "Point", "coordinates": [-62.322, -31.6]}, "properties": {"timestamp": "1997-02-21 08:43:00", "individual": "SW34"}}, {"type": "Feature", "geometry": {"type": "Point", "coordinates": [-62.23, -31.505]}, "properties": {"timestamp": "1997-02-27 17:31:00", "individual": "SW34"}}, {"type": "Feature", "geometry": {"type": "Point", "coordinates": [-68.798, -6.925]}, "properties": {"timestamp": "1997-03-11 20:28:00", "individual": "SW34"}}, {"type": "Feature", "geometry": {"type": "Point", "coordinates": [-71.722, -2.332]}, "properties": {"timestamp": "1997-03-18 00:10:00", "individual": "SW34"}}, {"type": "Feature", "geometry": {"type": "Point", "coordinates": [-70.606, 1.923]}, "properties": {"timestamp": "1997-03-24 07:03:00", "individual": "SW34"}}, {"type": "Feature", "geometry": {"type": "Point", "coordinates": [-99.867, 21.92]}, "properties": {"timestamp": "1997-04-05 12:46:00", "individual": "SW34"}}, {"type": "Feature", "geometry": {"type": "Point", "coordinates": [-104.209, 26.656]}, "properties": {"timestamp": "1997-04-11 20:02:00", "individual": "SW34"}}, {"type": "Feature", "geometry": {"type": "Point", "coordinates": [-114.07, 32.982]}, "properties": {"timestamp": "1997-04-17 20:40:00", "individual": "SW34"}}, {"type": "Feature", "geometry": {"type": "Point", "coordinates": [-114.713, 33.5]}, "properties": {"timestamp": "1997-04-18 02:21:00", "individual": "SW34"}}, {"type": "Feature", "geometry": {"type": "Point", "coordinates": [-120.18, 35.231]}, "properties": {"timestamp": "1997-04-23 22:59:00", "individual": "SW34"}}, {"type": "Feature", "geometry": {"type": "Point", "coordinates": [-120.589, 37.052]}, "properties": {"timestamp": "1997-04-30 02:56:00", "individual": "SW34"}}, {"type": "Feature", "geometry": {"type": "Point", "coordinates": [-118.753, 39.405]}, "properties": {"timestamp": "1997-05-06 10:49:00", "individual": "SW34"}}, {"type": "Feature", "geometry": {"type": "Point", "coordinates": [-117.94, 45.28]}, "properties": {"timestamp": "1996-08-27 00:00:00", "individual": "SW35"}}, {"type": "Feature", "geometry": {"type": "Point", "coordinates": [-117.998, 45.269]}, "properties": {"timestamp": "1996-09-08 03:18:00", "individual": "SW35"}}, {"type": "Feature", "geometry": {"type": "Point", "coordinates": [-117.987, 45.279]}, "properties": {"timestamp": "1996-09-14 11:28:00", "individual": "SW35"}}, {"type": "Feature", "geometry": {"type": "Point", "coordinates": [-117.936, 45.286]}, "properties": {"timestamp": "1996-09-23 09:50:00", "individual": "SW35"}}, {"type": "Feature", "geometry": {"type": "Point", "coordinates": [-118.005, 45.21]}, "properties": {"timestamp": "1996-09-25 20:59:00", "individual": "SW35"}}, {"type": "Feature", "geometry": {"type": "Point", "coordinates": [-117.792, 45.335]}, "properties": {"timestamp": "1996-09-26 01:47:00", "individual": "SW35"}}, {"type": "Feature", "geometry": {"type": "Point", "coordinates": [-117.824, 45.321]}, "properties": {"timestamp": "1996-09-28 08:54:00", "individual": "SW35"}}, {"type": "Feature", "geometry": {"type": "Point", "coordinates": [-116.811, 43.502]}, "properties": {"timestamp": "1996-09-30 21:44:00", "individual": "SW35"}}, {"type": "Feature", "geometry": {"type": "Point", "coordinates": [-116.555, 43.456]}, "properties": {"timestamp": "1996-10-01 01:36:00", "individual": "SW35"}}, {"type": "Feature", "geometry": {"type": "Point", "coordinates": [-114.134, 37.961]}, "properties": {"timestamp": "1996-10-03 09:46:00", "individual": "SW35"}}, {"type": "Feature", "geometry": {"type": "Point", "coordinates": [-107.995, 33.442]}, "properties": {"timestamp": "1996-10-05 23:44:00", "individual": "SW35"}}, {"type": "Feature", "geometry": {"type": "Point", "coordinates": [-107.708, 33.425]}, "properties": {"timestamp": "1996-10-06 01:25:00", "individual": "SW35"}}, {"type": "Feature", "geometry": {"type": "Point", "coordinates": [-107.424, 32.687]}, "properties": {"timestamp": "1996-10-08 12:59:00", "individual": "SW35"}}, {"type": "Feature", "geometry": {"type": "Point", "coordinates": [-101.863, 30.938]}, "properties": {"timestamp": "1996-10-11 01:15:00", "individual": "SW35"}}, {"type": "Feature", "geometry": {"type": "Point", "coordinates": [-100.114, 31.832]}, "properties": {"timestamp": "1996-10-13 12:49:00", "individual": "SW35"}}, {"type": "Feature", "geometry": {"type": "Point", "coordinates": [-98.978, 26.928]}, "properties": {"timestamp": "1996-10-18 14:24:00", "individual": "SW35"}}, {"type": "Feature", "geometry": {"type": "Point", "coordinates": [-93.425, 15.807]}, "properties": {"timestamp": "1996-10-23 20:44:00", "individual": "SW35"}}, {"type": "Feature", "geometry": {"type": "Point", "coordinates": [-89.457, 14.137]}, "properties": {"timestamp": "1996-10-26 08:58:00", "individual": "SW35"}}, {"type": "Feature", "geometry": {"type": "Point", "coordinates": [-86.555, 12.151]}, "properties": {"timestamp": "1996-10-28 18:06:00", "individual": "SW35"}}, {"type": "Feature", "geometry": {"type": "Point", "coordinates": [-80.495, 8.64]}, "properties": {"timestamp": "1996-11-02 20:34:00", "individual": "SW35"}}, {"type": "Feature", "geometry": {"type": "Point", "coordinates": [-80.484, 9.084]}, "properties": {"timestamp": "1996-11-03 01:01:00", "individual": "SW35"}}, {"type": "Feature", "geometry": {"type": "Point", "coordinates": [-77.84, 8.344]}, "properties": {"timestamp": "1996-11-05 12:48:00", "individual": "SW35"}}, {"type": "Feature", "geometry": {"type": "Point", "coordinates": [-76.026, 7.696]}, "properties": {"timestamp": "1996-11-07 23:14:00", "individual": "SW35"}}, {"type": "Feature", "geometry": {"type": "Point", "coordinates": [-74.881, 6.547]}, "properties": {"timestamp": "1996-11-10 11:00:00", "individual": "SW35"}}, {"type": "Feature", "geometry": {"type": "Point", "coordinates": [-75.592, 2.332]}, "properties": {"timestamp": "1996-11-12 23:00:00", "individual": "SW35"}}, {"type": "Feature", "geometry": {"type": "Point", "coordinates": [-71.297, -6.107]}, "properties": {"timestamp": "1996-11-18 17:34:00", "individual": "SW35"}}, {"type": "Feature", "geometry": {"type": "Point", "coordinates": [-65.804, -11.225]}, "properties": {"timestamp": "1996-11-24 05:26:00", "individual": "SW35"}}, {"type": "Feature", "geometry": {"type": "Point", "coordinates": [-64.298, -16.705]}, "properties": {"timestamp": "1996-11-29 18:53:00", "individual": "SW35"}}, {"type": "Feature", "geometry": {"type": "Point", "coordinates": [-64.39, -26.556]}, "properties": {"timestamp": "1996-12-05 08:50:00", "individual": "SW35"}}, {"type": "Feature", "geometry": {"type": "Point", "coordinates": [-64.321, -25.54]}, "properties": {"timestamp": "1996-12-10 22:42:00", "individual": "SW35"}}, {"type": "Feature", "geometry": {"type": "Point", "coordinates": [-64.165, -25.406]}, "properties": {"timestamp": "1996-12-11 00:16:00", "individual": "SW35"}}, {"type": "Feature", "geometry": {"type": "Point", "coordinates": [-64.868, -26.743]}, "properties": {"timestamp": "1996-12-16 17:25:00", "individual": "SW35"}}, {"type": "Feature", "geometry": {"type": "Point", "coordinates": [-64.396, -26.552]}, "properties": {"timestamp": "1996-12-22 05:30:00", "individual": "SW35"}}, {"type": "Feature", "geometry": {"type": "Point", "coordinates": [-64.311, -26.656]}, "properties": {"timestamp": "1996-12-27 23:11:00", "individual": "SW35"}}, {"type": "Feature", "geometry": {"type": "Point", "coordinates": [-64.627, -26.775]}, "properties": {"timestamp": "1997-01-02 08:34:00", "individual": "SW35"}}, {"type": "Feature", "geometry": {"type": "Point", "coordinates": [-64.513, -26.366]}, "properties": {"timestamp": "1997-01-08 00:10:00", "individual": "SW35"}}, {"type": "Feature", "geometry": {"type": "Point", "coordinates": [-64.394, -25.644]}, "properties": {"timestamp": "1997-01-13 17:18:00", "individual": "SW35"}}, {"type": "Feature", "geometry": {"type": "Point", "coordinates": [-65.166, -30.682]}, "properties": {"timestamp": "1997-01-19 05:27:00", "individual": "SW35"}}, {"type": "Feature", "geometry": {"type": "Point", "coordinates": [-61.719, -37.257]}, "properties": {"timestamp": "1997-01-24 20:18:00", "individual": "SW35"}}, {"type": "Feature", "geometry": {"type": "Point", "coordinates": [-61.835, -37.211]}, "properties": {"timestamp": "1997-01-25 00:34:00", "individual": "SW35"}}, {"type": "Feature", "geometry": {"type": "Point", "coordinates": [-61.771, -34.766]}, "properties": {"timestamp": "1997-01-30 10:05:00", "individual": "SW35"}}, {"type": "Feature", "geometry": {"type": "Point", "coordinates": [-63.811, -33.096]}, "properties": {"timestamp": "1997-02-04 23:55:00", "individual": "SW35"}}, {"type": "Feature", "geometry": {"type": "Point", "coordinates": [-63.867, -33.125]}, "properties": {"timestamp": "1997-02-05 05:45:00", "individual": "SW35"}}, {"type": "Feature", "geometry": {"type": "Point", "coordinates": [-64.122, -33.383]}, "properties": {"timestamp": "1997-02-16 05:22:00", "individual": "SW35"}}, {"type": "Feature", "geometry": {"type": "Point", "coordinates": [-63.901, -34.092]}, "properties": {"timestamp": "1997-02-21 22:43:00", "individual": "SW35"}}, {"type": "Feature", "geometry": {"type": "Point", "coordinates": [-63.902, -34.084]}, "properties": {"timestamp": "1997-02-22 00:25:00", "individual": "SW35"}}, {"type": "Feature", "geometry": {"type": "Point", "coordinates": [-64.02, -33.541]}, "properties": {"timestamp": "1997-02-27 09:53:00", "individual": "SW35"}}, {"type": "Feature", "geometry": {"type": "Point", "coordinates": [-62.543, -31.681]}, "properties": {"timestamp": "1997-03-04 23:43:00", "individual": "SW35"}}, {"type": "Feature", "geometry": {"type": "Point", "coordinates": [-62.571, -31.674]}, "properties": {"timestamp": "1997-03-05 05:37:00", "individual": "SW35"}}, {"type": "Feature", "geometry": {"type": "Point", "coordinates": [-62.823, -24.444]}, "properties": {"timestamp": "1997-03-10 17:14:00", "individual": "SW35"}}, {"type": "Feature", "geometry": {"type": "Point", "coordinates": [-62.881, -17.181]}, "properties": {"timestamp": "1997-03-16 05:14:00", "individual": "SW35"}}, {"type": "Feature", "geometry": {"type": "Point", "coordinates": [-64.449, -11.85]}, "properties": {"timestamp": "1997-03-21 18:39:00", "individual": "SW35"}}, {"type": "Feature", "geometry": {"type": "Point", "coordinates": [-65.315, -11.658]}, "properties": {"timestamp": "1997-03-22 00:17:00", "individual": "SW35"}}, {"type": "Feature", "geometry": {"type": "Point", "coordinates": [-67.007, -9.143]}, "properties": {"timestamp": "1997-03-27 09:30:00", "individual": "SW35"}}, {"type": "Feature", "geometry": {"type": "Point", "coordinates": [-69.312, -1.819]}, "properties": {"timestamp": "1997-04-01 23:40:00", "individual": "SW35"}}, {"type": "Feature", "geometry": {"type": "Point", "coordinates": [-69.351, -1.834]}, "properties": {"timestamp": "1997-04-02 05:28:00", "individual": "SW35"}}, {"type": "Feature", "geometry": {"type": "Point", "coordinates": [-72.214, 5.701]}, "properties": {"timestamp": "1997-04-13 06:46:00", "individual": "SW35"}}, {"type": "Feature", "geometry": {"type": "Point", "coordinates": [-76.735, 8.145]}, "properties": {"timestamp": "1997-04-18 18:39:00", "individual": "SW35"}}, {"type": "Feature", "geometry": {"type": "Point", "coordinates": [-82.567, 9.34]}, "properties": {"timestamp": "1997-04-24 08:06:00", "individual": "SW35"}}, {"type": "Feature", "geometry": {"type": "Point", "coordinates": [-93.777, 16.135]}, "properties": {"timestamp": "1997-04-30 01:10:00", "individual": "SW35"}}, {"type": "Feature", "geometry": {"type": "Point", "coordinates": [-98.346, 21.907]}, "properties": {"timestamp": "1997-05-05 13:32:00", "individual": "SW35"}}, {"type": "Feature", "geometry": {"type": "Point", "coordinates": [-114.955, 35.251]}, "properties": {"timestamp": "1997-05-11 02:19:00", "individual": "SW35"}}, {"type": "Feature", "geometry": {"type": "Point", "coordinates": [-117.39, 45.794]}, "properties": {"timestamp": "1997-05-16 18:47:00", "individual": "SW35"}}, {"type": "Feature", "geometry": {"type": "Point", "coordinates": [-117.928, 45.302]}, "properties": {"timestamp": "1997-05-22 09:34:00", "individual": "SW35"}}, {"type": "Feature", "geometry": {"type": "Point", "coordinates": [-111.88, 51.38]}, "properties": {"timestamp": "1996-08-10 00:00:00", "individual": "SW36"}}, {"type": "Feature", "geometry": {"type": "Point", "coordinates": [-111.866, 51.382]}, "properties": {"timestamp": "1996-08-17 21:20:00", "individual": "SW36"}}, {"type": "Feature", "geometry": {"type": "Point", "coordinates": [-111.912, 51.391]}, "properties": {"timestamp": "1996-08-18 00:59:00", "individual": "SW36"}}, {"type": "Feature", "geometry": {"type": "Point", "coordinates": [-111.803, 51.403]}, "properties": {"timestamp": "1996-08-25 03:26:00", "individual": "SW36"}}, {"type": "Feature", "geometry": {"type": "Point", "coordinates": [-111.888, 51.397]}, "properties": {"timestamp": "1996-09-01 10:25:00", "individual": "SW36"}}, {"type": "Feature", "geometry": {"type": "Point", "coordinates": [-111.873, 51.386]}, "properties": {"timestamp": "1996-09-08 15:29:00", "individual": "SW36"}}, {"type": "Feature", "geometry": {"type": "Point", "coordinates": [-112.018, 51.292]}, "properties": {"timestamp": "1996-09-15 21:07:00", "individual": "SW36"}}, {"type": "Feature", "geometry": {"type": "Point", "coordinates": [-111.78, 51.433]}, "properties": {"timestamp": "1996-09-16 00:23:00", "individual": "SW36"}}, {"type": "Feature", "geometry": {"type": "Point", "coordinates": [-112.022, 51.425]}, "properties": {"timestamp": "1996-09-23 02:53:00", "individual": "SW36"}}, {"type": "Feature", "geometry": {"type": "Point", "coordinates": [-102.524, 38.887]}, "properties": {"timestamp": "1996-09-30 08:38:00", "individual": "SW36"}}, {"type": "Feature", "geometry": {"type": "Point", "coordinates": [-99.673, 30.952]}, "properties": {"timestamp": "1996-10-07 14:59:00", "individual": "SW36"}}, {"type": "Feature", "geometry": {"type": "Point", "coordinates": [-87.06, 12.991]}, "properties": {"timestamp": "1996-10-15 20:30:00", "individual": "SW36"}}, {"type": "Feature", "geometry": {"type": "Point", "coordinates": [-83.57, 9.758]}, "properties": {"timestamp": "1996-10-19 19:42:00", "individual": "SW36"}}, {"type": "Feature", "geometry": {"type": "Point", "coordinates": [-77.492, 7.917]}, "properties": {"timestamp": "1996-10-23 18:59:00", "individual": "SW36"}}, {"type": "Feature", "geometry": {"type": "Point", "coordinates": [-74.021, 1.638]}, "properties": {"timestamp": "1996-10-27 19:55:00", "individual": "SW36"}}, {"type": "Feature", "geometry": {"type": "Point", "coordinates": [-71.998, -3.706]}, "properties": {"timestamp": "1996-10-31 22:23:00", "individual": "SW36"}}, {"type": "Feature", "geometry": {"type": "Point", "coordinates": [-67.689, -11.01]}, "properties": {"timestamp": "1996-11-05 05:34:00", "individual": "SW36"}}, {"type": "Feature", "geometry": {"type": "Point", "coordinates": [-63.311, -15.467]}, "properties": {"timestamp": "1996-11-09 06:33:00", "individual": "SW36"}}, {"type": "Feature", "geometry": {"type": "Point", "coordinates": [-62.482, -27.863]}, "properties": {"timestamp": "1996-11-13 00:33:00", "individual": "SW36"}}, {"type": "Feature", "geometry": {"type": "Point", "coordinates": [-62.418, -33.136]}, "properties": {"timestamp": "1996-11-17 03:30:00", "individual": "SW36"}}, {"type": "Feature", "geometry": {"type": "Point", "coordinates": [-61.308, -33.157]}, "properties": {"timestamp": "1996-11-21 04:29:00", "individual": "SW36"}}, {"type": "Feature", "geometry": {"type": "Point", "coordinates": [-61.0, -33.497]}, "properties": {"timestamp": "1996-11-25 05:24:00", "individual": "SW36"}}, {"type": "Feature", "geometry": {"type": "Point", "coordinates": [-60.823, -33.539]}, "properties": {"timestamp": "1996-11-29 06:22:00", "individual": "SW36"}}, {"type": "Feature", "geometry": {"type": "Point", "coordinates": [-61.934, -33.181]}, "properties": {"timestamp": "1996-12-03 11:14:00", "individual": "SW36"}}, {"type": "Feature", "geometry": {"type": "Point", "coordinates": [-62.056, -33.277]}, "properties": {"timestamp": "1996-12-07 11:26:00", "individual": "SW36"}}, {"type": "Feature", "geometry": {"type": "Point", "coordinates": [-63.82, -33.446]}, "properties": {"timestamp": "1996-12-11 09:59:00", "individual": "SW36"}}, {"type": "Feature", "geometry": {"type": "Point", "coordinates": [-64.253, -33.213]}, "properties": {"timestamp": "1996-12-15 10:10:00", "individual": "SW36"}}, {"type": "Feature", "geometry": {"type": "Point", "coordinates": [-64.538, -33.925]}, "properties": {"timestamp": "1996-12-19 18:32:00", "individual": "SW36"}}, {"type": "Feature", "geometry": {"type": "Point", "coordinates": [-64.634, -33.855]}, "properties": {"timestamp": "1996-12-23 17:47:00", "individual": "SW36"}}, {"type": "Feature", "geometry": {"type": "Point", "coordinates": [-64.759, -33.943]}, "properties": {"timestamp": "1996-12-27 18:44:00", "individual": "SW36"}}, {"type": "Feature", "geometry": {"type": "Point", "coordinates": [-64.289, -33.836]}, "properties": {"timestamp": "1996-12-31 17:58:00", "individual": "SW36"}}, {"type": "Feature", "geometry": {"type": "Point", "coordinates": [-63.737, -35.337]}, "properties": {"timestamp": "1997-01-04 18:56:00", "individual": "SW36"}}, {"type": "Feature", "geometry": {"type": "Point", "coordinates": [-62.954, -35.358]}, "properties": {"timestamp": "1997-01-08 19:50:00", "individual": "SW36"}}, {"type": "Feature", "geometry": {"type": "Point", "coordinates": [-62.484, -34.514]}, "properties": {"timestamp": "1997-01-12 22:19:00", "individual": "SW36"}}, {"type": "Feature", "geometry": {"type": "Point", "coordinates": [-64.303, -34.875]}, "properties": {"timestamp": "1997-01-16 22:29:00", "individual": "SW36"}}, {"type": "Feature", "geometry": {"type": "Point", "coordinates": [-64.303, -34.839]}, "properties": {"timestamp": "1997-01-17 00:08:00", "individual": "SW36"}}, {"type": "Feature", "geometry": {"type": "Point", "coordinates": [-64.005, -36.052]}, "properties": {"timestamp": "1997-01-20 22:41:00", "individual": "SW36"}}, {"type": "Feature", "geometry": {"type": "Point", "coordinates": [-64.003, -36.066]}, "properties": {"timestamp": "1997-01-21 00:22:00", "individual": "SW36"}}, {"type": "Feature", "geometry": {"type": "Point", "coordinates": [-63.619, -36.9]}, "properties": {"timestamp": "1997-01-25 00:37:00", "individual": "SW36"}}, {"type": "Feature", "geometry": {"type": "Point", "coordinates": [-61.772, -36.287]}, "properties": {"timestamp": "1997-01-29 00:48:00", "individual": "SW36"}}, {"type": "Feature", "geometry": {"type": "Point", "coordinates": [-61.768, -32.888]}, "properties": {"timestamp": "1997-02-02 04:37:00", "individual": "SW36"}}, {"type": "Feature", "geometry": {"type": "Point", "coordinates": [-60.89, -31.529]}, "properties": {"timestamp": "1997-02-06 05:30:00", "individual": "SW36"}}, {"type": "Feature", "geometry": {"type": "Point", "coordinates": [-61.018, -31.68]}, "properties": {"timestamp": "1997-02-10 09:25:00", "individual": "SW36"}}, {"type": "Feature", "geometry": {"type": "Point", "coordinates": [-61.049, -31.549]}, "properties": {"timestamp": "1997-02-14 11:12:00", "individual": "SW36"}}, {"type": "Feature", "geometry": {"type": "Point", "coordinates": [-60.869, -31.553]}, "properties": {"timestamp": "1997-02-18 09:48:00", "individual": "SW36"}}, {"type": "Feature", "geometry": {"type": "Point", "coordinates": [-60.885, -31.624]}, "properties": {"timestamp": "1997-02-22 10:00:00", "individual": "SW36"}}, {"type": "Feature", "geometry": {"type": "Point", "coordinates": [-61.386, -31.232]}, "properties": {"timestamp": "1997-02-26 17:41:00", "individual": "SW36"}}, {"type": "Feature", "geometry": {"type": "Point", "coordinates": [-61.332, -23.774]}, "properties": {"timestamp": "1997-03-02 12:06:00", "individual": "SW36"}}, {"type": "Feature", "geometry": {"type": "Point", "coordinates": [-66.244, -10.668]}, "properties": {"timestamp": "1997-03-06 18:01:00", "individual": "SW36"}}, {"type": "Feature", "geometry": {"type": "Point", "coordinates": [-69.164, -6.856]}, "properties": {"timestamp": "1997-03-10 19:00:00", "individual": "SW36"}}, {"type": "Feature", "geometry": {"type": "Point", "coordinates": [-71.848, -3.858]}, "properties": {"timestamp": "1997-03-14 18:16:00", "individual": "SW36"}}, {"type": "Feature", "geometry": {"type": "Point", "coordinates": [-74.213, 1.473]}, "properties": {"timestamp": "1997-03-18 17:32:00", "individual": "SW36"}}, {"type": "Feature", "geometry": {"type": "Point", "coordinates": [-75.705, 5.794]}, "properties": {"timestamp": "1997-03-22 18:30:00", "individual": "SW36"}}, {"type": "Feature", "geometry": {"type": "Point", "coordinates": [-76.452, 7.199]}, "properties": {"timestamp": "1997-03-23 00:01:00", "individual": "SW36"}}, {"type": "Feature", "geometry": {"type": "Point", "coordinates": [-84.997, 11.314]}, "properties": {"timestamp": "1997-03-26 19:31:00", "individual": "SW36"}}, {"type": "Feature", "geometry": {"type": "Point", "coordinates": [-86.256, 12.647]}, "properties": {"timestamp": "1997-03-27 00:13:00", "individual": "SW36"}}, {"type": "Feature", "geometry": {"type": "Point", "coordinates": [-96.34, 19.113]}, "properties": {"timestamp": "1997-03-30 18:52:00", "individual": "SW36"}}, {"type": "Feature", "geometry": {"type": "Point", "coordinates": [-97.555, 20.889]}, "properties": {"timestamp": "1997-03-31 02:08:00", "individual": "SW36"}}, {"type": "Feature", "geometry": {"type": "Point", "coordinates": [-98.592, 26.034]}, "properties": {"timestamp": "1997-04-03 19:49:00", "individual": "SW36"}}, {"type": "Feature", "geometry": {"type": "Point", "coordinates": [-99.006, 27.285]}, "properties": {"timestamp": "1997-04-04 00:44:00", "individual": "SW36"}}, {"type": "Feature", "geometry": {"type": "Point", "coordinates": [-100.554, 34.058]}, "properties": {"timestamp": "1997-04-07 22:30:00", "individual": "SW36"}}, {"type": "Feature", "geometry": {"type": "Point", "coordinates": [-100.315, 35.003]}, "properties": {"timestamp": "1997-04-08 02:41:00", "individual": "SW36"}}, {"type": "Feature", "geometry": {"type": "Point", "coordinates": [-100.226, 36.203]}, "properties": {"timestamp": "1997-04-16 01:25:00", "individual": "SW36"}}, {"type": "Feature", "geometry": {"type": "Point", "coordinates": [-100.736, 37.658]}, "properties": {"timestamp": "1997-04-20 08:43:00", "individual": "SW36"}}, {"type": "Feature", "geometry": {"type": "Point", "coordinates": [-100.686, 37.505]}, "properties": {"timestamp": "1997-04-24 09:39:00", "individual": "SW36"}}, {"type": "Feature", "geometry": {"type": "Point", "coordinates": [-102.797, 43.988]}, "properties": {"timestamp": "1997-04-28 08:53:00", "individual": "SW36"}}, {"type": "Feature", "geometry": {"type": "Point", "coordinates": [-106.549, 47.315]}, "properties": {"timestamp": "1997-05-02 09:49:00", "individual": "SW36"}}, {"type": "Feature", "geometry": {"type": "Point", "coordinates": [-111.917, 51.402]}, "properties": {"timestamp": "1997-05-06 10:47:00", "individual": "SW36"}}, {"type": "Feature", "geometry": {"type": "Point", "coordinates": [-111.905, 51.429]}, "properties": {"timestamp": "1997-05-10 11:42:00", "individual": "SW36"}}, {"type": "Feature", "geometry": {"type": "Point", "coordinates": [-111.895, 51.392]}, "properties": {"timestamp": "1997-05-18 20:07:00", "individual": "SW36"}}, {"type": "Feature", "geometry": {"type": "Point", "coordinates": [-111.856, 51.318]}, "properties": {"timestamp": "1997-05-22 17:09:00", "individual": "SW36"}}, {"type": "Feature", "geometry": {"type": "Point", "coordinates": [-111.812, 51.399]}, "properties": {"timestamp": "1997-05-26 20:17:00", "individual": "SW36"}}, {"type": "Feature", "geometry": {"type": "Point", "coordinates": [-111.825, 51.39]}, "properties": {"timestamp": "1997-05-31 00:03:00", "individual": "SW36"}}, {"type": "Feature", "geometry": {"type": "Point", "coordinates": [-111.837, 51.341]}, "properties": {"timestamp": "1997-06-04 01:56:00", "individual": "SW36"}}, {"type": "Feature", "geometry": {"type": "Point", "coordinates": [-111.975, 51.353]}, "properties": {"timestamp": "1997-06-08 00:25:00", "individual": "SW36"}}, {"type": "Feature", "geometry": {"type": "Point", "coordinates": [-111.644, 51.593]}, "properties": {"timestamp": "1997-06-12 09:03:00", "individual": "SW36"}}, {"type": "Feature", "geometry": {"type": "Point", "coordinates": [-111.488, 51.626]}, "properties": {"timestamp": "1997-06-16 09:59:00", "individual": "SW36"}}, {"type": "Feature", "geometry": {"type": "Point", "coordinates": [-111.222, 51.459]}, "properties": {"timestamp": "1997-06-24 08:35:00", "individual": "SW36"}}, {"type": "Feature", "geometry": {"type": "Point", "coordinates": [-111.984, 51.362]}, "properties": {"timestamp": "1997-06-28 09:28:00", "individual": "SW36"}}, {"type": "Feature", "geometry": {"type": "Point", "coordinates": [-111.73, 51.35]}, "properties": {"timestamp": "1996-08-10 00:00:00", "individual": "SW37"}}, {"type": "Feature", "geometry": {"type": "Point", "coordinates": [-111.672, 51.314]}, "properties": {"timestamp": "1996-08-17 09:50:00", "individual": "SW37"}}, {"type": "Feature", "geometry": {"type": "Point", "coordinates": [-111.782, 51.355]}, "properties": {"timestamp": "1996-08-24 02:09:00", "individual": "SW37"}}, {"type": "Feature", "geometry": {"type": "Point", "coordinates": [-111.73, 51.311]}, "properties": {"timestamp": "1996-08-30 17:07:00", "individual": "SW37"}}, {"type": "Feature", "geometry": {"type": "Point", "coordinates": [-111.753, 51.368]}, "properties": {"timestamp": "1996-09-06 09:33:00", "individual": "SW37"}}, {"type": "Feature", "geometry": {"type": "Point", "coordinates": [-111.729, 51.361]}, "properties": {"timestamp": "1996-09-19 20:24:00", "individual": "SW37"}}, {"type": "Feature", "geometry": {"type": "Point", "coordinates": [-103.601, 48.232]}, "properties": {"timestamp": "1996-09-26 10:57:00", "individual": "SW37"}}, {"type": "Feature", "geometry": {"type": "Point", "coordinates": [-101.735, 44.872]}, "properties": {"timestamp": "1996-10-03 00:50:00", "individual": "SW37"}}, {"type": "Feature", "geometry": {"type": "Point", "coordinates": [-99.103, 41.24]}, "properties": {"timestamp": "1996-10-06 18:55:00", "individual": "SW37"}}, {"type": "Feature", "geometry": {"type": "Point", "coordinates": [-98.155, 33.706]}, "properties": {"timestamp": "1996-10-10 13:56:00", "individual": "SW37"}}, {"type": "Feature", "geometry": {"type": "Point", "coordinates": [-98.717, 25.857]}, "properties": {"timestamp": "1996-10-14 07:47:00", "individual": "SW37"}}, {"type": "Feature", "geometry": {"type": "Point", "coordinates": [-95.003, 17.678]}, "properties": {"timestamp": "1996-10-18 00:21:00", "individual": "SW37"}}, {"type": "Feature", "geometry": {"type": "Point", "coordinates": [-87.076, 13.028]}, "properties": {"timestamp": "1996-10-21 21:05:00", "individual": "SW37"}}, {"type": "Feature", "geometry": {"type": "Point", "coordinates": [-78.521, 8.758]}, "properties": {"timestamp": "1996-10-29 01:08:00", "individual": "SW37"}}, {"type": "Feature", "geometry": {"type": "Point", "coordinates": [-75.669, 2.509]}, "properties": {"timestamp": "1996-11-01 19:01:00", "individual": "SW37"}}, {"type": "Feature", "geometry": {"type": "Point", "coordinates": [-71.733, -5.144]}, "properties": {"timestamp": "1996-11-05 12:59:00", "individual": "SW37"}}, {"type": "Feature", "geometry": {"type": "Point", "coordinates": [-64.122, -16.813]}, "properties": {"timestamp": "1996-11-12 22:57:00", "individual": "SW37"}}, {"type": "Feature", "geometry": {"type": "Point", "coordinates": [-62.168, -24.619]}, "properties": {"timestamp": "1996-11-16 17:47:00", "individual": "SW37"}}, {"type": "Feature", "geometry": {"type": "Point", "coordinates": [-62.018, -30.246]}, "properties": {"timestamp": "1996-11-20 04:37:00", "individual": "SW37"}}, {"type": "Feature", "geometry": {"type": "Point", "coordinates": [-61.567, -32.607]}, "properties": {"timestamp": "1996-11-23 22:12:00", "individual": "SW37"}}, {"type": "Feature", "geometry": {"type": "Point", "coordinates": [-61.572, -32.585]}, "properties": {"timestamp": "1996-11-24 03:57:00", "individual": "SW37"}}, {"type": "Feature", "geometry": {"type": "Point", "coordinates": [-61.786, -32.765]}, "properties": {"timestamp": "1996-11-27 17:29:00", "individual": "SW37"}}, {"type": "Feature", "geometry": {"type": "Point", "coordinates": [-61.751, -32.773]}, "properties": {"timestamp": "1996-12-01 10:16:00", "individual": "SW37"}}, {"type": "Feature", "geometry": {"type": "Point", "coordinates": [-62.297, -32.915]}, "properties": {"timestamp": "1996-12-08 17:06:00", "individual": "SW37"}}, {"type": "Feature", "geometry": {"type": "Point", "coordinates": [-61.991, -32.208]}, "properties": {"timestamp": "1996-12-12 09:37:00", "individual": "SW37"}}, {"type": "Feature", "geometry": {"type": "Point", "coordinates": [-62.777, -31.328]}, "properties": {"timestamp": "1996-12-16 04:58:00", "individual": "SW37"}}, {"type": "Feature", "geometry": {"type": "Point", "coordinates": [-62.66, -31.49]}, "properties": {"timestamp": "1996-12-19 22:44:00", "individual": "SW37"}}, {"type": "Feature", "geometry": {"type": "Point", "coordinates": [-62.692, -31.475]}, "properties": {"timestamp": "1996-12-20 00:23:00", "individual": "SW37"}}, {"type": "Feature", "geometry": {"type": "Point", "coordinates": [-62.744, -31.455]}, "properties": {"timestamp": "1996-12-23 19:26:00", "individual": "SW37"}}, {"type": "Feature", "geometry": {"type": "Point", "coordinates": [-62.76, -31.466]}, "properties": {"timestamp": "1996-12-27 09:06:00", "individual": "SW37"}}, {"type": "Feature", "geometry": {"type": "Point", "coordinates": [-62.583, -31.454]}, "properties": {"timestamp": "1996-12-30 23:40:00", "individual": "SW37"}}, {"type": "Feature", "geometry": {"type": "Point", "coordinates": [-62.655, -31.533]}, "properties": {"timestamp": "1996-12-31 01:22:00", "individual": "SW37"}}, {"type": "Feature", "geometry": {"type": "Point", "coordinates": [-63.253, -31.57]}, "properties": {"timestamp": "1997-01-03 17:31:00", "individual": "SW37"}}, {"type": "Feature", "geometry": {"type": "Point", "coordinates": [-62.629, -31.343]}, "properties": {"timestamp": "1997-01-07 10:06:00", "individual": "SW37"}}, {"type": "Feature", "geometry": {"type": "Point", "coordinates": [-62.907, -31.492]}, "properties": {"timestamp": "1997-01-11 05:11:00", "individual": "SW37"}}, {"type": "Feature", "geometry": {"type": "Point", "coordinates": [-63.089, -31.895]}, "properties": {"timestamp": "1997-01-14 20:26:00", "individual": "SW37"}}, {"type": "Feature", "geometry": {"type": "Point", "coordinates": [-62.479, -31.802]}, "properties": {"timestamp": "1997-01-18 18:02:00", "individual": "SW37"}}, {"type": "Feature", "geometry": {"type": "Point", "coordinates": [-60.961, -31.863]}, "properties": {"timestamp": "1997-01-22 04:58:00", "individual": "SW37"}}, {"type": "Feature", "geometry": {"type": "Point", "coordinates": [-61.547, -31.148]}, "properties": {"timestamp": "1997-01-25 22:35:00", "individual": "SW37"}}, {"type": "Feature", "geometry": {"type": "Point", "coordinates": [-61.406, -31.125]}, "properties": {"timestamp": "1997-01-26 00:10:00", "individual": "SW37"}}, {"type": "Feature", "geometry": {"type": "Point", "coordinates": [-61.77, -31.306]}, "properties": {"timestamp": "1997-01-29 17:44:00", "individual": "SW37"}}, {"type": "Feature", "geometry": {"type": "Point", "coordinates": [-61.75, -30.814]}, "properties": {"timestamp": "1997-02-06 05:30:00", "individual": "SW37"}}, {"type": "Feature", "geometry": {"type": "Point", "coordinates": [-62.047, -31.01]}, "properties": {"timestamp": "1997-02-09 19:07:00", "individual": "SW37"}}, {"type": "Feature", "geometry": {"type": "Point", "coordinates": [-62.008, -30.721]}, "properties": {"timestamp": "1997-02-13 18:22:00", "individual": "SW37"}}, {"type": "Feature", "geometry": {"type": "Point", "coordinates": [-61.778, -30.476]}, "properties": {"timestamp": "1997-02-17 05:13:00", "individual": "SW37"}}, {"type": "Feature", "geometry": {"type": "Point", "coordinates": [-61.362, -30.907]}, "properties": {"timestamp": "1997-02-20 21:26:00", "individual": "SW37"}}, {"type": "Feature", "geometry": {"type": "Point", "coordinates": [-61.473, -31.753]}, "properties": {"timestamp": "1997-02-24 18:03:00", "individual": "SW37"}}, {"type": "Feature", "geometry": {"type": "Point", "coordinates": [-62.476, -31.646]}, "properties": {"timestamp": "1997-02-28 09:26:00", "individual": "SW37"}}, {"type": "Feature", "geometry": {"type": "Point", "coordinates": [-61.702, -31.24]}, "properties": {"timestamp": "1997-03-04 00:06:00", "individual": "SW37"}}, {"type": "Feature", "geometry": {"type": "Point", "coordinates": [-61.517, -26.114]}, "properties": {"timestamp": "1997-03-07 17:45:00", "individual": "SW37"}}, {"type": "Feature", "geometry": {"type": "Point", "coordinates": [-59.545, -21.912]}, "properties": {"timestamp": "1997-03-11 10:25:00", "individual": "SW37"}}, {"type": "Feature", "geometry": {"type": "Point", "coordinates": [-64.225, -16.661]}, "properties": {"timestamp": "1997-03-15 05:26:00", "individual": "SW37"}}, {"type": "Feature", "geometry": {"type": "Point", "coordinates": [-65.503, -12.804]}, "properties": {"timestamp": "1997-03-18 22:00:00", "individual": "SW37"}}, {"type": "Feature", "geometry": {"type": "Point", "coordinates": [-65.667, -10.153]}, "properties": {"timestamp": "1997-03-22 18:26:00", "individual": "SW37"}}, {"type": "Feature", "geometry": {"type": "Point", "coordinates": [-68.901, -6.601]}, "properties": {"timestamp": "1997-03-26 09:56:00", "individual": "SW37"}}, {"type": "Feature", "geometry": {"type": "Point", "coordinates": [-71.578, -1.12]}, "properties": {"timestamp": "1997-03-29 23:03:00", "individual": "SW37"}}, {"type": "Feature", "geometry": {"type": "Point", "coordinates": [-72.158, 2.666]}, "properties": {"timestamp": "1997-04-02 18:11:00", "individual": "SW37"}}, {"type": "Feature", "geometry": {"type": "Point", "coordinates": [-77.302, 7.562]}, "properties": {"timestamp": "1997-04-06 10:50:00", "individual": "SW37"}}, {"type": "Feature", "geometry": {"type": "Point", "coordinates": [-93.104, 15.531]}, "properties": {"timestamp": "1997-04-13 21:16:00", "individual": "SW37"}}, {"type": "Feature", "geometry": {"type": "Point", "coordinates": [-93.12, 16.004]}, "properties": {"timestamp": "1997-04-14 00:20:00", "individual": "SW37"}}, {"type": "Feature", "geometry": {"type": "Point", "coordinates": [-97.899, 21.616]}, "properties": {"timestamp": "1997-04-17 13:25:00", "individual": "SW37"}}, {"type": "Feature", "geometry": {"type": "Point", "coordinates": [-99.032, 27.764]}, "properties": {"timestamp": "1997-04-21 08:31:00", "individual": "SW37"}}, {"type": "Feature", "geometry": {"type": "Point", "coordinates": [-101.267, 32.904]}, "properties": {"timestamp": "1997-04-24 21:00:00", "individual": "SW37"}}, {"type": "Feature", "geometry": {"type": "Point", "coordinates": [-101.5, 32.72]}, "properties": {"timestamp": "1997-04-25 01:29:00", "individual": "SW37"}}, {"type": "Feature", "geometry": {"type": "Point", "coordinates": [-101.486, 32.615]}, "properties": {"timestamp": "1997-04-28 20:19:00", "individual": "SW37"}}, {"type": "Feature", "geometry": {"type": "Point", "coordinates": [-119.74, 45.63]}, "properties": {"timestamp": "1996-08-07 00:00:00", "individual": "SW39"}}, {"type": "Feature", "geometry": {"type": "Point", "coordinates": [-119.726, 45.634]}, "properties": {"timestamp": "1996-08-11 09:18:00", "individual": "SW39"}}, {"type": "Feature", "geometry": {"type": "Point", "coordinates": [-119.567, 45.877]}, "properties": {"timestamp": "1996-08-17 19:41:00", "individual": "SW39"}}, {"type": "Feature", "geometry": {"type": "Point", "coordinates": [-120.174, 44.022]}, "properties": {"timestamp": "1996-08-30 17:08:00", "individual": "SW39"}}, {"type": "Feature", "geometry": {"type": "Point", "coordinates": [-113.972, 41.546]}, "properties": {"timestamp": "1996-09-06 04:02:00", "individual": "SW39"}}, {"type": "Feature", "geometry": {"type": "Point", "coordinates": [-113.679, 42.664]}, "properties": {"timestamp": "1996-09-12 15:46:00", "individual": "SW39"}}, {"type": "Feature", "geometry": {"type": "Point", "coordinates": [-114.084, 42.536]}, "properties": {"timestamp": "1996-09-19 02:36:00", "individual": "SW39"}}, {"type": "Feature", "geometry": {"type": "Point", "coordinates": [-113.857, 42.643]}, "properties": {"timestamp": "1996-09-20 12:05:00", "individual": "SW39"}}, {"type": "Feature", "geometry": {"type": "Point", "coordinates": [-113.796, 42.74]}, "properties": {"timestamp": "1996-09-21 19:58:00", "individual": "SW39"}}, {"type": "Feature", "geometry": {"type": "Point", "coordinates": [-113.603, 42.751]}, "properties": {"timestamp": "1996-09-23 08:10:00", "individual": "SW39"}}, {"type": "Feature", "geometry": {"type": "Point", "coordinates": [-113.683, 42.821]}, "properties": {"timestamp": "1996-09-24 11:19:00", "individual": "SW39"}}, {"type": "Feature", "geometry": {"type": "Point", "coordinates": [-113.642, 42.829]}, "properties": {"timestamp": "1996-09-27 09:06:00", "individual": "SW39"}}, {"type": "Feature", "geometry": {"type": "Point", "coordinates": [-114.004, 42.707]}, "properties": {"timestamp": "1996-09-28 14:57:00", "individual": "SW39"}}, {"type": "Feature", "geometry": {"type": "Point", "coordinates": [-110.663, 41.678]}, "properties": {"timestamp": "1996-09-29 20:11:00", "individual": "SW39"}}, {"type": "Feature", "geometry": {"type": "Point", "coordinates": [-108.772, 40.833]}, "properties": {"timestamp": "1996-09-30 00:16:00", "individual": "SW39"}}, {"type": "Feature", "geometry": {"type": "Point", "coordinates": [-105.589, 38.838]}, "properties": {"timestamp": "1996-10-01 08:20:00", "individual": "SW39"}}, {"type": "Feature", "geometry": {"type": "Point", "coordinates": [-102.6, 36.186]}, "properties": {"timestamp": "1996-10-02 13:29:00", "individual": "SW39"}}, {"type": "Feature", "geometry": {"type": "Point", "coordinates": [-101.575, 35.571]}, "properties": {"timestamp": "1996-10-03 21:03:00", "individual": "SW39"}}, {"type": "Feature", "geometry": {"type": "Point", "coordinates": [-102.447, 35.072]}, "properties": {"timestamp": "1996-10-04 00:26:00", "individual": "SW39"}}, {"type": "Feature", "geometry": {"type": "Point", "coordinates": [-102.444, 34.972]}, "properties": {"timestamp": "1996-10-06 13:42:00", "individual": "SW39"}}, {"type": "Feature", "geometry": {"type": "Point", "coordinates": [-101.847, 32.943]}, "properties": {"timestamp": "1996-10-07 22:59:00", "individual": "SW39"}}, {"type": "Feature", "geometry": {"type": "Point", "coordinates": [-101.389, 32.804]}, "properties": {"timestamp": "1996-10-08 02:23:00", "individual": "SW39"}}, {"type": "Feature", "geometry": {"type": "Point", "coordinates": [-98.484, 26.023]}, "properties": {"timestamp": "1996-10-10 19:50:00", "individual": "SW39"}}, {"type": "Feature", "geometry": {"type": "Point", "coordinates": [-98.319, 23.818]}, "properties": {"timestamp": "1996-10-11 21:16:00", "individual": "SW39"}}, {"type": "Feature", "geometry": {"type": "Point", "coordinates": [-98.149, 23.171]}, "properties": {"timestamp": "1996-10-12 00:52:00", "individual": "SW39"}}, {"type": "Feature", "geometry": {"type": "Point", "coordinates": [-97.197, 19.911]}, "properties": {"timestamp": "1996-10-13 07:53:00", "individual": "SW39"}}, {"type": "Feature", "geometry": {"type": "Point", "coordinates": [-95.96, 18.294]}, "properties": {"timestamp": "1996-10-14 14:14:00", "individual": "SW39"}}, {"type": "Feature", "geometry": {"type": "Point", "coordinates": [-91.838, 14.716]}, "properties": {"timestamp": "1996-10-16 00:58:00", "individual": "SW39"}}, {"type": "Feature", "geometry": {"type": "Point", "coordinates": [-90.832, 14.321]}, "properties": {"timestamp": "1996-10-17 08:58:00", "individual": "SW39"}}, {"type": "Feature", "geometry": {"type": "Point", "coordinates": [-89.179, 14.537]}, "properties": {"timestamp": "1996-10-18 14:27:00", "individual": "SW39"}}, {"type": "Feature", "geometry": {"type": "Point", "coordinates": [-86.042, 12.2]}, "properties": {"timestamp": "1996-10-19 21:26:00", "individual": "SW39"}}, {"type": "Feature", "geometry": {"type": "Point", "coordinates": [-86.088, 12.595]}, "properties": {"timestamp": "1996-10-20 01:13:00", "individual": "SW39"}}, {"type": "Feature", "geometry": {"type": "Point", "coordinates": [-84.726, 11.359]}, "properties": {"timestamp": "1996-10-21 08:12:00", "individual": "SW39"}}, {"type": "Feature", "geometry": {"type": "Point", "coordinates": [-83.838, 10.224]}, "properties": {"timestamp": "1996-10-22 19:12:00", "individual": "SW39"}}, {"type": "Feature", "geometry": {"type": "Point", "coordinates": [-81.951, 8.969]}, "properties": {"timestamp": "1996-10-23 23:42:00", "individual": "SW39"}}, {"type": "Feature", "geometry": {"type": "Point", "coordinates": [-81.52, 9.262]}, "properties": {"timestamp": "1996-10-25 07:34:00", "individual": "SW39"}}, {"type": "Feature", "geometry": {"type": "Point", "coordinates": [-77.292, 8.474]}, "properties": {"timestamp": "1996-10-26 18:25:00", "individual": "SW39"}}, {"type": "Feature", "geometry": {"type": "Point", "coordinates": [-76.245, 7.676]}, "properties": {"timestamp": "1996-10-27 23:53:00", "individual": "SW39"}}, {"type": "Feature", "geometry": {"type": "Point", "coordinates": [-74.769, 6.271]}, "properties": {"timestamp": "1996-10-29 06:47:00", "individual": "SW39"}}, {"type": "Feature", "geometry": {"type": "Point", "coordinates": [-74.717, 5.597]}, "properties": {"timestamp": "1996-10-30 17:45:00", "individual": "SW39"}}, {"type": "Feature", "geometry": {"type": "Point", "coordinates": [-73.95, 1.92]}, "properties": {"timestamp": "1996-11-02 06:06:00", "individual": "SW39"}}, {"type": "Feature", "geometry": {"type": "Point", "coordinates": [-72.209, -2.023]}, "properties": {"timestamp": "1996-11-03 18:37:00", "individual": "SW39"}}, {"type": "Feature", "geometry": {"type": "Point", "coordinates": [-71.045, -5.529]}, "properties": {"timestamp": "1996-11-04 22:31:00", "individual": "SW39"}}, {"type": "Feature", "geometry": {"type": "Point", "coordinates": [-70.947, -5.742]}, "properties": {"timestamp": "1996-11-06 07:05:00", "individual": "SW39"}}, {"type": "Feature", "geometry": {"type": "Point", "coordinates": [-69.496, -7.45]}, "properties": {"timestamp": "1996-11-07 12:14:00", "individual": "SW39"}}, {"type": "Feature", "geometry": {"type": "Point", "coordinates": [-67.786, -9.89]}, "properties": {"timestamp": "1996-11-08 22:44:00", "individual": "SW39"}}, {"type": "Feature", "geometry": {"type": "Point", "coordinates": [-67.506, -11.767]}, "properties": {"timestamp": "1996-11-10 06:22:00", "individual": "SW39"}}, {"type": "Feature", "geometry": {"type": "Point", "coordinates": [-65.849, -13.771]}, "properties": {"timestamp": "1996-11-11 17:06:00", "individual": "SW39"}}, {"type": "Feature", "geometry": {"type": "Point", "coordinates": [-60.975, -26.679]}, "properties": {"timestamp": "1996-11-17 05:08:00", "individual": "SW39"}}, {"type": "Feature", "geometry": {"type": "Point", "coordinates": [-63.841, -33.675]}, "properties": {"timestamp": "1996-11-22 22:33:00", "individual": "SW39"}}, {"type": "Feature", "geometry": {"type": "Point", "coordinates": [-63.95, -33.726]}, "properties": {"timestamp": "1996-11-23 00:11:00", "individual": "SW39"}}, {"type": "Feature", "geometry": {"type": "Point", "coordinates": [-62.918, -34.369]}, "properties": {"timestamp": "1996-11-28 17:17:00", "individual": "SW39"}}, {"type": "Feature", "geometry": {"type": "Point", "coordinates": [-64.981, -33.612]}, "properties": {"timestamp": "1996-12-04 09:10:00", "individual": "SW39"}}, {"type": "Feature", "geometry": {"type": "Point", "coordinates": [-65.107, -34.015]}, "properties": {"timestamp": "1996-12-10 04:22:00", "individual": "SW39"}}, {"type": "Feature", "geometry": {"type": "Point", "coordinates": [-65.252, -33.937]}, "properties": {"timestamp": "1996-12-15 22:32:00", "individual": "SW39"}}, {"type": "Feature", "geometry": {"type": "Point", "coordinates": [-65.23, -33.935]}, "properties": {"timestamp": "1996-12-16 00:10:00", "individual": "SW39"}}, {"type": "Feature", "geometry": {"type": "Point", "coordinates": [-64.852, -34.508]}, "properties": {"timestamp": "1996-12-21 18:08:00", "individual": "SW39"}}, {"type": "Feature", "geometry": {"type": "Point", "coordinates": [-64.663, -36.372]}, "properties": {"timestamp": "1996-12-27 09:11:00", "individual": "SW39"}}, {"type": "Feature", "geometry": {"type": "Point", "coordinates": [-64.34, -35.266]}, "properties": {"timestamp": "1997-01-02 03:35:00", "individual": "SW39"}}, {"type": "Feature", "geometry": {"type": "Point", "coordinates": [-64.106, -34.9]}, "properties": {"timestamp": "1997-01-07 18:23:00", "individual": "SW39"}}, {"type": "Feature", "geometry": {"type": "Point", "coordinates": [-64.241, -34.874]}, "properties": {"timestamp": "1997-01-08 00:04:00", "individual": "SW39"}}, {"type": "Feature", "geometry": {"type": "Point", "coordinates": [-64.341, -34.869]}, "properties": {"timestamp": "1997-01-19 05:29:00", "individual": "SW39"}}, {"type": "Feature", "geometry": {"type": "Point", "coordinates": [-64.036, -36.945]}, "properties": {"timestamp": "1997-01-24 22:56:00", "individual": "SW39"}}, {"type": "Feature", "geometry": {"type": "Point", "coordinates": [-63.707, -36.851]}, "properties": {"timestamp": "1997-01-25 00:31:00", "individual": "SW39"}}, {"type": "Feature", "geometry": {"type": "Point", "coordinates": [-64.009, -36.935]}, "properties": {"timestamp": "1997-01-30 17:33:00", "individual": "SW39"}}, {"type": "Feature", "geometry": {"type": "Point", "coordinates": [-64.326, -36.779]}, "properties": {"timestamp": "1997-02-05 09:31:00", "individual": "SW39"}}, {"type": "Feature", "geometry": {"type": "Point", "coordinates": [-63.761, -37.635]}, "properties": {"timestamp": "1997-02-11 04:39:00", "individual": "SW39"}}, {"type": "Feature", "geometry": {"type": "Point", "coordinates": [-64.349, -36.965]}, "properties": {"timestamp": "1997-02-16 19:28:00", "individual": "SW39"}}, {"type": "Feature", "geometry": {"type": "Point", "coordinates": [-64.559, -36.989]}, "properties": {"timestamp": "1997-02-17 00:28:00", "individual": "SW39"}}, {"type": "Feature", "geometry": {"type": "Point", "coordinates": [-64.432, -36.991]}, "properties": {"timestamp": "1997-02-22 18:23:00", "individual": "SW39"}}, {"type": "Feature", "geometry": {"type": "Point", "coordinates": [-63.754, -34.364]}, "properties": {"timestamp": "1997-02-28 04:57:00", "individual": "SW39"}}, {"type": "Feature", "geometry": {"type": "Point", "coordinates": [-61.787, -20.734]}, "properties": {"timestamp": "1997-03-05 21:45:00", "individual": "SW39"}}, {"type": "Feature", "geometry": {"type": "Point", "coordinates": [-65.598, -13.427]}, "properties": {"timestamp": "1997-03-11 17:05:00", "individual": "SW39"}}, {"type": "Feature", "geometry": {"type": "Point", "coordinates": [-67.662, -9.461]}, "properties": {"timestamp": "1997-03-17 11:30:00", "individual": "SW39"}}, {"type": "Feature", "geometry": {"type": "Point", "coordinates": [-70.28, -4.516]}, "properties": {"timestamp": "1997-03-23 07:19:00", "individual": "SW39"}}, {"type": "Feature", "geometry": {"type": "Point", "coordinates": [-73.542, 4.436]}, "properties": {"timestamp": "1997-03-28 19:04:00", "individual": "SW39"}}, {"type": "Feature", "geometry": {"type": "Point", "coordinates": [-85.482, 10.285]}, "properties": {"timestamp": "1997-04-03 18:02:00", "individual": "SW39"}}, {"type": "Feature", "geometry": {"type": "Point", "coordinates": [-97.679, 20.978]}, "properties": {"timestamp": "1997-04-09 09:09:00", "individual": "SW39"}}, {"type": "Feature", "geometry": {"type": "Point", "coordinates": [-99.748, 25.622]}, "properties": {"timestamp": "1997-04-15 00:03:00", "individual": "SW39"}}, {"type": "Feature", "geometry": {"type": "Point", "coordinates": [-99.689, 26.751]}, "properties": {"timestamp": "1997-04-20 20:05:00", "individual": "SW39"}}, {"type": "Feature", "geometry": {"type": "Point", "coordinates": [-103.287, 32.427]}, "properties": {"timestamp": "1997-04-26 09:16:00", "individual": "SW39"}}, {"type": "Feature", "geometry": {"type": "Point", "coordinates": [-101.588, 32.794]}, "properties": {"timestamp": "1997-05-02 08:13:00", "individual": "SW39"}}, {"type": "Feature", "geometry": {"type": "Point", "coordinates": [-103.015, 33.084]}, "properties": {"timestamp": "1997-05-08 01:37:00", "individual": "SW39"}}, {"type": "Feature", "geometry": {"type": "Point", "coordinates": [-117.333, 41.023]}, "properties": {"timestamp": "1997-05-13 17:08:00", "individual": "SW39"}}, {"type": "Feature", "geometry": {"type": "Point", "coordinates": [-119.821, 45.624]}, "properties": {"timestamp": "1997-05-19 10:07:00", "individual": "SW39"}}, {"type": "Feature", "geometry": {"type": "Point", "coordinates": [-120.659, 45.505]}, "properties": {"timestamp": "1997-05-25 03:56:00", "individual": "SW39"}}, {"type": "Feature", "geometry": {"type": "Point", "coordinates": [-119.913, 45.611]}, "properties": {"timestamp": "1997-05-31 01:41:00", "individual": "SW39"}}, {"type": "Feature", "geometry": {"type": "Point", "coordinates": [-112.32, 40.52]}, "properties": {"timestamp": "1996-09-06 00:00:00", "individual": "SW4"}}, {"type": "Feature", "geometry": {"type": "Point", "coordinates": [-112.469, 40.613]}, "properties": {"timestamp": "1996-09-07 01:58:00", "individual": "SW4"}}, {"type": "Feature", "geometry": {"type": "Point", "coordinates": [-112.355, 40.632]}, "properties": {"timestamp": "1996-09-08 09:13:00", "individual": "SW4"}}, {"type": "Feature", "geometry": {"type": "Point", "coordinates": [-112.313, 40.597]}, "properties": {"timestamp": "1996-09-09 13:29:00", "individual": "SW4"}}, {"type": "Feature", "geometry": {"type": "Point", "coordinates": [-112.302, 40.675]}, "properties": {"timestamp": "1996-09-10 21:59:00", "individual": "SW4"}}, {"type": "Feature", "geometry": {"type": "Point", "coordinates": [-112.317, 40.588]}, "properties": {"timestamp": "1996-09-11 00:33:00", "individual": "SW4"}}, {"type": "Feature", "geometry": {"type": "Point", "coordinates": [-111.779, 39.742]}, "properties": {"timestamp": "1996-09-18 10:47:00", "individual": "SW4"}}, {"type": "Feature", "geometry": {"type": "Point", "coordinates": [-102.373, 35.207]}, "properties": {"timestamp": "1996-09-25 19:18:00", "individual": "SW4"}}, {"type": "Feature", "geometry": {"type": "Point", "coordinates": [-102.308, 35.249]}, "properties": {"timestamp": "1996-09-26 00:03:00", "individual": "SW4"}}, {"type": "Feature", "geometry": {"type": "Point", "coordinates": [-102.099, 31.205]}, "properties": {"timestamp": "1996-10-03 08:05:00", "individual": "SW4"}}, {"type": "Feature", "geometry": {"type": "Point", "coordinates": [-94.549, 16.324]}, "properties": {"timestamp": "1996-10-10 12:16:00", "individual": "SW4"}}, {"type": "Feature", "geometry": {"type": "Point", "coordinates": [-85.293, 8.443]}, "properties": {"timestamp": "1996-10-18 00:12:00", "individual": "SW4"}}, {"type": "Feature", "geometry": {"type": "Point", "coordinates": [-68.082, -10.586]}, "properties": {"timestamp": "1996-11-01 18:56:00", "individual": "SW4"}}, {"type": "Feature", "geometry": {"type": "Point", "coordinates": [-66.466, -14.654]}, "properties": {"timestamp": "1996-11-05 11:20:00", "individual": "SW4"}}, {"type": "Feature", "geometry": {"type": "Point", "coordinates": [-62.898, -25.504]}, "properties": {"timestamp": "1996-11-09 04:56:00", "individual": "SW4"}}, {"type": "Feature", "geometry": {"type": "Point", "coordinates": [-61.839, -32.492]}, "properties": {"timestamp": "1996-11-12 22:52:00", "individual": "SW4"}}, {"type": "Feature", "geometry": {"type": "Point", "coordinates": [-61.856, -32.48]}, "properties": {"timestamp": "1996-11-13 04:16:00", "individual": "SW4"}}, {"type": "Feature", "geometry": {"type": "Point", "coordinates": [-61.666, -32.27]}, "properties": {"timestamp": "1996-11-16 17:48:00", "individual": "SW4"}}, {"type": "Feature", "geometry": {"type": "Point", "coordinates": [-61.616, -32.35]}, "properties": {"timestamp": "1996-11-20 09:15:00", "individual": "SW4"}}, {"type": "Feature", "geometry": {"type": "Point", "coordinates": [-63.434, -35.559]}, "properties": {"timestamp": "1996-11-24 03:54:00", "individual": "SW4"}}, {"type": "Feature", "geometry": {"type": "Point", "coordinates": [-61.751, -36.377]}, "properties": {"timestamp": "1996-11-27 17:28:00", "individual": "SW4"}}, {"type": "Feature", "geometry": {"type": "Point", "coordinates": [-61.988, -36.718]}, "properties": {"timestamp": "1996-11-28 00:02:00", "individual": "SW4"}}, {"type": "Feature", "geometry": {"type": "Point", "coordinates": [-62.653, -34.492]}, "properties": {"timestamp": "1996-12-01 10:16:00", "individual": "SW4"}}, {"type": "Feature", "geometry": {"type": "Point", "coordinates": [-64.262, -34.374]}, "properties": {"timestamp": "1996-12-05 05:14:00", "individual": "SW4"}}, {"type": "Feature", "geometry": {"type": "Point", "coordinates": [-62.765, -33.424]}, "properties": {"timestamp": "1996-12-12 18:05:00", "individual": "SW4"}}, {"type": "Feature", "geometry": {"type": "Point", "coordinates": [-64.586, -33.948]}, "properties": {"timestamp": "1996-12-16 06:39:00", "individual": "SW4"}}, {"type": "Feature", "geometry": {"type": "Point", "coordinates": [-64.808, -33.655]}, "properties": {"timestamp": "1996-12-20 00:24:00", "individual": "SW4"}}, {"type": "Feature", "geometry": {"type": "Point", "coordinates": [-64.467, -34.253]}, "properties": {"timestamp": "1996-12-23 17:44:00", "individual": "SW4"}}, {"type": "Feature", "geometry": {"type": "Point", "coordinates": [-63.115, -36.783]}, "properties": {"timestamp": "1996-12-27 09:08:00", "individual": "SW4"}}, {"type": "Feature", "geometry": {"type": "Point", "coordinates": [-62.164, -36.329]}, "properties": {"timestamp": "1996-12-31 05:34:00", "individual": "SW4"}}, {"type": "Feature", "geometry": {"type": "Point", "coordinates": [-58.333, -36.044]}, "properties": {"timestamp": "1997-01-07 16:40:00", "individual": "SW4"}}, {"type": "Feature", "geometry": {"type": "Point", "coordinates": [-104.84, 39.83]}, "properties": {"timestamp": "1996-08-10 00:00:00", "individual": "SW40"}}, {"type": "Feature", "geometry": {"type": "Point", "coordinates": [-104.809, 39.807]}, "properties": {"timestamp": "1996-08-13 20:21:00", "individual": "SW40"}}, {"type": "Feature", "geometry": {"type": "Point", "coordinates": [-104.87, 39.798]}, "properties": {"timestamp": "1996-08-14 00:42:00", "individual": "SW40"}}, {"type": "Feature", "geometry": {"type": "Point", "coordinates": [-104.783, 39.803]}, "properties": {"timestamp": "1996-08-20 23:49:00", "individual": "SW40"}}, {"type": "Feature", "geometry": {"type": "Point", "coordinates": [-104.875, 39.804]}, "properties": {"timestamp": "1996-08-21 01:30:00", "individual": "SW40"}}, {"type": "Feature", "geometry": {"type": "Point", "coordinates": [-104.808, 39.811]}, "properties": {"timestamp": "1996-08-28 02:18:00", "individual": "SW40"}}, {"type": "Feature", "geometry": {"type": "Point", "coordinates": [-104.132, 39.17]}, "properties": {"timestamp": "1996-09-04 09:58:00", "individual": "SW40"}}, {"type": "Feature", "geometry": {"type": "Point", "coordinates": [-101.244, 36.34]}, "properties": {"timestamp": "1996-09-11 10:20:00", "individual": "SW40"}}, {"type": "Feature", "geometry": {"type": "Point", "coordinates": [-101.082, 36.336]}, "properties": {"timestamp": "1996-09-18 13:35:00", "individual": "SW40"}}, {"type": "Feature", "geometry": {"type": "Point", "coordinates": [-101.427, 36.124]}, "properties": {"timestamp": "1996-09-25 19:13:00", "individual": "SW40"}}, {"type": "Feature", "geometry": {"type": "Point", "coordinates": [-100.132, 31.94]}, "properties": {"timestamp": "1996-10-02 19:37:00", "individual": "SW40"}}, {"type": "Feature", "geometry": {"type": "Point", "coordinates": [-100.017, 31.425]}, "properties": {"timestamp": "1996-10-03 00:47:00", "individual": "SW40"}}, {"type": "Feature", "geometry": {"type": "Point", "coordinates": [-100.077, 31.47]}, "properties": {"timestamp": "1996-10-04 07:53:00", "individual": "SW40"}}, {"type": "Feature", "geometry": {"type": "Point", "coordinates": [-100.152, 31.344]}, "properties": {"timestamp": "1996-10-05 20:42:00", "individual": "SW40"}}, {"type": "Feature", "geometry": {"type": "Point", "coordinates": [-99.288, 28.045]}, "properties": {"timestamp": "1996-10-07 08:59:00", "individual": "SW40"}}, {"type": "Feature", "geometry": {"type": "Point", "coordinates": [-98.689, 22.344]}, "properties": {"timestamp": "1996-10-08 21:50:00", "individual": "SW40"}}, {"type": "Feature", "geometry": {"type": "Point", "coordinates": [-97.91, 20.926]}, "properties": {"timestamp": "1996-10-10 08:31:00", "individual": "SW40"}}, {"type": "Feature", "geometry": {"type": "Point", "coordinates": [-94.834, 16.49]}, "properties": {"timestamp": "1996-10-11 19:36:00", "individual": "SW40"}}, {"type": "Feature", "geometry": {"type": "Point", "coordinates": [-91.407, 14.624]}, "properties": {"timestamp": "1996-10-13 02:02:00", "individual": "SW40"}}, {"type": "Feature", "geometry": {"type": "Point", "coordinates": [-90.139, 13.979]}, "properties": {"timestamp": "1996-10-14 14:11:00", "individual": "SW40"}}, {"type": "Feature", "geometry": {"type": "Point", "coordinates": [-86.766, 12.856]}, "properties": {"timestamp": "1996-10-16 00:58:00", "individual": "SW40"}}, {"type": "Feature", "geometry": {"type": "Point", "coordinates": [-86.441, 12.725]}, "properties": {"timestamp": "1996-10-17 13:08:00", "individual": "SW40"}}, {"type": "Feature", "geometry": {"type": "Point", "coordinates": [-84.813, 11.592]}, "properties": {"timestamp": "1996-10-18 23:54:00", "individual": "SW40"}}, {"type": "Feature", "geometry": {"type": "Point", "coordinates": [-84.624, 11.601]}, "properties": {"timestamp": "1996-10-19 01:32:00", "individual": "SW40"}}, {"type": "Feature", "geometry": {"type": "Point", "coordinates": [-82.92, 9.809]}, "properties": {"timestamp": "1996-10-20 13:44:00", "individual": "SW40"}}, {"type": "Feature", "geometry": {"type": "Point", "coordinates": [-79.895, 9.405]}, "properties": {"timestamp": "1996-10-21 22:47:00", "individual": "SW40"}}, {"type": "Feature", "geometry": {"type": "Point", "coordinates": [-79.657, 8.968]}, "properties": {"timestamp": "1996-10-22 00:23:00", "individual": "SW40"}}, {"type": "Feature", "geometry": {"type": "Point", "coordinates": [-78.99, 9.467]}, "properties": {"timestamp": "1996-10-23 12:32:00", "individual": "SW40"}}, {"type": "Feature", "geometry": {"type": "Point", "coordinates": [-76.017, 6.687]}, "properties": {"timestamp": "1996-10-24 23:21:00", "individual": "SW40"}}, {"type": "Feature", "geometry": {"type": "Point", "coordinates": [-76.692, 4.274]}, "properties": {"timestamp": "1996-10-26 11:30:00", "individual": "SW40"}}, {"type": "Feature", "geometry": {"type": "Point", "coordinates": [-74.945, 2.686]}, "properties": {"timestamp": "1996-10-27 22:12:00", "individual": "SW40"}}, {"type": "Feature", "geometry": {"type": "Point", "coordinates": [-74.984, 2.605]}, "properties": {"timestamp": "1996-10-29 12:10:00", "individual": "SW40"}}, {"type": "Feature", "geometry": {"type": "Point", "coordinates": [-73.904, -1.414]}, "properties": {"timestamp": "1996-10-30 22:48:00", "individual": "SW40"}}, {"type": "Feature", "geometry": {"type": "Point", "coordinates": [-73.828, -1.435]}, "properties": {"timestamp": "1996-10-31 00:23:00", "individual": "SW40"}}, {"type": "Feature", "geometry": {"type": "Point", "coordinates": [-72.752, -2.553]}, "properties": {"timestamp": "1996-11-01 08:00:00", "individual": "SW40"}}, {"type": "Feature", "geometry": {"type": "Point", "coordinates": [-69.8, -6.95]}, "properties": {"timestamp": "1996-11-02 21:37:00", "individual": "SW40"}}, {"type": "Feature", "geometry": {"type": "Point", "coordinates": [-68.158, -9.095]}, "properties": {"timestamp": "1996-11-04 05:45:00", "individual": "SW40"}}, {"type": "Feature", "geometry": {"type": "Point", "coordinates": [-67.23, -11.297]}, "properties": {"timestamp": "1996-11-05 18:12:00", "individual": "SW40"}}, {"type": "Feature", "geometry": {"type": "Point", "coordinates": [-66.389, -12.647]}, "properties": {"timestamp": "1996-11-07 05:18:00", "individual": "SW40"}}, {"type": "Feature", "geometry": {"type": "Point", "coordinates": [-63.634, -15.309]}, "properties": {"timestamp": "1996-11-08 17:42:00", "individual": "SW40"}}, {"type": "Feature", "geometry": {"type": "Point", "coordinates": [-61.795, -20.784]}, "properties": {"timestamp": "1996-11-10 04:45:00", "individual": "SW40"}}, {"type": "Feature", "geometry": {"type": "Point", "coordinates": [-62.294, -23.118]}, "properties": {"timestamp": "1996-11-11 17:02:00", "individual": "SW40"}}, {"type": "Feature", "geometry": {"type": "Point", "coordinates": [-63.007, -28.279]}, "properties": {"timestamp": "1996-11-13 05:55:00", "individual": "SW40"}}, {"type": "Feature", "geometry": {"type": "Point", "coordinates": [-62.397, -31.393]}, "properties": {"timestamp": "1996-11-14 16:28:00", "individual": "SW40"}}, {"type": "Feature", "geometry": {"type": "Point", "coordinates": [-61.906, -32.188]}, "properties": {"timestamp": "1996-11-16 01:07:00", "individual": "SW40"}}, {"type": "Feature", "geometry": {"type": "Point", "coordinates": [-62.26, -33.008]}, "properties": {"timestamp": "1996-11-17 17:37:00", "individual": "SW40"}}, {"type": "Feature", "geometry": {"type": "Point", "coordinates": [-62.231, -32.896]}, "properties": {"timestamp": "1996-11-19 00:00:00", "individual": "SW40"}}, {"type": "Feature", "geometry": {"type": "Point", "coordinates": [-62.188, -32.89]}, "properties": {"timestamp": "1996-11-20 10:55:00", "individual": "SW40"}}, {"type": "Feature", "geometry": {"type": "Point", "coordinates": [-63.9, -34.578]}, "properties": {"timestamp": "1996-11-21 22:55:00", "individual": "SW40"}}, {"type": "Feature", "geometry": {"type": "Point", "coordinates": [-63.911, -34.581]}, "properties": {"timestamp": "1996-11-22 00:34:00", "individual": "SW40"}}, {"type": "Feature", "geometry": {"type": "Point", "coordinates": [-63.045, -32.855]}, "properties": {"timestamp": "1996-11-23 09:52:00", "individual": "SW40"}}, {"type": "Feature", "geometry": {"type": "Point", "coordinates": [-63.87, -33.352]}, "properties": {"timestamp": "1996-11-24 23:32:00", "individual": "SW40"}}, {"type": "Feature", "geometry": {"type": "Point", "coordinates": [-63.795, -33.422]}, "properties": {"timestamp": "1996-11-25 05:23:00", "individual": "SW40"}}, {"type": "Feature", "geometry": {"type": "Point", "coordinates": [-64.351, -33.985]}, "properties": {"timestamp": "1996-11-26 10:26:00", "individual": "SW40"}}, {"type": "Feature", "geometry": {"type": "Point", "coordinates": [-63.431, -34.114]}, "properties": {"timestamp": "1996-11-27 22:24:00", "individual": "SW40"}}, {"type": "Feature", "geometry": {"type": "Point", "coordinates": [-63.428, -34.105]}, "properties": {"timestamp": "1996-11-28 00:02:00", "individual": "SW40"}}, {"type": "Feature", "geometry": {"type": "Point", "coordinates": [-63.202, -34.112]}, "properties": {"timestamp": "1996-11-29 10:59:00", "individual": "SW40"}}, {"type": "Feature", "geometry": {"type": "Point", "coordinates": [-63.459, -33.649]}, "properties": {"timestamp": "1996-11-30 22:58:00", "individual": "SW40"}}, {"type": "Feature", "geometry": {"type": "Point", "coordinates": [-63.512, -33.673]}, "properties": {"timestamp": "1996-12-01 00:37:00", "individual": "SW40"}}, {"type": "Feature", "geometry": {"type": "Point", "coordinates": [-63.828, -33.652]}, "properties": {"timestamp": "1996-12-07 04:56:00", "individual": "SW40"}}, {"type": "Feature", "geometry": {"type": "Point", "coordinates": [-63.331, -33.497]}, "properties": {"timestamp": "1996-12-13 17:55:00", "individual": "SW40"}}, {"type": "Feature", "geometry": {"type": "Point", "coordinates": [-63.584, -33.292]}, "properties": {"timestamp": "1996-12-19 20:09:00", "individual": "SW40"}}, {"type": "Feature", "geometry": {"type": "Point", "coordinates": [-63.697, -33.253]}, "properties": {"timestamp": "1996-12-20 00:23:00", "individual": "SW40"}}, {"type": "Feature", "geometry": {"type": "Point", "coordinates": [-63.674, -32.937]}, "properties": {"timestamp": "1996-12-26 04:50:00", "individual": "SW40"}}, {"type": "Feature", "geometry": {"type": "Point", "coordinates": [-61.956, -31.665]}, "properties": {"timestamp": "1997-01-01 17:51:00", "individual": "SW40"}}, {"type": "Feature", "geometry": {"type": "Point", "coordinates": [-61.932, -31.67]}, "properties": {"timestamp": "1997-01-07 22:27:00", "individual": "SW40"}}, {"type": "Feature", "geometry": {"type": "Point", "coordinates": [-61.909, -31.643]}, "properties": {"timestamp": "1997-01-08 00:07:00", "individual": "SW40"}}, {"type": "Feature", "geometry": {"type": "Point", "coordinates": [-61.963, -31.782]}, "properties": {"timestamp": "1997-01-14 08:04:00", "individual": "SW40"}}, {"type": "Feature", "geometry": {"type": "Point", "coordinates": [-61.785, -31.491]}, "properties": {"timestamp": "1997-01-20 19:23:00", "individual": "SW40"}}, {"type": "Feature", "geometry": {"type": "Point", "coordinates": [-61.654, -30.899]}, "properties": {"timestamp": "1997-01-27 05:39:00", "individual": "SW40"}}, {"type": "Feature", "geometry": {"type": "Point", "coordinates": [-61.169, -31.038]}, "properties": {"timestamp": "1997-02-02 17:00:00", "individual": "SW40"}}, {"type": "Feature", "geometry": {"type": "Point", "coordinates": [-62.113, -31.603]}, "properties": {"timestamp": "1997-02-08 17:35:00", "individual": "SW40"}}, {"type": "Feature", "geometry": {"type": "Point", "coordinates": [-62.104, -31.594]}, "properties": {"timestamp": "1997-02-09 00:11:00", "individual": "SW40"}}, {"type": "Feature", "geometry": {"type": "Point", "coordinates": [-62.206, -31.79]}, "properties": {"timestamp": "1997-02-15 05:33:00", "individual": "SW40"}}, {"type": "Feature", "geometry": {"type": "Point", "coordinates": [-62.703, -31.678]}, "properties": {"timestamp": "1997-02-21 10:20:00", "individual": "SW40"}}, {"type": "Feature", "geometry": {"type": "Point", "coordinates": [-62.279, -29.924]}, "properties": {"timestamp": "1997-02-27 19:11:00", "individual": "SW40"}}, {"type": "Feature", "geometry": {"type": "Point", "coordinates": [-66.652, -10.808]}, "properties": {"timestamp": "1997-03-06 05:20:00", "individual": "SW40"}}, {"type": "Feature", "geometry": {"type": "Point", "coordinates": [-70.681, -5.644]}, "properties": {"timestamp": "1997-03-12 11:37:00", "individual": "SW40"}}, {"type": "Feature", "geometry": {"type": "Point", "coordinates": [-74.158, 1.601]}, "properties": {"timestamp": "1997-03-18 17:32:00", "individual": "SW40"}}, {"type": "Feature", "geometry": {"type": "Point", "coordinates": [-83.474, 8.233]}, "properties": {"timestamp": "1997-03-25 08:37:00", "individual": "SW40"}}, {"type": "Feature", "geometry": {"type": "Point", "coordinates": [-95.538, 18.135]}, "properties": {"timestamp": "1997-03-31 10:44:00", "individual": "SW40"}}, {"type": "Feature", "geometry": {"type": "Point", "coordinates": [-98.173, 31.34]}, "properties": {"timestamp": "1997-04-06 20:58:00", "individual": "SW40"}}, {"type": "Feature", "geometry": {"type": "Point", "coordinates": [-100.446, 31.535]}, "properties": {"timestamp": "1997-04-13 08:19:00", "individual": "SW40"}}, {"type": "Feature", "geometry": {"type": "Point", "coordinates": [-99.79, 32.954]}, "properties": {"timestamp": "1997-04-19 08:55:00", "individual": "SW40"}}, {"type": "Feature", "geometry": {"type": "Point", "coordinates": [-102.78, 39.05]}, "properties": {"timestamp": "1997-04-25 19:14:00", "individual": "SW40"}}, {"type": "Feature", "geometry": {"type": "Point", "coordinates": [-104.756, 39.815]}, "properties": {"timestamp": "1997-05-02 00:36:00", "individual": "SW40"}}, {"type": "Feature", "geometry": {"type": "Point", "coordinates": [-104.839, 39.815]}, "properties": {"timestamp": "1997-05-08 10:30:00", "individual": "SW40"}}, {"type": "Feature", "geometry": {"type": "Point", "coordinates": [-104.86, 39.803]}, "properties": {"timestamp": "1997-05-14 19:05:00", "individual": "SW40"}}, {"type": "Feature", "geometry": {"type": "Point", "coordinates": [-104.696, 39.834]}, "properties": {"timestamp": "1997-05-15 00:48:00", "individual": "SW40"}}, {"type": "Feature", "geometry": {"type": "Point", "coordinates": [-104.873, 39.812]}, "properties": {"timestamp": "1997-05-21 01:58:00", "individual": "SW40"}}, {"type": "Feature", "geometry": {"type": "Point", "coordinates": [-104.737, 39.792]}, "properties": {"timestamp": "1997-05-27 10:18:00", "individual": "SW40"}}, {"type": "Feature", "geometry": {"type": "Point", "coordinates": [-104.882, 39.71]}, "properties": {"timestamp": "1997-06-02 22:52:00", "individual": "SW40"}}, {"type": "Feature", "geometry": {"type": "Point", "coordinates": [-104.756, 39.838]}, "properties": {"timestamp": "1997-06-03 00:35:00", "individual": "SW40"}}, {"type": "Feature", "geometry": {"type": "Point", "coordinates": [-104.977, 39.767]}, "properties": {"timestamp": "1997-06-09 01:39:00", "individual": "SW40"}}, {"type": "Feature", "geometry": {"type": "Point", "coordinates": [-104.829, 39.821]}, "properties": {"timestamp": "1997-06-15 10:10:00", "individual": "SW40"}}, {"type": "Feature", "geometry": {"type": "Point", "coordinates": [-104.9, 39.797]}, "properties": {"timestamp": "1997-06-22 01:58:00", "individual": "SW40"}}, {"type": "Feature", "geometry": {"type": "Point", "coordinates": [-104.74, 39.811]}, "properties": {"timestamp": "1997-06-28 09:32:00", "individual": "SW40"}}, {"type": "Feature", "geometry": {"type": "Point", "coordinates": [-109.24, 51.53]}, "properties": {"timestamp": "1996-07-27 00:00:00", "individual": "SW41"}}, {"type": "Feature", "geometry": {"type": "Point", "coordinates": [-109.259, 51.53]}, "properties": {"timestamp": "1996-07-30 15:04:00", "individual": "SW41"}}, {"type": "Feature", "geometry": {"type": "Point", "coordinates": [-109.158, 51.54]}, "properties": {"timestamp": "1996-07-31 22:46:00", "individual": "SW41"}}, {"type": "Feature", "geometry": {"type": "Point", "coordinates": [-109.21, 51.574]}, "properties": {"timestamp": "1996-08-01 00:30:00", "individual": "SW41"}}, {"type": "Feature", "geometry": {"type": "Point", "coordinates": [-109.276, 51.552]}, "properties": {"timestamp": "1996-08-09 09:36:00", "individual": "SW41"}}, {"type": "Feature", "geometry": {"type": "Point", "coordinates": [-109.2, 51.534]}, "properties": {"timestamp": "1996-08-17 21:21:00", "individual": "SW41"}}, {"type": "Feature", "geometry": {"type": "Point", "coordinates": [-109.227, 51.533]}, "properties": {"timestamp": "1996-08-18 00:59:00", "individual": "SW41"}}, {"type": "Feature", "geometry": {"type": "Point", "coordinates": [-109.192, 51.54]}, "properties": {"timestamp": "1996-08-26 09:52:00", "individual": "SW41"}}, {"type": "Feature", "geometry": {"type": "Point", "coordinates": [-108.951, 51.182]}, "properties": {"timestamp": "1996-09-03 19:58:00", "individual": "SW41"}}, {"type": "Feature", "geometry": {"type": "Point", "coordinates": [-108.598, 51.094]}, "properties": {"timestamp": "1996-09-04 01:26:00", "individual": "SW41"}}, {"type": "Feature", "geometry": {"type": "Point", "coordinates": [-108.603, 51.054]}, "properties": {"timestamp": "1996-09-10 08:47:00", "individual": "SW41"}}, {"type": "Feature", "geometry": {"type": "Point", "coordinates": [-108.872, 51.135]}, "properties": {"timestamp": "1996-09-16 09:24:00", "individual": "SW41"}}, {"type": "Feature", "geometry": {"type": "Point", "coordinates": [-108.017, 50.968]}, "properties": {"timestamp": "1996-09-22 13:46:00", "individual": "SW41"}}, {"type": "Feature", "geometry": {"type": "Point", "coordinates": [-103.909, 48.802]}, "properties": {"timestamp": "1996-09-28 20:24:00", "individual": "SW41"}}, {"type": "Feature", "geometry": {"type": "Point", "coordinates": [-103.596, 48.235]}, "properties": {"timestamp": "1996-09-29 00:40:00", "individual": "SW41"}}, {"type": "Feature", "geometry": {"type": "Point", "coordinates": [-100.945, 46.601]}, "properties": {"timestamp": "1996-10-05 01:50:00", "individual": "SW41"}}, {"type": "Feature", "geometry": {"type": "Point", "coordinates": [-99.908, 32.112]}, "properties": {"timestamp": "1996-10-11 08:19:00", "individual": "SW41"}}, {"type": "Feature", "geometry": {"type": "Point", "coordinates": [-97.482, 20.753]}, "properties": {"timestamp": "1996-10-17 14:47:00", "individual": "SW41"}}, {"type": "Feature", "geometry": {"type": "Point", "coordinates": [-85.469, 12.056]}, "properties": {"timestamp": "1996-10-23 20:40:00", "individual": "SW41"}}, {"type": "Feature", "geometry": {"type": "Point", "coordinates": [-85.444, 12.195]}, "properties": {"timestamp": "1996-10-24 01:23:00", "individual": "SW41"}}, {"type": "Feature", "geometry": {"type": "Point", "coordinates": [-81.838, 8.843]}, "properties": {"timestamp": "1996-10-30 06:36:00", "individual": "SW41"}}, {"type": "Feature", "geometry": {"type": "Point", "coordinates": [-63.891, -16.141]}, "properties": {"timestamp": "1996-11-17 22:47:00", "individual": "SW41"}}, {"type": "Feature", "geometry": {"type": "Point", "coordinates": [-62.318, -27.494]}, "properties": {"timestamp": "1996-11-24 05:34:00", "individual": "SW41"}}, {"type": "Feature", "geometry": {"type": "Point", "coordinates": [-63.918, -33.317]}, "properties": {"timestamp": "1996-11-30 10:36:00", "individual": "SW41"}}, {"type": "Feature", "geometry": {"type": "Point", "coordinates": [-63.962, -33.538]}, "properties": {"timestamp": "1996-12-06 19:11:00", "individual": "SW41"}}, {"type": "Feature", "geometry": {"type": "Point", "coordinates": [-63.823, -33.706]}, "properties": {"timestamp": "1996-12-12 23:37:00", "individual": "SW41"}}, {"type": "Feature", "geometry": {"type": "Point", "coordinates": [-63.813, -33.624]}, "properties": {"timestamp": "1996-12-13 01:16:00", "individual": "SW41"}}, {"type": "Feature", "geometry": {"type": "Point", "coordinates": [-63.836, -33.472]}, "properties": {"timestamp": "1996-12-19 06:07:00", "individual": "SW41"}}, {"type": "Feature", "geometry": {"type": "Point", "coordinates": [-63.716, -33.516]}, "properties": {"timestamp": "1996-12-25 09:52:00", "individual": "SW41"}}, {"type": "Feature", "geometry": {"type": "Point", "coordinates": [-63.598, -33.402]}, "properties": {"timestamp": "1996-12-31 17:59:00", "individual": "SW41"}}, {"type": "Feature", "geometry": {"type": "Point", "coordinates": [-63.904, -33.57]}, "properties": {"timestamp": "1997-01-06 22:48:00", "individual": "SW41"}}, {"type": "Feature", "geometry": {"type": "Point", "coordinates": [-63.974, -33.552]}, "properties": {"timestamp": "1997-01-07 00:32:00", "individual": "SW41"}}, {"type": "Feature", "geometry": {"type": "Point", "coordinates": [-63.864, -33.674]}, "properties": {"timestamp": "1997-01-13 06:33:00", "individual": "SW41"}}, {"type": "Feature", "geometry": {"type": "Point", "coordinates": [-63.952, -34.007]}, "properties": {"timestamp": "1997-01-19 10:42:00", "individual": "SW41"}}, {"type": "Feature", "geometry": {"type": "Point", "coordinates": [-63.816, -33.935]}, "properties": {"timestamp": "1997-01-25 22:31:00", "individual": "SW41"}}, {"type": "Feature", "geometry": {"type": "Point", "coordinates": [-63.763, -33.742]}, "properties": {"timestamp": "1997-01-31 23:41:00", "individual": "SW41"}}, {"type": "Feature", "geometry": {"type": "Point", "coordinates": [-63.994, -34.264]}, "properties": {"timestamp": "1997-02-07 05:22:00", "individual": "SW41"}}, {"type": "Feature", "geometry": {"type": "Point", "coordinates": [-63.888, -34.404]}, "properties": {"timestamp": "1997-02-13 09:56:00", "individual": "SW41"}}, {"type": "Feature", "geometry": {"type": "Point", "coordinates": [-61.928, -31.716]}, "properties": {"timestamp": "1997-02-19 18:57:00", "individual": "SW41"}}, {"type": "Feature", "geometry": {"type": "Point", "coordinates": [-61.418, -30.933]}, "properties": {"timestamp": "1997-02-26 05:12:00", "individual": "SW41"}}, {"type": "Feature", "geometry": {"type": "Point", "coordinates": [-62.661, -17.273]}, "properties": {"timestamp": "1997-03-04 05:45:00", "individual": "SW41"}}, {"type": "Feature", "geometry": {"type": "Point", "coordinates": [-57.997, -9.751]}, "properties": {"timestamp": "1997-03-10 10:45:00", "individual": "SW41"}}, {"type": "Feature", "geometry": {"type": "Point", "coordinates": [-69.779, 10.864]}, "properties": {"timestamp": "1997-03-29 07:50:00", "individual": "SW41"}}, {"type": "Feature", "geometry": {"type": "Point", "coordinates": [-99.487, 28.448]}, "properties": {"timestamp": "1997-04-04 13:08:00", "individual": "SW41"}}, {"type": "Feature", "geometry": {"type": "Point", "coordinates": [-102.344, 38.261]}, "properties": {"timestamp": "1997-04-17 01:01:00", "individual": "SW41"}}, {"type": "Feature", "geometry": {"type": "Point", "coordinates": [-102.266, 39.191]}, "properties": {"timestamp": "1997-04-23 09:50:00", "individual": "SW41"}}, {"type": "Feature", "geometry": {"type": "Point", "coordinates": [-109.329, 51.592]}, "properties": {"timestamp": "1997-04-29 12:03:00", "individual": "SW41"}}, {"type": "Feature", "geometry": {"type": "Point", "coordinates": [-109.1, 51.592]}, "properties": {"timestamp": "1997-05-05 19:10:00", "individual": "SW41"}}, {"type": "Feature", "geometry": {"type": "Point", "coordinates": [-109.344, 51.489]}, "properties": {"timestamp": "1997-05-06 00:49:00", "individual": "SW41"}}, {"type": "Feature", "geometry": {"type": "Point", "coordinates": [-109.346, 51.472]}, "properties": {"timestamp": "1997-05-12 00:17:00", "individual": "SW41"}}, {"type": "Feature", "geometry": {"type": "Point", "coordinates": [-109.245, 51.531]}, "properties": {"timestamp": "1997-05-30 21:17:00", "individual": "SW41"}}, {"type": "Feature", "geometry": {"type": "Point", "coordinates": [-109.199, 51.53]}, "properties": {"timestamp": "1997-05-31 01:41:00", "individual": "SW41"}}, {"type": "Feature", "geometry": {"type": "Point", "coordinates": [-109.231, 51.549]}, "properties": {"timestamp": "1997-06-12 10:44:00", "individual": "SW41"}}, {"type": "Feature", "geometry": {"type": "Point", "coordinates": [-109.232, 51.505]}, "properties": {"timestamp": "1997-06-18 15:40:00", "individual": "SW41"}}, {"type": "Feature", "geometry": {"type": "Point", "coordinates": [-109.275, 51.599]}, "properties": {"timestamp": "1997-06-24 21:45:00", "individual": "SW41"}}, {"type": "Feature", "geometry": {"type": "Point", "coordinates": [-109.13, 51.571]}, "properties": {"timestamp": "1997-06-28 21:00:00", "individual": "SW41"}}, {"type": "Feature", "geometry": {"type": "Point", "coordinates": [-121.95, 41.84]}, "properties": {"timestamp": "1995-09-04 00:00:00", "individual": "SW43"}}, {"type": "Feature", "geometry": {"type": "Point", "coordinates": [-121.463, 42.688]}, "properties": {"timestamp": "1995-09-10 19:29:00", "individual": "SW43"}}, {"type": "Feature", "geometry": {"type": "Point", "coordinates": [-121.458, 42.469]}, "properties": {"timestamp": "1995-09-13 20:35:00", "individual": "SW43"}}, {"type": "Feature", "geometry": {"type": "Point", "coordinates": [-121.374, 42.372]}, "properties": {"timestamp": "1995-09-14 00:46:00", "individual": "SW43"}}, {"type": "Feature", "geometry": {"type": "Point", "coordinates": [-121.16, 42.091]}, "properties": {"timestamp": "1995-09-16 21:42:00", "individual": "SW43"}}, {"type": "Feature", "geometry": {"type": "Point", "coordinates": [-121.463, 41.902]}, "properties": {"timestamp": "1995-09-17 03:00:00", "individual": "SW43"}}, {"type": "Feature", "geometry": {"type": "Point", "coordinates": [-116.68, 35.099]}, "properties": {"timestamp": "1995-09-20 01:49:00", "individual": "SW43"}}, {"type": "Feature", "geometry": {"type": "Point", "coordinates": [-112.947, 38.326]}, "properties": {"timestamp": "1995-09-23 00:48:00", "individual": "SW43"}}, {"type": "Feature", "geometry": {"type": "Point", "coordinates": [-111.907, 39.494]}, "properties": {"timestamp": "1995-09-26 01:24:00", "individual": "SW43"}}, {"type": "Feature", "geometry": {"type": "Point", "coordinates": [-111.89, 39.8]}, "properties": {"timestamp": "1995-09-29 09:36:00", "individual": "SW43"}}, {"type": "Feature", "geometry": {"type": "Point", "coordinates": [-109.283, 36.659]}, "properties": {"timestamp": "1995-10-02 10:46:00", "individual": "SW43"}}, {"type": "Feature", "geometry": {"type": "Point", "coordinates": [-101.815, 34.365]}, "properties": {"timestamp": "1995-10-05 08:32:00", "individual": "SW43"}}, {"type": "Feature", "geometry": {"type": "Point", "coordinates": [-98.264, 24.718]}, "properties": {"timestamp": "1995-10-08 09:42:00", "individual": "SW43"}}, {"type": "Feature", "geometry": {"type": "Point", "coordinates": [-94.657, 16.639]}, "properties": {"timestamp": "1995-10-11 09:12:00", "individual": "SW43"}}, {"type": "Feature", "geometry": {"type": "Point", "coordinates": [-90.202, 14.047]}, "properties": {"timestamp": "1995-10-14 13:56:00", "individual": "SW43"}}, {"type": "Feature", "geometry": {"type": "Point", "coordinates": [-70.865, -5.269]}, "properties": {"timestamp": "1995-11-01 18:13:00", "individual": "SW43"}}, {"type": "Feature", "geometry": {"type": "Point", "coordinates": [-66.817, -11.239]}, "properties": {"timestamp": "1995-11-04 22:16:00", "individual": "SW43"}}, {"type": "Feature", "geometry": {"type": "Point", "coordinates": [-62.073, -24.811]}, "properties": {"timestamp": "1995-11-07 22:45:00", "individual": "SW43"}}, {"type": "Feature", "geometry": {"type": "Point", "coordinates": [-62.047, -24.803]}, "properties": {"timestamp": "1995-11-08 00:25:00", "individual": "SW43"}}, {"type": "Feature", "geometry": {"type": "Point", "coordinates": [-61.97, -29.476]}, "properties": {"timestamp": "1995-11-10 23:20:00", "individual": "SW43"}}, {"type": "Feature", "geometry": {"type": "Point", "coordinates": [-61.97, -29.445]}, "properties": {"timestamp": "1995-11-11 05:27:00", "individual": "SW43"}}, {"type": "Feature", "geometry": {"type": "Point", "coordinates": [-61.883, -29.85]}, "properties": {"timestamp": "1995-11-14 04:55:00", "individual": "SW43"}}, {"type": "Feature", "geometry": {"type": "Point", "coordinates": [-61.643, -31.194]}, "properties": {"timestamp": "1995-11-17 06:04:00", "individual": "SW43"}}, {"type": "Feature", "geometry": {"type": "Point", "coordinates": [-63.82, -35.055]}, "properties": {"timestamp": "1995-11-23 04:59:00", "individual": "SW43"}}, {"type": "Feature", "geometry": {"type": "Point", "coordinates": [-63.558, -35.547]}, "properties": {"timestamp": "1995-11-26 10:15:00", "individual": "SW43"}}, {"type": "Feature", "geometry": {"type": "Point", "coordinates": [-57.792, -31.948]}, "properties": {"timestamp": "1995-12-08 18:05:00", "individual": "SW43"}}, {"type": "Feature", "geometry": {"type": "Point", "coordinates": [-63.195, -35.979]}, "properties": {"timestamp": "1995-12-11 17:30:00", "individual": "SW43"}}, {"type": "Feature", "geometry": {"type": "Point", "coordinates": [-63.894, -35.094]}, "properties": {"timestamp": "1995-12-14 22:40:00", "individual": "SW43"}}, {"type": "Feature", "geometry": {"type": "Point", "coordinates": [-64.823, -33.698]}, "properties": {"timestamp": "1995-12-17 18:07:00", "individual": "SW43"}}, {"type": "Feature", "geometry": {"type": "Point", "coordinates": [-64.67, -34.709]}, "properties": {"timestamp": "1995-12-20 19:14:00", "individual": "SW43"}}, {"type": "Feature", "geometry": {"type": "Point", "coordinates": [-64.514, -33.84]}, "properties": {"timestamp": "1995-12-23 22:42:00", "individual": "SW43"}}, {"type": "Feature", "geometry": {"type": "Point", "coordinates": [-64.52, -33.794]}, "properties": {"timestamp": "1995-12-24 00:00:00", "individual": "SW43"}}, {"type": "Feature", "geometry": {"type": "Point", "coordinates": [-64.495, -35.205]}, "properties": {"timestamp": "1996-01-08 17:32:00", "individual": "SW43"}}, {"type": "Feature", "geometry": {"type": "Point", "coordinates": [-64.244, -35.429]}, "properties": {"timestamp": "1996-02-01 18:12:00", "individual": "SW43"}}, {"type": "Feature", "geometry": {"type": "Point", "coordinates": [-63.948, -35.345]}, "properties": {"timestamp": "1996-02-09 18:27:00", "individual": "SW43"}}, {"type": "Feature", "geometry": {"type": "Point", "coordinates": [-104.84, 39.83]}, "properties": {"timestamp": "1995-09-18 00:00:00", "individual": "SW44"}}, {"type": "Feature", "geometry": {"type": "Point", "coordinates": [-104.807, 39.785]}, "properties": {"timestamp": "1995-09-19 16:11:00", "individual": "SW44"}}, {"type": "Feature", "geometry": {"type": "Point", "coordinates": [-103.882, 39.724]}, "properties": {"timestamp": "1995-09-25 18:26:00", "individual": "SW44"}}, {"type": "Feature", "geometry": {"type": "Point", "coordinates": [-103.917, 39.834]}, "properties": {"timestamp": "1995-10-01 18:49:00", "individual": "SW44"}}, {"type": "Feature", "geometry": {"type": "Point", "coordinates": [-98.925, 29.237]}, "properties": {"timestamp": "1995-10-07 19:33:00", "individual": "SW44"}}, {"type": "Feature", "geometry": {"type": "Point", "coordinates": [-94.981, 16.705]}, "properties": {"timestamp": "1995-10-13 20:02:00", "individual": "SW44"}}, {"type": "Feature", "geometry": {"type": "Point", "coordinates": [-95.221, 16.314]}, "properties": {"timestamp": "1995-10-14 01:22:00", "individual": "SW44"}}, {"type": "Feature", "geometry": {"type": "Point", "coordinates": [-84.56, 11.795]}, "properties": {"timestamp": "1995-10-19 17:17:00", "individual": "SW44"}}, {"type": "Feature", "geometry": {"type": "Point", "coordinates": [-84.557, 11.017]}, "properties": {"timestamp": "1995-10-20 00:52:00", "individual": "SW44"}}, {"type": "Feature", "geometry": {"type": "Point", "coordinates": [-74.768, 4.861]}, "properties": {"timestamp": "1995-10-25 17:49:00", "individual": "SW44"}}, {"type": "Feature", "geometry": {"type": "Point", "coordinates": [-74.763, 3.856]}, "properties": {"timestamp": "1995-10-26 00:17:00", "individual": "SW44"}}, {"type": "Feature", "geometry": {"type": "Point", "coordinates": [-73.576, -6.169]}, "properties": {"timestamp": "1995-10-31 20:01:00", "individual": "SW44"}}, {"type": "Feature", "geometry": {"type": "Point", "coordinates": [-62.069, -23.022]}, "properties": {"timestamp": "1995-11-06 17:10:00", "individual": "SW44"}}, {"type": "Feature", "geometry": {"type": "Point", "coordinates": [-63.167, -32.357]}, "properties": {"timestamp": "1995-11-12 17:46:00", "individual": "SW44"}}, {"type": "Feature", "geometry": {"type": "Point", "coordinates": [-63.456, -35.553]}, "properties": {"timestamp": "1995-11-18 16:37:00", "individual": "SW44"}}, {"type": "Feature", "geometry": {"type": "Point", "coordinates": [-64.376, -34.429]}, "properties": {"timestamp": "1995-11-24 17:16:00", "individual": "SW44"}}, {"type": "Feature", "geometry": {"type": "Point", "coordinates": [-64.642, -34.643]}, "properties": {"timestamp": "1995-11-28 04:07:00", "individual": "SW44"}}, {"type": "Feature", "geometry": {"type": "Point", "coordinates": [-64.641, -33.909]}, "properties": {"timestamp": "1995-12-01 17:41:00", "individual": "SW44"}}, {"type": "Feature", "geometry": {"type": "Point", "coordinates": [-64.691, -33.893]}, "properties": {"timestamp": "1995-12-08 18:04:00", "individual": "SW44"}}, {"type": "Feature", "geometry": {"type": "Point", "coordinates": [-64.563, -33.96]}, "properties": {"timestamp": "1995-12-12 01:23:00", "individual": "SW44"}}, {"type": "Feature", "geometry": {"type": "Point", "coordinates": [-64.662, -33.907]}, "properties": {"timestamp": "1995-12-19 03:40:00", "individual": "SW44"}}, {"type": "Feature", "geometry": {"type": "Point", "coordinates": [-64.914, -34.237]}, "properties": {"timestamp": "1995-12-22 10:46:00", "individual": "SW44"}}, {"type": "Feature", "geometry": {"type": "Point", "coordinates": [-63.739, -33.782]}, "properties": {"timestamp": "1995-12-25 22:01:00", "individual": "SW44"}}, {"type": "Feature", "geometry": {"type": "Point", "coordinates": [-64.062, -33.855]}, "properties": {"timestamp": "1995-12-26 04:05:00", "individual": "SW44"}}, {"type": "Feature", "geometry": {"type": "Point", "coordinates": [-64.649, -33.958]}, "properties": {"timestamp": "1995-12-29 09:53:00", "individual": "SW44"}}, {"type": "Feature", "geometry": {"type": "Point", "coordinates": [-63.865, -33.743]}, "properties": {"timestamp": "1996-01-01 22:47:00", "individual": "SW44"}}, {"type": "Feature", "geometry": {"type": "Point", "coordinates": [-63.866, -33.733]}, "properties": {"timestamp": "1996-01-02 00:28:00", "individual": "SW44"}}, {"type": "Feature", "geometry": {"type": "Point", "coordinates": [-63.721, -33.441]}, "properties": {"timestamp": "1996-01-05 07:19:00", "individual": "SW44"}}, {"type": "Feature", "geometry": {"type": "Point", "coordinates": [-63.751, -33.429]}, "properties": {"timestamp": "1996-01-08 23:34:00", "individual": "SW44"}}, {"type": "Feature", "geometry": {"type": "Point", "coordinates": [-63.673, -33.415]}, "properties": {"timestamp": "1996-01-09 01:14:00", "individual": "SW44"}}, {"type": "Feature", "geometry": {"type": "Point", "coordinates": [-64.414, -33.331]}, "properties": {"timestamp": "1996-01-12 06:04:00", "individual": "SW44"}}, {"type": "Feature", "geometry": {"type": "Point", "coordinates": [-64.313, -33.332]}, "properties": {"timestamp": "1996-01-15 22:43:00", "individual": "SW44"}}, {"type": "Feature", "geometry": {"type": "Point", "coordinates": [-64.152, -33.237]}, "properties": {"timestamp": "1996-01-16 00:19:00", "individual": "SW44"}}, {"type": "Feature", "geometry": {"type": "Point", "coordinates": [-63.985, -33.448]}, "properties": {"timestamp": "1996-01-19 04:48:00", "individual": "SW44"}}, {"type": "Feature", "geometry": {"type": "Point", "coordinates": [-64.751, -32.945]}, "properties": {"timestamp": "1996-01-22 16:42:00", "individual": "SW44"}}, {"type": "Feature", "geometry": {"type": "Point", "coordinates": [-63.082, -31.424]}, "properties": {"timestamp": "1996-01-26 03:30:00", "individual": "SW44"}}, {"type": "Feature", "geometry": {"type": "Point", "coordinates": [-63.315, -31.135]}, "properties": {"timestamp": "1996-01-29 17:05:00", "individual": "SW44"}}, {"type": "Feature", "geometry": {"type": "Point", "coordinates": [-63.421, -31.323]}, "properties": {"timestamp": "1996-02-02 03:58:00", "individual": "SW44"}}, {"type": "Feature", "geometry": {"type": "Point", "coordinates": [-63.279, -31.347]}, "properties": {"timestamp": "1996-02-05 17:28:00", "individual": "SW44"}}, {"type": "Feature", "geometry": {"type": "Point", "coordinates": [-63.117, -31.211]}, "properties": {"timestamp": "1996-02-09 00:04:00", "individual": "SW44"}}, {"type": "Feature", "geometry": {"type": "Point", "coordinates": [-63.087, -31.178]}, "properties": {"timestamp": "1996-02-12 17:55:00", "individual": "SW44"}}, {"type": "Feature", "geometry": {"type": "Point", "coordinates": [-61.847, -31.212]}, "properties": {"timestamp": "1996-02-19 11:00:00", "individual": "SW44"}}, {"type": "Feature", "geometry": {"type": "Point", "coordinates": [-61.686, -31.479]}, "properties": {"timestamp": "1996-02-22 22:15:00", "individual": "SW44"}}, {"type": "Feature", "geometry": {"type": "Point", "coordinates": [-61.686, -27.82]}, "properties": {"timestamp": "1996-02-26 10:03:00", "individual": "SW44"}}, {"type": "Feature", "geometry": {"type": "Point", "coordinates": [-61.177, -30.839]}, "properties": {"timestamp": "1996-02-29 19:50:00", "individual": "SW44"}}, {"type": "Feature", "geometry": {"type": "Point", "coordinates": [-61.294, -31.475]}, "properties": {"timestamp": "1996-03-04 06:39:00", "individual": "SW44"}}, {"type": "Feature", "geometry": {"type": "Point", "coordinates": [-61.531, -31.248]}, "properties": {"timestamp": "1996-03-07 18:36:00", "individual": "SW44"}}, {"type": "Feature", "geometry": {"type": "Point", "coordinates": [-61.572, -31.223]}, "properties": {"timestamp": "1996-03-11 11:39:00", "individual": "SW44"}}, {"type": "Feature", "geometry": {"type": "Point", "coordinates": [-111.83, 41.82]}, "properties": {"timestamp": "1995-07-29 00:00:00", "individual": "SW45"}}, {"type": "Feature", "geometry": {"type": "Point", "coordinates": [-111.807, 41.821]}, "properties": {"timestamp": "1995-07-30 20:19:00", "individual": "SW45"}}, {"type": "Feature", "geometry": {"type": "Point", "coordinates": [-111.752, 41.771]}, "properties": {"timestamp": "1995-07-31 00:24:00", "individual": "SW45"}}, {"type": "Feature", "geometry": {"type": "Point", "coordinates": [-111.822, 41.823]}, "properties": {"timestamp": "1995-08-08 08:52:00", "individual": "SW45"}}, {"type": "Feature", "geometry": {"type": "Point", "coordinates": [-111.822, 41.875]}, "properties": {"timestamp": "1995-08-16 22:19:00", "individual": "SW45"}}, {"type": "Feature", "geometry": {"type": "Point", "coordinates": [-111.84, 41.787]}, "properties": {"timestamp": "1995-08-17 00:54:00", "individual": "SW45"}}, {"type": "Feature", "geometry": {"type": "Point", "coordinates": [-111.849, 41.895]}, "properties": {"timestamp": "1995-08-25 10:53:00", "individual": "SW45"}}, {"type": "Feature", "geometry": {"type": "Point", "coordinates": [-111.832, 41.813]}, "properties": {"timestamp": "1995-09-03 01:24:00", "individual": "SW45"}}, {"type": "Feature", "geometry": {"type": "Point", "coordinates": [-111.789, 41.816]}, "properties": {"timestamp": "1995-09-06 08:41:00", "individual": "SW45"}}, {"type": "Feature", "geometry": {"type": "Point", "coordinates": [-111.807, 41.822]}, "properties": {"timestamp": "1995-09-09 14:49:00", "individual": "SW45"}}, {"type": "Feature", "geometry": {"type": "Point", "coordinates": [-111.785, 41.847]}, "properties": {"timestamp": "1995-09-13 01:05:00", "individual": "SW45"}}, {"type": "Feature", "geometry": {"type": "Point", "coordinates": [-111.8, 41.812]}, "properties": {"timestamp": "1995-09-16 08:36:00", "individual": "SW45"}}, {"type": "Feature", "geometry": {"type": "Point", "coordinates": [-111.839, 41.821]}, "properties": {"timestamp": "1995-09-19 14:31:00", "individual": "SW45"}}, {"type": "Feature", "geometry": {"type": "Point", "coordinates": [-111.931, 41.878]}, "properties": {"timestamp": "1995-09-22 22:19:00", "individual": "SW45"}}, {"type": "Feature", "geometry": {"type": "Point", "coordinates": [-111.874, 41.798]}, "properties": {"timestamp": "1995-09-23 00:51:00", "individual": "SW45"}}, {"type": "Feature", "geometry": {"type": "Point", "coordinates": [-111.816, 41.822]}, "properties": {"timestamp": "1995-09-26 01:26:00", "individual": "SW45"}}, {"type": "Feature", "geometry": {"type": "Point", "coordinates": [-111.805, 41.814]}, "properties": {"timestamp": "1995-09-29 14:16:00", "individual": "SW45"}}, {"type": "Feature", "geometry": {"type": "Point", "coordinates": [-104.471, 32.969]}, "properties": {"timestamp": "1995-10-06 01:03:00", "individual": "SW45"}}, {"type": "Feature", "geometry": {"type": "Point", "coordinates": [-102.73, 28.581]}, "properties": {"timestamp": "1995-10-09 07:55:00", "individual": "SW45"}}, {"type": "Feature", "geometry": {"type": "Point", "coordinates": [-104.84, 39.83]}, "properties": {"timestamp": "1995-09-13 00:00:00", "individual": "SW46"}}, {"type": "Feature", "geometry": {"type": "Point", "coordinates": [-103.158, 39.572]}, "properties": {"timestamp": "1995-09-14 20:25:00", "individual": "SW46"}}, {"type": "Feature", "geometry": {"type": "Point", "coordinates": [-103.312, 39.525]}, "properties": {"timestamp": "1995-09-15 00:22:00", "individual": "SW46"}}, {"type": "Feature", "geometry": {"type": "Point", "coordinates": [-103.288, 39.421]}, "properties": {"timestamp": "1995-09-21 15:29:00", "individual": "SW46"}}, {"type": "Feature", "geometry": {"type": "Point", "coordinates": [-103.181, 39.332]}, "properties": {"timestamp": "1995-09-24 18:36:00", "individual": "SW46"}}, {"type": "Feature", "geometry": {"type": "Point", "coordinates": [-103.085, 39.442]}, "properties": {"timestamp": "1995-09-28 00:40:00", "individual": "SW46"}}, {"type": "Feature", "geometry": {"type": "Point", "coordinates": [-103.169, 39.39]}, "properties": {"timestamp": "1995-10-01 13:34:00", "individual": "SW46"}}, {"type": "Feature", "geometry": {"type": "Point", "coordinates": [-103.279, 39.184]}, "properties": {"timestamp": "1995-10-04 14:05:00", "individual": "SW46"}}, {"type": "Feature", "geometry": {"type": "Point", "coordinates": [-103.335, 39.198]}, "properties": {"timestamp": "1995-10-07 19:35:00", "individual": "SW46"}}, {"type": "Feature", "geometry": {"type": "Point", "coordinates": [-103.206, 39.182]}, "properties": {"timestamp": "1995-10-08 00:22:00", "individual": "SW46"}}, {"type": "Feature", "geometry": {"type": "Point", "coordinates": [-101.031, 33.391]}, "properties": {"timestamp": "1995-10-11 02:33:00", "individual": "SW46"}}, {"type": "Feature", "geometry": {"type": "Point", "coordinates": [-99.786, 31.264]}, "properties": {"timestamp": "1995-10-14 08:35:00", "individual": "SW46"}}, {"type": "Feature", "geometry": {"type": "Point", "coordinates": [-98.349, 25.744]}, "properties": {"timestamp": "1995-10-17 19:27:00", "individual": "SW46"}}, {"type": "Feature", "geometry": {"type": "Point", "coordinates": [-98.057, 22.457]}, "properties": {"timestamp": "1995-10-21 00:37:00", "individual": "SW46"}}, {"type": "Feature", "geometry": {"type": "Point", "coordinates": [-87.957, 13.85]}, "properties": {"timestamp": "1995-10-27 14:09:00", "individual": "SW46"}}, {"type": "Feature", "geometry": {"type": "Point", "coordinates": [-92.184, 9.791]}, "properties": {"timestamp": "1995-11-03 00:47:00", "individual": "SW46"}}, {"type": "Feature", "geometry": {"type": "Point", "coordinates": [-76.952, 5.978]}, "properties": {"timestamp": "1995-11-09 18:27:00", "individual": "SW46"}}, {"type": "Feature", "geometry": {"type": "Point", "coordinates": [-71.35, -6.836]}, "properties": {"timestamp": "1995-11-16 06:07:00", "individual": "SW46"}}, {"type": "Feature", "geometry": {"type": "Point", "coordinates": [-62.237, -19.278]}, "properties": {"timestamp": "1995-11-22 17:40:00", "individual": "SW46"}}, {"type": "Feature", "geometry": {"type": "Point", "coordinates": [-61.84, -28.645]}, "properties": {"timestamp": "1995-11-29 07:14:00", "individual": "SW46"}}, {"type": "Feature", "geometry": {"type": "Point", "coordinates": [-61.837, -31.628]}, "properties": {"timestamp": "1995-12-02 17:28:00", "individual": "SW46"}}, {"type": "Feature", "geometry": {"type": "Point", "coordinates": [-62.051, -32.258]}, "properties": {"timestamp": "1995-12-05 20:20:00", "individual": "SW46"}}, {"type": "Feature", "geometry": {"type": "Point", "coordinates": [-61.755, -32.437]}, "properties": {"timestamp": "1995-12-06 00:17:00", "individual": "SW46"}}, {"type": "Feature", "geometry": {"type": "Point", "coordinates": [-61.318, -32.731]}, "properties": {"timestamp": "1995-12-09 03:50:00", "individual": "SW46"}}, {"type": "Feature", "geometry": {"type": "Point", "coordinates": [-61.196, -33.474]}, "properties": {"timestamp": "1995-12-12 11:01:00", "individual": "SW46"}}, {"type": "Feature", "geometry": {"type": "Point", "coordinates": [-61.324, -33.54]}, "properties": {"timestamp": "1995-12-15 18:29:00", "individual": "SW46"}}, {"type": "Feature", "geometry": {"type": "Point", "coordinates": [-61.364, -33.533]}, "properties": {"timestamp": "1995-12-18 22:52:00", "individual": "SW46"}}, {"type": "Feature", "geometry": {"type": "Point", "coordinates": [-61.322, -33.514]}, "properties": {"timestamp": "1995-12-19 05:18:00", "individual": "SW46"}}, {"type": "Feature", "geometry": {"type": "Point", "coordinates": [-61.354, -33.526]}, "properties": {"timestamp": "1995-12-22 04:49:00", "individual": "SW46"}}, {"type": "Feature", "geometry": {"type": "Point", "coordinates": [-61.22, -33.494]}, "properties": {"timestamp": "1995-12-25 11:21:00", "individual": "SW46"}}, {"type": "Feature", "geometry": {"type": "Point", "coordinates": [-61.185, -33.577]}, "properties": {"timestamp": "1995-12-28 22:33:00", "individual": "SW46"}}, {"type": "Feature", "geometry": {"type": "Point", "coordinates": [-61.165, -33.56]}, "properties": {"timestamp": "1995-12-29 00:14:00", "individual": "SW46"}}, {"type": "Feature", "geometry": {"type": "Point", "coordinates": [-60.78, -33.752]}, "properties": {"timestamp": "1996-01-01 04:41:00", "individual": "SW46"}}, {"type": "Feature", "geometry": {"type": "Point", "coordinates": [-61.043, -34.048]}, "properties": {"timestamp": "1996-01-07 17:43:00", "individual": "SW46"}}, {"type": "Feature", "geometry": {"type": "Point", "coordinates": [-61.039, -34.045]}, "properties": {"timestamp": "1996-01-10 22:49:00", "individual": "SW46"}}, {"type": "Feature", "geometry": {"type": "Point", "coordinates": [-61.037, -34.044]}, "properties": {"timestamp": "1996-01-14 05:41:00", "individual": "SW46"}}, {"type": "Feature", "geometry": {"type": "Point", "coordinates": [-61.103, -33.713]}, "properties": {"timestamp": "1996-01-17 09:37:00", "individual": "SW46"}}, {"type": "Feature", "geometry": {"type": "Point", "coordinates": [-60.77, -34.097]}, "properties": {"timestamp": "1996-01-20 17:02:00", "individual": "SW46"}}, {"type": "Feature", "geometry": {"type": "Point", "coordinates": [-60.318, -33.503]}, "properties": {"timestamp": "1996-01-23 23:08:00", "individual": "SW46"}}, {"type": "Feature", "geometry": {"type": "Point", "coordinates": [-60.352, -33.514]}, "properties": {"timestamp": "1996-01-24 00:46:00", "individual": "SW46"}}, {"type": "Feature", "geometry": {"type": "Point", "coordinates": [-60.836, -34.197]}, "properties": {"timestamp": "1996-01-27 09:18:00", "individual": "SW46"}}, {"type": "Feature", "geometry": {"type": "Point", "coordinates": [-63.805, -34.342]}, "properties": {"timestamp": "1996-01-30 16:53:00", "individual": "SW46"}}, {"type": "Feature", "geometry": {"type": "Point", "coordinates": [-64.683, -34.479]}, "properties": {"timestamp": "1996-02-02 00:28:00", "individual": "SW46"}}, {"type": "Feature", "geometry": {"type": "Point", "coordinates": [-64.344, -34.214]}, "properties": {"timestamp": "1996-02-06 04:51:00", "individual": "SW46"}}, {"type": "Feature", "geometry": {"type": "Point", "coordinates": [-64.381, -33.348]}, "properties": {"timestamp": "1996-02-14 17:30:00", "individual": "SW46"}}, {"type": "Feature", "geometry": {"type": "Point", "coordinates": [-64.5, -32.787]}, "properties": {"timestamp": "1996-02-23 05:10:00", "individual": "SW46"}}, {"type": "Feature", "geometry": {"type": "Point", "coordinates": [-64.393, -32.51]}, "properties": {"timestamp": "1996-03-02 17:49:00", "individual": "SW46"}}, {"type": "Feature", "geometry": {"type": "Point", "coordinates": [-61.503, -30.247]}, "properties": {"timestamp": "1996-03-11 05:25:00", "individual": "SW46"}}, {"type": "Feature", "geometry": {"type": "Point", "coordinates": [-64.37, -14.973]}, "properties": {"timestamp": "1996-03-19 18:09:00", "individual": "SW46"}}, {"type": "Feature", "geometry": {"type": "Point", "coordinates": [-111.67, 51.4]}, "properties": {"timestamp": "1995-08-24 00:00:00", "individual": "SW47"}}, {"type": "Feature", "geometry": {"type": "Point", "coordinates": [-111.64, 51.464]}, "properties": {"timestamp": "1995-08-25 23:22:00", "individual": "SW47"}}, {"type": "Feature", "geometry": {"type": "Point", "coordinates": [-111.678, 51.356]}, "properties": {"timestamp": "1995-08-26 00:59:00", "individual": "SW47"}}, {"type": "Feature", "geometry": {"type": "Point", "coordinates": [-111.652, 51.406]}, "properties": {"timestamp": "1995-08-27 08:48:00", "individual": "SW47"}}, {"type": "Feature", "geometry": {"type": "Point", "coordinates": [-111.753, 51.375]}, "properties": {"timestamp": "1995-08-28 14:10:00", "individual": "SW47"}}, {"type": "Feature", "geometry": {"type": "Point", "coordinates": [-111.746, 51.526]}, "properties": {"timestamp": "1995-09-05 22:41:00", "individual": "SW47"}}, {"type": "Feature", "geometry": {"type": "Point", "coordinates": [-111.707, 51.389]}, "properties": {"timestamp": "1995-09-06 00:23:00", "individual": "SW47"}}, {"type": "Feature", "geometry": {"type": "Point", "coordinates": [-111.639, 51.367]}, "properties": {"timestamp": "1995-09-14 10:34:00", "individual": "SW47"}}, {"type": "Feature", "geometry": {"type": "Point", "coordinates": [-107.427, 49.968]}, "properties": {"timestamp": "1995-09-22 22:19:00", "individual": "SW47"}}, {"type": "Feature", "geometry": {"type": "Point", "coordinates": [-106.805, 49.776]}, "properties": {"timestamp": "1995-09-23 00:50:00", "individual": "SW47"}}, {"type": "Feature", "geometry": {"type": "Point", "coordinates": [-98.499, 41.105]}, "properties": {"timestamp": "1995-10-01 10:53:00", "individual": "SW47"}}, {"type": "Feature", "geometry": {"type": "Point", "coordinates": [-98.034, 23.861]}, "properties": {"timestamp": "1995-10-07 14:46:00", "individual": "SW47"}}, {"type": "Feature", "geometry": {"type": "Point", "coordinates": [-87.493, 13.615]}, "properties": {"timestamp": "1995-10-14 01:26:00", "individual": "SW47"}}, {"type": "Feature", "geometry": {"type": "Point", "coordinates": [-62.036, -32.189]}, "properties": {"timestamp": "1995-11-07 22:44:00", "individual": "SW47"}}, {"type": "Feature", "geometry": {"type": "Point", "coordinates": [-62.135, -32.206]}, "properties": {"timestamp": "1995-11-08 00:23:00", "individual": "SW47"}}, {"type": "Feature", "geometry": {"type": "Point", "coordinates": [-62.288, -32.561]}, "properties": {"timestamp": "1995-11-14 04:55:00", "individual": "SW47"}}, {"type": "Feature", "geometry": {"type": "Point", "coordinates": [-62.755, -35.873]}, "properties": {"timestamp": "1995-12-02 21:56:00", "individual": "SW47"}}, {"type": "Feature", "geometry": {"type": "Point", "coordinates": [-63.617, -36.119]}, "properties": {"timestamp": "1995-12-03 03:13:00", "individual": "SW47"}}, {"type": "Feature", "geometry": {"type": "Point", "coordinates": [-63.754, -36.482]}, "properties": {"timestamp": "1995-12-09 05:31:00", "individual": "SW47"}}, {"type": "Feature", "geometry": {"type": "Point", "coordinates": [-62.772, -36.321]}, "properties": {"timestamp": "1995-12-21 17:24:00", "individual": "SW47"}}, {"type": "Feature", "geometry": {"type": "Point", "coordinates": [-63.777, -35.044]}, "properties": {"timestamp": "1995-12-27 22:55:00", "individual": "SW47"}}, {"type": "Feature", "geometry": {"type": "Point", "coordinates": [-63.791, -35.035]}, "properties": {"timestamp": "1995-12-28 00:35:00", "individual": "SW47"}}, {"type": "Feature", "geometry": {"type": "Point", "coordinates": [-58.85, -36.104]}, "properties": {"timestamp": "1996-01-03 06:00:00", "individual": "SW47"}}, {"type": "Feature", "geometry": {"type": "Point", "coordinates": [-58.851, -36.129]}, "properties": {"timestamp": "1996-01-09 10:54:00", "individual": "SW47"}}, {"type": "Feature", "geometry": {"type": "Point", "coordinates": [-58.474, -36.177]}, "properties": {"timestamp": "1996-01-15 17:54:00", "individual": "SW47"}}, {"type": "Feature", "geometry": {"type": "Point", "coordinates": [-58.869, -36.648]}, "properties": {"timestamp": "1996-01-21 23:49:00", "individual": "SW47"}}, {"type": "Feature", "geometry": {"type": "Point", "coordinates": [-58.9, -36.66]}, "properties": {"timestamp": "1996-01-22 04:14:00", "individual": "SW47"}}, {"type": "Feature", "geometry": {"type": "Point", "coordinates": [-57.737, -35.075]}, "properties": {"timestamp": "1996-01-28 08:55:00", "individual": "SW47"}}, {"type": "Feature", "geometry": {"type": "Point", "coordinates": [-60.962, -31.394]}, "properties": {"timestamp": "1996-02-03 17:52:00", "individual": "SW47"}}, {"type": "Feature", "geometry": {"type": "Point", "coordinates": [-61.451, -31.568]}, "properties": {"timestamp": "1996-02-07 00:39:00", "individual": "SW47"}}, {"type": "Feature", "geometry": {"type": "Point", "coordinates": [-61.227, -31.665]}, "properties": {"timestamp": "1996-02-10 10:56:00", "individual": "SW47"}}, {"type": "Feature", "geometry": {"type": "Point", "coordinates": [-61.365, -31.256]}, "properties": {"timestamp": "1996-02-13 17:46:00", "individual": "SW47"}}, {"type": "Feature", "geometry": {"type": "Point", "coordinates": [-61.793, -31.298]}, "properties": {"timestamp": "1996-02-20 04:00:00", "individual": "SW47"}}, {"type": "Feature", "geometry": {"type": "Point", "coordinates": [-61.841, -31.119]}, "properties": {"timestamp": "1996-02-26 17:04:00", "individual": "SW47"}}, {"type": "Feature", "geometry": {"type": "Point", "coordinates": [-61.737, -30.934]}, "properties": {"timestamp": "1996-03-04 05:00:00", "individual": "SW47"}}, {"type": "Feature", "geometry": {"type": "Point", "coordinates": [-61.414, -30.765]}, "properties": {"timestamp": "1996-03-07 09:44:00", "individual": "SW47"}}, {"type": "Feature", "geometry": {"type": "Point", "coordinates": [-61.301, -24.504]}, "properties": {"timestamp": "1996-03-10 18:05:00", "individual": "SW47"}}, {"type": "Feature", "geometry": {"type": "Point", "coordinates": [-64.093, -20.39]}, "properties": {"timestamp": "1996-03-13 23:19:00", "individual": "SW47"}}, {"type": "Feature", "geometry": {"type": "Point", "coordinates": [-111.53, 51.42]}, "properties": {"timestamp": "1995-08-24 00:00:00", "individual": "SW48"}}, {"type": "Feature", "geometry": {"type": "Point", "coordinates": [-111.563, 51.392]}, "properties": {"timestamp": "1995-08-25 22:22:00", "individual": "SW48"}}, {"type": "Feature", "geometry": {"type": "Point", "coordinates": [-111.534, 51.429]}, "properties": {"timestamp": "1995-08-26 00:58:00", "individual": "SW48"}}, {"type": "Feature", "geometry": {"type": "Point", "coordinates": [-111.538, 51.402]}, "properties": {"timestamp": "1995-08-27 08:49:00", "individual": "SW48"}}, {"type": "Feature", "geometry": {"type": "Point", "coordinates": [-111.575, 51.408]}, "properties": {"timestamp": "1995-08-28 14:07:00", "individual": "SW48"}}, {"type": "Feature", "geometry": {"type": "Point", "coordinates": [-111.558, 51.43]}, "properties": {"timestamp": "1995-09-06 08:40:00", "individual": "SW48"}}, {"type": "Feature", "geometry": {"type": "Point", "coordinates": [-111.587, 51.403]}, "properties": {"timestamp": "1995-09-15 00:25:00", "individual": "SW48"}}, {"type": "Feature", "geometry": {"type": "Point", "coordinates": [-109.058, 50.059]}, "properties": {"timestamp": "1995-09-23 14:46:00", "individual": "SW48"}}, {"type": "Feature", "geometry": {"type": "Point", "coordinates": [-101.56, 44.01]}, "properties": {"timestamp": "1995-10-02 09:01:00", "individual": "SW48"}}, {"type": "Feature", "geometry": {"type": "Point", "coordinates": [-98.196, 37.642]}, "properties": {"timestamp": "1995-10-05 13:44:00", "individual": "SW48"}}, {"type": "Feature", "geometry": {"type": "Point", "coordinates": [-98.162, 24.97]}, "properties": {"timestamp": "1995-10-08 20:57:00", "individual": "SW48"}}, {"type": "Feature", "geometry": {"type": "Point", "coordinates": [-98.122, 25.019]}, "properties": {"timestamp": "1995-10-09 01:34:00", "individual": "SW48"}}, {"type": "Feature", "geometry": {"type": "Point", "coordinates": [-94.436, 16.404]}, "properties": {"timestamp": "1995-10-12 09:01:00", "individual": "SW48"}}, {"type": "Feature", "geometry": {"type": "Point", "coordinates": [-85.041, 11.949]}, "properties": {"timestamp": "1995-10-18 23:32:00", "individual": "SW48"}}, {"type": "Feature", "geometry": {"type": "Point", "coordinates": [-85.109, 11.861]}, "properties": {"timestamp": "1995-10-19 01:16:00", "individual": "SW48"}}, {"type": "Feature", "geometry": {"type": "Point", "coordinates": [-82.119, 9.281]}, "properties": {"timestamp": "1995-10-22 07:16:00", "individual": "SW48"}}, {"type": "Feature", "geometry": {"type": "Point", "coordinates": [-74.764, 4.113]}, "properties": {"timestamp": "1995-10-25 17:50:00", "individual": "SW48"}}, {"type": "Feature", "geometry": {"type": "Point", "coordinates": [-71.992, 2.115]}, "properties": {"timestamp": "1995-10-28 23:09:00", "individual": "SW48"}}, {"type": "Feature", "geometry": {"type": "Point", "coordinates": [-71.654, -6.674]}, "properties": {"timestamp": "1995-11-01 05:28:00", "individual": "SW48"}}, {"type": "Feature", "geometry": {"type": "Point", "coordinates": [-63.061, -19.617]}, "properties": {"timestamp": "1995-11-04 19:14:00", "individual": "SW48"}}, {"type": "Feature", "geometry": {"type": "Point", "coordinates": [-61.681, -32.262]}, "properties": {"timestamp": "1995-11-07 22:46:00", "individual": "SW48"}}, {"type": "Feature", "geometry": {"type": "Point", "coordinates": [-61.693, -32.267]}, "properties": {"timestamp": "1995-11-08 00:26:00", "individual": "SW48"}}, {"type": "Feature", "geometry": {"type": "Point", "coordinates": [-61.946, -32.814]}, "properties": {"timestamp": "1995-11-11 05:30:00", "individual": "SW48"}}, {"type": "Feature", "geometry": {"type": "Point", "coordinates": [-62.354, -33.393]}, "properties": {"timestamp": "1995-11-14 17:27:00", "individual": "SW48"}}, {"type": "Feature", "geometry": {"type": "Point", "coordinates": [-64.517, -34.513]}, "properties": {"timestamp": "1995-11-17 22:28:00", "individual": "SW48"}}, {"type": "Feature", "geometry": {"type": "Point", "coordinates": [-64.382, -34.613]}, "properties": {"timestamp": "1995-11-18 00:05:00", "individual": "SW48"}}, {"type": "Feature", "geometry": {"type": "Point", "coordinates": [-63.144, -36.368]}, "properties": {"timestamp": "1995-11-21 05:23:00", "individual": "SW48"}}, {"type": "Feature", "geometry": {"type": "Point", "coordinates": [-62.69, -36.55]}, "properties": {"timestamp": "1995-11-24 17:14:00", "individual": "SW48"}}, {"type": "Feature", "geometry": {"type": "Point", "coordinates": [-62.73, -36.498]}, "properties": {"timestamp": "1995-11-27 23:48:00", "individual": "SW48"}}, {"type": "Feature", "geometry": {"type": "Point", "coordinates": [-62.65, -36.412]}, "properties": {"timestamp": "1995-12-01 05:19:00", "individual": "SW48"}}, {"type": "Feature", "geometry": {"type": "Point", "coordinates": [-63.558, -35.388]}, "properties": {"timestamp": "1995-12-04 17:04:00", "individual": "SW48"}}, {"type": "Feature", "geometry": {"type": "Point", "coordinates": [-63.258, -35.059]}, "properties": {"timestamp": "1995-12-08 01:11:00", "individual": "SW48"}}, {"type": "Feature", "geometry": {"type": "Point", "coordinates": [-63.177, -34.987]}, "properties": {"timestamp": "1995-12-11 06:48:00", "individual": "SW48"}}, {"type": "Feature", "geometry": {"type": "Point", "coordinates": [-64.304, -34.291]}, "properties": {"timestamp": "1995-12-17 23:14:00", "individual": "SW48"}}, {"type": "Feature", "geometry": {"type": "Point", "coordinates": [-65.06, -34.279]}, "properties": {"timestamp": "1995-12-18 05:28:00", "individual": "SW48"}}, {"type": "Feature", "geometry": {"type": "Point", "coordinates": [-64.468, -33.085]}, "properties": {"timestamp": "1995-12-21 06:43:00", "individual": "SW48"}}, {"type": "Feature", "geometry": {"type": "Point", "coordinates": [-65.065, -33.26]}, "properties": {"timestamp": "1995-12-24 18:33:00", "individual": "SW48"}}, {"type": "Feature", "geometry": {"type": "Point", "coordinates": [-64.516, -34.356]}, "properties": {"timestamp": "1995-12-27 22:55:00", "individual": "SW48"}}, {"type": "Feature", "geometry": {"type": "Point", "coordinates": [-64.508, -34.292]}, "properties": {"timestamp": "1995-12-28 00:39:00", "individual": "SW48"}}, {"type": "Feature", "geometry": {"type": "Point", "coordinates": [-64.626, -34.417]}, "properties": {"timestamp": "1995-12-31 06:33:00", "individual": "SW48"}}, {"type": "Feature", "geometry": {"type": "Point", "coordinates": [-64.329, -34.948]}, "properties": {"timestamp": "1996-01-03 18:23:00", "individual": "SW48"}}, {"type": "Feature", "geometry": {"type": "Point", "coordinates": [-63.753, -34.99]}, "properties": {"timestamp": "1996-01-06 22:38:00", "individual": "SW48"}}, {"type": "Feature", "geometry": {"type": "Point", "coordinates": [-63.773, -35.036]}, "properties": {"timestamp": "1996-01-07 00:17:00", "individual": "SW48"}}, {"type": "Feature", "geometry": {"type": "Point", "coordinates": [-62.693, -35.516]}, "properties": {"timestamp": "1996-01-10 06:24:00", "individual": "SW48"}}, {"type": "Feature", "geometry": {"type": "Point", "coordinates": [-64.069, -34.777]}, "properties": {"timestamp": "1996-01-13 16:37:00", "individual": "SW48"}}, {"type": "Feature", "geometry": {"type": "Point", "coordinates": [-64.337, -34.731]}, "properties": {"timestamp": "1996-01-16 22:20:00", "individual": "SW48"}}, {"type": "Feature", "geometry": {"type": "Point", "coordinates": [-64.328, -34.812]}, "properties": {"timestamp": "1996-01-17 00:00:00", "individual": "SW48"}}, {"type": "Feature", "geometry": {"type": "Point", "coordinates": [-64.165, -34.522]}, "properties": {"timestamp": "1996-01-20 06:18:00", "individual": "SW48"}}, {"type": "Feature", "geometry": {"type": "Point", "coordinates": [-64.286, -34.698]}, "properties": {"timestamp": "1996-01-23 18:10:00", "individual": "SW48"}}, {"type": "Feature", "geometry": {"type": "Point", "coordinates": [-63.578, -35.834]}, "properties": {"timestamp": "1996-01-26 23:42:00", "individual": "SW48"}}, {"type": "Feature", "geometry": {"type": "Point", "coordinates": [-63.54, -35.801]}, "properties": {"timestamp": "1996-01-27 04:58:00", "individual": "SW48"}}, {"type": "Feature", "geometry": {"type": "Point", "coordinates": [-64.195, -34.977]}, "properties": {"timestamp": "1996-01-30 06:08:00", "individual": "SW48"}}, {"type": "Feature", "geometry": {"type": "Point", "coordinates": [-64.692, -35.168]}, "properties": {"timestamp": "1996-02-05 17:32:00", "individual": "SW48"}}, {"type": "Feature", "geometry": {"type": "Point", "coordinates": [-64.262, -34.609]}, "properties": {"timestamp": "1996-02-12 05:26:00", "individual": "SW48"}}, {"type": "Feature", "geometry": {"type": "Point", "coordinates": [-63.365, -35.49]}, "properties": {"timestamp": "1996-02-18 11:21:00", "individual": "SW48"}}, {"type": "Feature", "geometry": {"type": "Point", "coordinates": [-63.265, -35.451]}, "properties": {"timestamp": "1996-02-24 03:09:00", "individual": "SW48"}}, {"type": "Feature", "geometry": {"type": "Point", "coordinates": [-63.096, -35.249]}, "properties": {"timestamp": "1996-03-02 05:22:00", "individual": "SW48"}}, {"type": "Feature", "geometry": {"type": "Point", "coordinates": [-116.36, 43.46]}, "properties": {"timestamp": "1995-08-25 00:00:00", "individual": "SW5"}}, {"type": "Feature", "geometry": {"type": "Point", "coordinates": [-116.362, 43.444]}, "properties": {"timestamp": "1995-08-26 00:58:00", "individual": "SW5"}}, {"type": "Feature", "geometry": {"type": "Point", "coordinates": [-116.273, 43.385]}, "properties": {"timestamp": "1995-08-27 08:47:00", "individual": "SW5"}}, {"type": "Feature", "geometry": {"type": "Point", "coordinates": [-116.374, 43.472]}, "properties": {"timestamp": "1995-08-28 14:10:00", "individual": "SW5"}}, {"type": "Feature", "geometry": {"type": "Point", "coordinates": [-116.373, 43.437]}, "properties": {"timestamp": "1995-09-12 01:30:00", "individual": "SW5"}}, {"type": "Feature", "geometry": {"type": "Point", "coordinates": [-114.219, 40.373]}, "properties": {"timestamp": "1995-09-19 00:37:00", "individual": "SW5"}}, {"type": "Feature", "geometry": {"type": "Point", "coordinates": [-102.151, 35.028]}, "properties": {"timestamp": "1995-09-26 08:27:00", "individual": "SW5"}}, {"type": "Feature", "geometry": {"type": "Point", "coordinates": [-102.142, 36.248]}, "properties": {"timestamp": "1995-10-03 08:51:00", "individual": "SW5"}}, {"type": "Feature", "geometry": {"type": "Point", "coordinates": [-102.04, 35.962]}, "properties": {"timestamp": "1995-10-06 21:28:00", "individual": "SW5"}}, {"type": "Feature", "geometry": {"type": "Point", "coordinates": [-102.02, 36.07]}, "properties": {"timestamp": "1995-10-07 00:41:00", "individual": "SW5"}}, {"type": "Feature", "geometry": {"type": "Point", "coordinates": [-102.234, 35.175]}, "properties": {"timestamp": "1995-10-10 13:36:00", "individual": "SW5"}}, {"type": "Feature", "geometry": {"type": "Point", "coordinates": [-100.307, 30.661]}, "properties": {"timestamp": "1995-10-14 01:28:00", "individual": "SW5"}}, {"type": "Feature", "geometry": {"type": "Point", "coordinates": [-96.533, 19.425]}, "properties": {"timestamp": "1995-10-17 14:29:00", "individual": "SW5"}}, {"type": "Feature", "geometry": {"type": "Point", "coordinates": [-91.094, 14.23]}, "properties": {"timestamp": "1995-10-21 09:03:00", "individual": "SW5"}}, {"type": "Feature", "geometry": {"type": "Point", "coordinates": [-84.799, 11.498]}, "properties": {"timestamp": "1995-10-24 19:41:00", "individual": "SW5"}}, {"type": "Feature", "geometry": {"type": "Point", "coordinates": [-81.087, 8.837]}, "properties": {"timestamp": "1995-10-28 07:54:00", "individual": "SW5"}}, {"type": "Feature", "geometry": {"type": "Point", "coordinates": [-74.321, 1.979]}, "properties": {"timestamp": "1995-11-04 17:39:00", "individual": "SW5"}}, {"type": "Feature", "geometry": {"type": "Point", "coordinates": [-72.048, -2.115]}, "properties": {"timestamp": "1995-11-08 05:50:00", "individual": "SW5"}}, {"type": "Feature", "geometry": {"type": "Point", "coordinates": [-68.281, -8.41]}, "properties": {"timestamp": "1995-11-11 18:03:00", "individual": "SW5"}}, {"type": "Feature", "geometry": {"type": "Point", "coordinates": [-63.376, -17.825]}, "properties": {"timestamp": "1995-11-18 22:10:00", "individual": "SW5"}}, {"type": "Feature", "geometry": {"type": "Point", "coordinates": [-63.048, -26.342]}, "properties": {"timestamp": "1995-11-22 09:55:00", "individual": "SW5"}}, {"type": "Feature", "geometry": {"type": "Point", "coordinates": [-62.8, -31.696]}, "properties": {"timestamp": "1995-11-25 22:54:00", "individual": "SW5"}}, {"type": "Feature", "geometry": {"type": "Point", "coordinates": [-62.827, -31.687]}, "properties": {"timestamp": "1995-11-26 06:08:00", "individual": "SW5"}}, {"type": "Feature", "geometry": {"type": "Point", "coordinates": [-62.671, -36.482]}, "properties": {"timestamp": "1995-11-29 17:59:00", "individual": "SW5"}}, {"type": "Feature", "geometry": {"type": "Point", "coordinates": [-62.519, -38.426]}, "properties": {"timestamp": "1995-12-03 03:17:00", "individual": "SW5"}}, {"type": "Feature", "geometry": {"type": "Point", "coordinates": [-62.012, -38.34]}, "properties": {"timestamp": "1995-12-10 10:06:00", "individual": "SW5"}}, {"type": "Feature", "geometry": {"type": "Point", "coordinates": [-62.051, -38.353]}, "properties": {"timestamp": "1995-12-13 22:58:00", "individual": "SW5"}}, {"type": "Feature", "geometry": {"type": "Point", "coordinates": [-62.036, -38.373]}, "properties": {"timestamp": "1995-12-14 00:37:00", "individual": "SW5"}}, {"type": "Feature", "geometry": {"type": "Point", "coordinates": [-62.048, -38.366]}, "properties": {"timestamp": "1995-12-20 23:46:00", "individual": "SW5"}}, {"type": "Feature", "geometry": {"type": "Point", "coordinates": [-62.017, -38.371]}, "properties": {"timestamp": "1995-12-21 04:57:00", "individual": "SW5"}}, {"type": "Feature", "geometry": {"type": "Point", "coordinates": [-62.219, -38.298]}, "properties": {"timestamp": "1995-12-28 05:25:00", "individual": "SW5"}}, {"type": "Feature", "geometry": {"type": "Point", "coordinates": [-61.31, -38.19]}, "properties": {"timestamp": "1996-01-04 05:52:00", "individual": "SW5"}}, {"type": "Feature", "geometry": {"type": "Point", "coordinates": [-61.917, -37.384]}, "properties": {"timestamp": "1996-01-11 10:07:00", "individual": "SW5"}}, {"type": "Feature", "geometry": {"type": "Point", "coordinates": [-61.918, -38.414]}, "properties": {"timestamp": "1996-01-18 17:25:00", "individual": "SW5"}}, {"type": "Feature", "geometry": {"type": "Point", "coordinates": [-60.436, -38.345]}, "properties": {"timestamp": "1996-01-25 17:44:00", "individual": "SW5"}}, {"type": "Feature", "geometry": {"type": "Point", "coordinates": [-62.752, -37.311]}, "properties": {"timestamp": "1996-02-08 23:58:00", "individual": "SW5"}}, {"type": "Feature", "geometry": {"type": "Point", "coordinates": [-62.724, -37.308]}, "properties": {"timestamp": "1996-02-09 06:02:00", "individual": "SW5"}}, {"type": "Feature", "geometry": {"type": "Point", "coordinates": [-116.357, 43.419]}, "properties": {"timestamp": "1996-05-04 20:14:00", "individual": "SW5"}}, {"type": "Feature", "geometry": {"type": "Point", "coordinates": [-112.3, 40.62]}, "properties": {"timestamp": "1996-09-07 00:00:00", "individual": "SW6"}}, {"type": "Feature", "geometry": {"type": "Point", "coordinates": [-112.26, 40.608]}, "properties": {"timestamp": "1996-09-08 03:18:00", "individual": "SW6"}}, {"type": "Feature", "geometry": {"type": "Point", "coordinates": [-112.239, 40.638]}, "properties": {"timestamp": "1996-09-09 10:42:00", "individual": "SW6"}}, {"type": "Feature", "geometry": {"type": "Point", "coordinates": [-112.357, 40.556]}, "properties": {"timestamp": "1996-09-10 20:18:00", "individual": "SW6"}}, {"type": "Feature", "geometry": {"type": "Point", "coordinates": [-112.283, 40.627]}, "properties": {"timestamp": "1996-09-11 00:35:00", "individual": "SW6"}}, {"type": "Feature", "geometry": {"type": "Point", "coordinates": [-112.259, 40.633]}, "properties": {"timestamp": "1996-09-17 20:43:00", "individual": "SW6"}}, {"type": "Feature", "geometry": {"type": "Point", "coordinates": [-112.245, 40.636]}, "properties": {"timestamp": "1996-09-18 01:19:00", "individual": "SW6"}}, {"type": "Feature", "geometry": {"type": "Point", "coordinates": [-103.11, 35.223]}, "properties": {"timestamp": "1996-09-25 00:24:00", "individual": "SW6"}}, {"type": "Feature", "geometry": {"type": "Point", "coordinates": [-97.218, 20.179]}, "properties": {"timestamp": "1996-10-09 08:40:00", "individual": "SW6"}}, {"type": "Feature", "geometry": {"type": "Point", "coordinates": [-85.056, 12.654]}, "properties": {"timestamp": "1996-10-16 13:30:00", "individual": "SW6"}}, {"type": "Feature", "geometry": {"type": "Point", "coordinates": [-80.919, 8.767]}, "properties": {"timestamp": "1996-10-20 01:07:00", "individual": "SW6"}}, {"type": "Feature", "geometry": {"type": "Point", "coordinates": [-76.688, 6.278]}, "properties": {"timestamp": "1996-10-23 20:42:00", "individual": "SW6"}}, {"type": "Feature", "geometry": {"type": "Point", "coordinates": [-74.434, 0.624]}, "properties": {"timestamp": "1996-10-27 05:34:00", "individual": "SW6"}}, {"type": "Feature", "geometry": {"type": "Point", "coordinates": [-71.151, -3.815]}, "properties": {"timestamp": "1996-10-30 17:39:00", "individual": "SW6"}}, {"type": "Feature", "geometry": {"type": "Point", "coordinates": [-65.681, -13.857]}, "properties": {"timestamp": "1996-11-03 07:37:00", "individual": "SW6"}}, {"type": "Feature", "geometry": {"type": "Point", "coordinates": [-62.958, -25.086]}, "properties": {"timestamp": "1996-11-06 21:45:00", "individual": "SW6"}}, {"type": "Feature", "geometry": {"type": "Point", "coordinates": [-63.146, -25.031]}, "properties": {"timestamp": "1996-11-07 01:03:00", "individual": "SW6"}}, {"type": "Feature", "geometry": {"type": "Point", "coordinates": [-63.682, -25.862]}, "properties": {"timestamp": "1996-11-10 11:11:00", "individual": "SW6"}}, {"type": "Feature", "geometry": {"type": "Point", "coordinates": [-61.509, -32.368]}, "properties": {"timestamp": "1996-11-14 04:04:00", "individual": "SW6"}}, {"type": "Feature", "geometry": {"type": "Point", "coordinates": [-61.944, -32.429]}, "properties": {"timestamp": "1996-11-17 17:35:00", "individual": "SW6"}}, {"type": "Feature", "geometry": {"type": "Point", "coordinates": [-63.08, -33.746]}, "properties": {"timestamp": "1996-11-21 04:27:00", "individual": "SW6"}}, {"type": "Feature", "geometry": {"type": "Point", "coordinates": [-62.805, -33.502]}, "properties": {"timestamp": "1996-11-24 21:49:00", "individual": "SW6"}}, {"type": "Feature", "geometry": {"type": "Point", "coordinates": [-63.448, -34.634]}, "properties": {"timestamp": "1996-11-28 09:42:00", "individual": "SW6"}}, {"type": "Feature", "geometry": {"type": "Point", "coordinates": [-63.716, -35.446]}, "properties": {"timestamp": "1996-12-01 22:35:00", "individual": "SW6"}}, {"type": "Feature", "geometry": {"type": "Point", "coordinates": [-63.667, -35.473]}, "properties": {"timestamp": "1996-12-02 00:16:00", "individual": "SW6"}}, {"type": "Feature", "geometry": {"type": "Point", "coordinates": [-63.727, -35.451]}, "properties": {"timestamp": "1996-12-09 04:32:00", "individual": "SW6"}}, {"type": "Feature", "geometry": {"type": "Point", "coordinates": [-63.533, -35.404]}, "properties": {"timestamp": "1996-12-12 18:05:00", "individual": "SW6"}}, {"type": "Feature", "geometry": {"type": "Point", "coordinates": [-63.538, -35.815]}, "properties": {"timestamp": "1996-12-16 05:00:00", "individual": "SW6"}}, {"type": "Feature", "geometry": {"type": "Point", "coordinates": [-63.398, -35.61]}, "properties": {"timestamp": "1996-12-19 22:42:00", "individual": "SW6"}}, {"type": "Feature", "geometry": {"type": "Point", "coordinates": [-63.389, -35.621]}, "properties": {"timestamp": "1996-12-20 00:21:00", "individual": "SW6"}}, {"type": "Feature", "geometry": {"type": "Point", "coordinates": [-63.365, -36.187]}, "properties": {"timestamp": "1996-12-23 08:57:00", "individual": "SW6"}}, {"type": "Feature", "geometry": {"type": "Point", "coordinates": [-62.04, -36.975]}, "properties": {"timestamp": "1996-12-26 23:29:00", "individual": "SW6"}}, {"type": "Feature", "geometry": {"type": "Point", "coordinates": [-62.033, -36.92]}, "properties": {"timestamp": "1996-12-27 04:38:00", "individual": "SW6"}}, {"type": "Feature", "geometry": {"type": "Point", "coordinates": [-63.109, -37.109]}, "properties": {"timestamp": "1997-01-03 03:24:00", "individual": "SW6"}}, {"type": "Feature", "geometry": {"type": "Point", "coordinates": [-60.116, -35.903]}, "properties": {"timestamp": "1997-01-10 05:24:00", "individual": "SW6"}}, {"type": "Feature", "geometry": {"type": "Point", "coordinates": [-63.44, -35.519]}, "properties": {"timestamp": "1997-01-17 09:48:00", "individual": "SW6"}}, {"type": "Feature", "geometry": {"type": "Point", "coordinates": [-61.578, -31.54]}, "properties": {"timestamp": "1997-01-24 12:13:00", "individual": "SW6"}}, {"type": "Feature", "geometry": {"type": "Point", "coordinates": [-61.298, -31.102]}, "properties": {"timestamp": "1997-01-31 19:03:00", "individual": "SW6"}}, {"type": "Feature", "geometry": {"type": "Point", "coordinates": [-62.411, -31.469]}, "properties": {"timestamp": "1997-02-07 19:30:00", "individual": "SW6"}}, {"type": "Feature", "geometry": {"type": "Point", "coordinates": [-62.334, -31.529]}, "properties": {"timestamp": "1997-02-08 00:27:00", "individual": "SW6"}}, {"type": "Feature", "geometry": {"type": "Point", "coordinates": [-62.28, -31.553]}, "properties": {"timestamp": "1997-02-14 23:36:00", "individual": "SW6"}}, {"type": "Feature", "geometry": {"type": "Point", "coordinates": [-62.279, -31.566]}, "properties": {"timestamp": "1997-02-15 05:36:00", "individual": "SW6"}}, {"type": "Feature", "geometry": {"type": "Point", "coordinates": [-58.483, -22.465]}, "properties": {"timestamp": "1997-02-22 05:54:00", "individual": "SW6"}}, {"type": "Feature", "geometry": {"type": "Point", "coordinates": [-66.418, -12.365]}, "properties": {"timestamp": "1997-03-01 06:16:00", "individual": "SW6"}}, {"type": "Feature", "geometry": {"type": "Point", "coordinates": [-68.429, -4.71]}, "properties": {"timestamp": "1997-03-08 09:47:00", "individual": "SW6"}}, {"type": "Feature", "geometry": {"type": "Point", "coordinates": [-73.718, 1.227]}, "properties": {"timestamp": "1997-03-15 12:15:00", "individual": "SW6"}}, {"type": "Feature", "geometry": {"type": "Point", "coordinates": [-78.455, 8.165]}, "properties": {"timestamp": "1997-03-22 18:33:00", "individual": "SW6"}}, {"type": "Feature", "geometry": {"type": "Point", "coordinates": [-96.891, 19.897]}, "properties": {"timestamp": "1997-03-29 19:04:00", "individual": "SW6"}}, {"type": "Feature", "geometry": {"type": "Point", "coordinates": [-97.537, 20.973]}, "properties": {"timestamp": "1997-03-30 00:52:00", "individual": "SW6"}}, {"type": "Feature", "geometry": {"type": "Point", "coordinates": [-106.654, 28.803]}, "properties": {"timestamp": "1997-04-06 01:41:00", "individual": "SW6"}}, {"type": "Feature", "geometry": {"type": "Point", "coordinates": [-114.142, 36.778]}, "properties": {"timestamp": "1997-04-13 02:30:00", "individual": "SW6"}}, {"type": "Feature", "geometry": {"type": "Point", "coordinates": [-112.3, 40.632]}, "properties": {"timestamp": "1997-04-27 09:04:00", "individual": "SW6"}}, {"type": "Feature", "geometry": {"type": "Point", "coordinates": [-112.294, 40.659]}, "properties": {"timestamp": "1997-05-04 13:46:00", "individual": "SW6"}}, {"type": "Feature", "geometry": {"type": "Point", "coordinates": [-112.439, 40.574]}, "properties": {"timestamp": "1997-05-11 19:42:00", "individual": "SW6"}}, {"type": "Feature", "geometry": {"type": "Point", "coordinates": [-112.221, 40.672]}, "properties": {"timestamp": "1997-05-26 00:09:00", "individual": "SW6"}}, {"type": "Feature", "geometry": {"type": "Point", "coordinates": [-112.26, 40.67]}, "properties": {"timestamp": "1997-06-02 02:36:00", "individual": "SW6"}}, {"type": "Feature", "geometry": {"type": "Point", "coordinates": [-112.334, 40.664]}, "properties": {"timestamp": "1997-06-09 11:21:00", "individual": "SW6"}}, {"type": "Feature", "geometry": {"type": "Point", "coordinates": [-111.5, 51.75]}, "properties": {"timestamp": "1996-08-31 00:00:00", "individual": "SW7"}}, {"type": "Feature", "geometry": {"type": "Point", "coordinates": [-111.649, 51.503]}, "properties": {"timestamp": "1996-09-03 23:48:00", "individual": "SW7"}}, {"type": "Feature", "geometry": {"type": "Point", "coordinates": [-111.659, 51.524]}, "properties": {"timestamp": "1996-09-04 03:09:00", "individual": "SW7"}}, {"type": "Feature", "geometry": {"type": "Point", "coordinates": [-111.688, 51.432]}, "properties": {"timestamp": "1996-09-07 07:39:00", "individual": "SW7"}}, {"type": "Feature", "geometry": {"type": "Point", "coordinates": [-111.803, 51.549]}, "properties": {"timestamp": "1996-09-10 14:49:00", "individual": "SW7"}}, {"type": "Feature", "geometry": {"type": "Point", "coordinates": [-111.642, 51.519]}, "properties": {"timestamp": "1996-09-14 01:11:00", "individual": "SW7"}}, {"type": "Feature", "geometry": {"type": "Point", "coordinates": [-111.704, 51.489]}, "properties": {"timestamp": "1996-09-17 09:09:00", "individual": "SW7"}}, {"type": "Feature", "geometry": {"type": "Point", "coordinates": [-111.707, 51.468]}, "properties": {"timestamp": "1996-09-20 16:09:00", "individual": "SW7"}}, {"type": "Feature", "geometry": {"type": "Point", "coordinates": [-109.874, 50.95]}, "properties": {"timestamp": "1996-09-23 23:11:00", "individual": "SW7"}}, {"type": "Feature", "geometry": {"type": "Point", "coordinates": [-109.786, 50.726]}, "properties": {"timestamp": "1996-09-24 00:48:00", "individual": "SW7"}}, {"type": "Feature", "geometry": {"type": "Point", "coordinates": [-109.706, 50.712]}, "properties": {"timestamp": "1996-09-27 07:20:00", "individual": "SW7"}}, {"type": "Feature", "geometry": {"type": "Point", "coordinates": [-108.333, 49.632]}, "properties": {"timestamp": "1996-09-30 14:10:00", "individual": "SW7"}}, {"type": "Feature", "geometry": {"type": "Point", "coordinates": [-107.35, 49.236]}, "properties": {"timestamp": "1996-10-03 21:13:00", "individual": "SW7"}}, {"type": "Feature", "geometry": {"type": "Point", "coordinates": [-107.19, 49.276]}, "properties": {"timestamp": "1996-10-04 00:31:00", "individual": "SW7"}}, {"type": "Feature", "geometry": {"type": "Point", "coordinates": [-101.676, 43.626]}, "properties": {"timestamp": "1996-10-07 08:56:00", "individual": "SW7"}}, {"type": "Feature", "geometry": {"type": "Point", "coordinates": [-98.389, 34.987]}, "properties": {"timestamp": "1996-10-10 12:15:00", "individual": "SW7"}}, {"type": "Feature", "geometry": {"type": "Point", "coordinates": [-98.506, 30.986]}, "properties": {"timestamp": "1996-10-13 20:57:00", "individual": "SW7"}}, {"type": "Feature", "geometry": {"type": "Point", "coordinates": [-98.63, 30.587]}, "properties": {"timestamp": "1996-10-14 00:04:00", "individual": "SW7"}}, {"type": "Feature", "geometry": {"type": "Point", "coordinates": [-100.169, 24.928]}, "properties": {"timestamp": "1996-10-17 08:54:00", "individual": "SW7"}}, {"type": "Feature", "geometry": {"type": "Point", "coordinates": [-95.518, 18.014]}, "properties": {"timestamp": "1996-10-20 13:42:00", "individual": "SW7"}}, {"type": "Feature", "geometry": {"type": "Point", "coordinates": [-89.484, 14.008]}, "properties": {"timestamp": "1996-10-23 19:00:00", "individual": "SW7"}}, {"type": "Feature", "geometry": {"type": "Point", "coordinates": [-85.066, 11.64]}, "properties": {"timestamp": "1996-10-27 08:45:00", "individual": "SW7"}}, {"type": "Feature", "geometry": {"type": "Point", "coordinates": [-83.032, 9.877]}, "properties": {"timestamp": "1996-10-30 13:23:00", "individual": "SW7"}}, {"type": "Feature", "geometry": {"type": "Point", "coordinates": [-77.517, 8.532]}, "properties": {"timestamp": "1996-11-02 17:13:00", "individual": "SW7"}}, {"type": "Feature", "geometry": {"type": "Point", "coordinates": [-72.729, -0.891]}, "properties": {"timestamp": "1996-11-09 06:32:00", "individual": "SW7"}}, {"type": "Feature", "geometry": {"type": "Point", "coordinates": [-70.743, -5.482]}, "properties": {"timestamp": "1996-11-12 20:22:00", "individual": "SW7"}}, {"type": "Feature", "geometry": {"type": "Point", "coordinates": [-66.444, -9.863]}, "properties": {"timestamp": "1996-11-15 21:52:00", "individual": "SW7"}}, {"type": "Feature", "geometry": {"type": "Point", "coordinates": [-64.51, -11.806]}, "properties": {"timestamp": "1996-11-19 09:32:00", "individual": "SW7"}}, {"type": "Feature", "geometry": {"type": "Point", "coordinates": [-63.708, -14.534]}, "properties": {"timestamp": "1996-11-22 16:46:00", "individual": "SW7"}}, {"type": "Feature", "geometry": {"type": "Point", "coordinates": [-63.137, -15.678]}, "properties": {"timestamp": "1996-11-25 21:31:00", "individual": "SW7"}}, {"type": "Feature", "geometry": {"type": "Point", "coordinates": [-62.862, -15.685]}, "properties": {"timestamp": "1996-11-26 00:50:00", "individual": "SW7"}}, {"type": "Feature", "geometry": {"type": "Point", "coordinates": [-113.0, 53.72]}, "properties": {"timestamp": "1996-08-24 00:00:00", "individual": "SW8"}}, {"type": "Feature", "geometry": {"type": "Point", "coordinates": [-112.988, 53.659]}, "properties": {"timestamp": "1996-08-27 21:13:00", "individual": "SW8"}}, {"type": "Feature", "geometry": {"type": "Point", "coordinates": [-113.068, 53.722]}, "properties": {"timestamp": "1996-08-28 00:40:00", "individual": "SW8"}}, {"type": "Feature", "geometry": {"type": "Point", "coordinates": [-113.018, 53.701]}, "properties": {"timestamp": "1996-08-31 02:54:00", "individual": "SW8"}}, {"type": "Feature", "geometry": {"type": "Point", "coordinates": [-113.089, 53.698]}, "properties": {"timestamp": "1996-09-03 10:05:00", "individual": "SW8"}}, {"type": "Feature", "geometry": {"type": "Point", "coordinates": [-112.907, 53.663]}, "properties": {"timestamp": "1996-09-06 12:50:00", "individual": "SW8"}}, {"type": "Feature", "geometry": {"type": "Point", "coordinates": [-112.987, 53.731]}, "properties": {"timestamp": "1996-09-09 16:47:00", "individual": "SW8"}}, {"type": "Feature", "geometry": {"type": "Point", "coordinates": [-113.043, 53.74]}, "properties": {"timestamp": "1996-09-13 03:13:00", "individual": "SW8"}}, {"type": "Feature", "geometry": {"type": "Point", "coordinates": [-113.048, 53.686]}, "properties": {"timestamp": "1996-09-16 09:24:00", "individual": "SW8"}}, {"type": "Feature", "geometry": {"type": "Point", "coordinates": [-113.088, 53.647]}, "properties": {"timestamp": "1996-09-19 08:51:00", "individual": "SW8"}}, {"type": "Feature", "geometry": {"type": "Point", "coordinates": [-113.155, 53.62]}, "properties": {"timestamp": "1996-09-22 13:42:00", "individual": "SW8"}}, {"type": "Feature", "geometry": {"type": "Point", "coordinates": [-113.044, 53.736]}, "properties": {"timestamp": "1996-09-28 23:02:00", "individual": "SW8"}}, {"type": "Feature", "geometry": {"type": "Point", "coordinates": [-113.099, 53.696]}, "properties": {"timestamp": "1996-09-29 00:42:00", "individual": "SW8"}}, {"type": "Feature", "geometry": {"type": "Point", "coordinates": [-107.526, 50.38]}, "properties": {"timestamp": "1996-10-05 09:18:00", "individual": "SW8"}}, {"type": "Feature", "geometry": {"type": "Point", "coordinates": [-103.879, 48.511]}, "properties": {"timestamp": "1996-10-08 14:36:00", "individual": "SW8"}}, {"type": "Feature", "geometry": {"type": "Point", "coordinates": [-101.307, 45.633]}, "properties": {"timestamp": "1996-10-11 19:42:00", "individual": "SW8"}}, {"type": "Feature", "geometry": {"type": "Point", "coordinates": [-101.185, 45.375]}, "properties": {"timestamp": "1996-10-12 00:54:00", "individual": "SW8"}}, {"type": "Feature", "geometry": {"type": "Point", "coordinates": [-100.672, 41.28]}, "properties": {"timestamp": "1996-10-14 23:49:00", "individual": "SW8"}}, {"type": "Feature", "geometry": {"type": "Point", "coordinates": [-100.719, 41.246]}, "properties": {"timestamp": "1996-10-15 01:28:00", "individual": "SW8"}}, {"type": "Feature", "geometry": {"type": "Point", "coordinates": [-100.659, 36.118]}, "properties": {"timestamp": "1996-10-18 08:39:00", "individual": "SW8"}}, {"type": "Feature", "geometry": {"type": "Point", "coordinates": [-99.274, 34.375]}, "properties": {"timestamp": "1996-10-21 09:51:00", "individual": "SW8"}}, {"type": "Feature", "geometry": {"type": "Point", "coordinates": [-98.447, 26.162]}, "properties": {"timestamp": "1996-10-24 13:52:00", "individual": "SW8"}}, {"type": "Feature", "geometry": {"type": "Point", "coordinates": [-98.212, 22.819]}, "properties": {"timestamp": "1996-10-27 18:22:00", "individual": "SW8"}}, {"type": "Feature", "geometry": {"type": "Point", "coordinates": [-95.203, 17.61]}, "properties": {"timestamp": "1996-10-30 21:10:00", "individual": "SW8"}}, {"type": "Feature", "geometry": {"type": "Point", "coordinates": [-95.374, 17.543]}, "properties": {"timestamp": "1996-10-31 00:32:00", "individual": "SW8"}}, {"type": "Feature", "geometry": {"type": "Point", "coordinates": [-86.542, 12.462]}, "properties": {"timestamp": "1996-11-06 08:38:00", "individual": "SW8"}}, {"type": "Feature", "geometry": {"type": "Point", "coordinates": [-84.965, 10.708]}, "properties": {"timestamp": "1996-11-09 13:01:00", "individual": "SW8"}}, {"type": "Feature", "geometry": {"type": "Point", "coordinates": [-80.251, 8.79]}, "properties": {"timestamp": "1996-11-12 18:42:00", "individual": "SW8"}}, {"type": "Feature", "geometry": {"type": "Point", "coordinates": [-76.898, 8.06]}, "properties": {"timestamp": "1996-11-15 18:12:00", "individual": "SW8"}}, {"type": "Feature", "geometry": {"type": "Point", "coordinates": [-74.293, 2.475]}, "properties": {"timestamp": "1996-11-22 05:44:00", "individual": "SW8"}}, {"type": "Feature", "geometry": {"type": "Point", "coordinates": [-74.199, 1.406]}, "properties": {"timestamp": "1996-11-25 10:39:00", "individual": "SW8"}}, {"type": "Feature", "geometry": {"type": "Point", "coordinates": [-74.206, 1.372]}, "properties": {"timestamp": "1996-11-28 11:10:00", "individual": "SW8"}}, {"type": "Feature", "geometry": {"type": "Point", "coordinates": [-72.439, 0.088]}, "properties": {"timestamp": "1996-12-01 18:33:00", "individual": "SW8"}}, {"type": "Feature", "geometry": {"type": "Point", "coordinates": [-71.193, -3.84]}, "properties": {"timestamp": "1996-12-04 21:42:00", "individual": "SW8"}}, {"type": "Feature", "geometry": {"type": "Point", "coordinates": [-70.533, -5.6]}, "properties": {"timestamp": "1996-12-08 06:15:00", "individual": "SW8"}}, {"type": "Feature", "geometry": {"type": "Point", "coordinates": [-69.133, -9.228]}, "properties": {"timestamp": "1996-12-11 05:44:00", "individual": "SW8"}}, {"type": "Feature", "geometry": {"type": "Point", "coordinates": [-66.265, -12.384]}, "properties": {"timestamp": "1996-12-14 10:26:00", "individual": "SW8"}}, {"type": "Feature", "geometry": {"type": "Point", "coordinates": [-61.596, -23.485]}, "properties": {"timestamp": "1996-12-17 17:18:00", "individual": "SW8"}}, {"type": "Feature", "geometry": {"type": "Point", "coordinates": [-61.813, -27.411]}, "properties": {"timestamp": "1996-12-20 18:22:00", "individual": "SW8"}}, {"type": "Feature", "geometry": {"type": "Point", "coordinates": [-61.479, -27.566]}, "properties": {"timestamp": "1996-12-21 00:03:00", "individual": "SW8"}}, {"type": "Feature", "geometry": {"type": "Point", "coordinates": [-62.135, -31.567]}, "properties": {"timestamp": "1996-12-23 22:57:00", "individual": "SW8"}}, {"type": "Feature", "geometry": {"type": "Point", "coordinates": [-62.174, -31.629]}, "properties": {"timestamp": "1996-12-24 00:32:00", "individual": "SW8"}}, {"type": "Feature", "geometry": {"type": "Point", "coordinates": [-61.833, -31.974]}, "properties": {"timestamp": "1996-12-27 04:37:00", "individual": "SW8"}}, {"type": "Feature", "geometry": {"type": "Point", "coordinates": [-62.057, -31.611]}, "properties": {"timestamp": "1996-12-30 07:25:00", "individual": "SW8"}}, {"type": "Feature", "geometry": {"type": "Point", "coordinates": [-61.956, -31.683]}, "properties": {"timestamp": "1997-01-02 19:20:00", "individual": "SW8"}}, {"type": "Feature", "geometry": {"type": "Point", "coordinates": [-61.926, -31.718]}, "properties": {"timestamp": "1997-01-05 21:31:00", "individual": "SW8"}}, {"type": "Feature", "geometry": {"type": "Point", "coordinates": [-62.031, -31.674]}, "properties": {"timestamp": "1997-01-08 22:05:00", "individual": "SW8"}}, {"type": "Feature", "geometry": {"type": "Point", "coordinates": [-61.97, -31.729]}, "properties": {"timestamp": "1997-01-09 03:56:00", "individual": "SW8"}}, {"type": "Feature", "geometry": {"type": "Point", "coordinates": [-61.916, -31.717]}, "properties": {"timestamp": "1997-01-12 05:05:00", "individual": "SW8"}}, {"type": "Feature", "geometry": {"type": "Point", "coordinates": [-62.071, -31.695]}, "properties": {"timestamp": "1997-01-15 06:16:00", "individual": "SW8"}}, {"type": "Feature", "geometry": {"type": "Point", "coordinates": [-62.013, -31.533]}, "properties": {"timestamp": "1997-01-21 17:32:00", "individual": "SW8"}}, {"type": "Feature", "geometry": {"type": "Point", "coordinates": [-62.11, -31.492]}, "properties": {"timestamp": "1997-01-24 22:57:00", "individual": "SW8"}}, {"type": "Feature", "geometry": {"type": "Point", "coordinates": [-62.132, -31.49]}, "properties": {"timestamp": "1997-01-25 04:24:00", "individual": "SW8"}}, {"type": "Feature", "geometry": {"type": "Point", "coordinates": [-62.351, -31.452]}, "properties": {"timestamp": "1997-01-28 03:48:00", "individual": "SW8"}}, {"type": "Feature", "geometry": {"type": "Point", "coordinates": [-62.378, -31.424]}, "properties": {"timestamp": "1997-01-31 06:35:00", "individual": "SW8"}}, {"type": "Feature", "geometry": {"type": "Point", "coordinates": [-62.322, -31.428]}, "properties": {"timestamp": "1997-02-03 18:33:00", "individual": "SW8"}}, {"type": "Feature", "geometry": {"type": "Point", "coordinates": [-62.34, -31.542]}, "properties": {"timestamp": "1997-02-06 23:12:00", "individual": "SW8"}}, {"type": "Feature", "geometry": {"type": "Point", "coordinates": [-62.468, -31.47]}, "properties": {"timestamp": "1997-02-09 22:06:00", "individual": "SW8"}}, {"type": "Feature", "geometry": {"type": "Point", "coordinates": [-62.241, -31.355]}, "properties": {"timestamp": "1997-02-13 05:55:00", "individual": "SW8"}}, {"type": "Feature", "geometry": {"type": "Point", "coordinates": [-62.493, -31.715]}, "properties": {"timestamp": "1997-02-19 11:06:00", "individual": "SW8"}}, {"type": "Feature", "geometry": {"type": "Point", "coordinates": [-61.44, -31.752]}, "properties": {"timestamp": "1997-02-22 22:20:00", "individual": "SW8"}}, {"type": "Feature", "geometry": {"type": "Point", "coordinates": [-61.404, -31.673]}, "properties": {"timestamp": "1997-02-25 19:30:00", "individual": "SW8"}}, {"type": "Feature", "geometry": {"type": "Point", "coordinates": [-61.359, -31.677]}, "properties": {"timestamp": "1997-02-26 00:32:00", "individual": "SW8"}}, {"type": "Feature", "geometry": {"type": "Point", "coordinates": [-61.352, -31.664]}, "properties": {"timestamp": "1997-03-01 04:44:00", "individual": "SW8"}}, {"type": "Feature", "geometry": {"type": "Point", "coordinates": [-61.714, -31.812]}, "properties": {"timestamp": "1997-03-04 05:51:00", "individual": "SW8"}}, {"type": "Feature", "geometry": {"type": "Point", "coordinates": [-62.766, -31.096]}, "properties": {"timestamp": "1997-03-10 17:12:00", "individual": "SW8"}}, {"type": "Feature", "geometry": {"type": "Point", "coordinates": [-62.03, -29.968]}, "properties": {"timestamp": "1997-03-13 18:18:00", "individual": "SW8"}}, {"type": "Feature", "geometry": {"type": "Point", "coordinates": [-62.128, -31.959]}, "properties": {"timestamp": "1997-03-16 22:40:00", "individual": "SW8"}}, {"type": "Feature", "geometry": {"type": "Point", "coordinates": [-62.19, -31.928]}, "properties": {"timestamp": "1997-03-17 00:19:00", "individual": "SW8"}}, {"type": "Feature", "geometry": {"type": "Point", "coordinates": [-62.127, -31.748]}, "properties": {"timestamp": "1997-03-20 04:33:00", "individual": "SW8"}}, {"type": "Feature", "geometry": {"type": "Point", "coordinates": [-62.168, -31.706]}, "properties": {"timestamp": "1997-03-23 07:26:00", "individual": "SW8"}}, {"type": "Feature", "geometry": {"type": "Point", "coordinates": [-62.065, -25.841]}, "properties": {"timestamp": "1997-03-26 11:39:00", "individual": "SW8"}}, {"type": "Feature", "geometry": {"type": "Point", "coordinates": [-66.721, -12.654]}, "properties": {"timestamp": "1997-03-29 17:11:00", "individual": "SW8"}}, {"type": "Feature", "geometry": {"type": "Point", "coordinates": [-70.226, -3.911]}, "properties": {"timestamp": "1997-04-01 19:59:00", "individual": "SW8"}}, {"type": "Feature", "geometry": {"type": "Point", "coordinates": [-72.151, 1.8]}, "properties": {"timestamp": "1997-04-05 06:34:00", "individual": "SW8"}}, {"type": "Feature", "geometry": {"type": "Point", "coordinates": [-73.06, 2.877]}, "properties": {"timestamp": "1997-04-08 07:43:00", "individual": "SW8"}}, {"type": "Feature", "geometry": {"type": "Point", "coordinates": [-77.814, 8.431]}, "properties": {"timestamp": "1997-04-14 17:40:00", "individual": "SW8"}}, {"type": "Feature", "geometry": {"type": "Point", "coordinates": [-82.538, 9.459]}, "properties": {"timestamp": "1997-04-17 18:51:00", "individual": "SW8"}}, {"type": "Feature", "geometry": {"type": "Point", "coordinates": [-89.062, 15.173]}, "properties": {"timestamp": "1997-04-20 21:43:00", "individual": "SW8"}}, {"type": "Feature", "geometry": {"type": "Point", "coordinates": [-89.228, 15.137]}, "properties": {"timestamp": "1997-04-21 01:04:00", "individual": "SW8"}}, {"type": "Feature", "geometry": {"type": "Point", "coordinates": [-98.565, 22.871]}, "properties": {"timestamp": "1997-04-27 09:11:00", "individual": "SW8"}}, {"type": "Feature", "geometry": {"type": "Point", "coordinates": [-99.322, 31.001]}, "properties": {"timestamp": "1997-04-30 10:17:00", "individual": "SW8"}}, {"type": "Feature", "geometry": {"type": "Point", "coordinates": [-101.443, 37.136]}, "properties": {"timestamp": "1997-05-03 14:10:00", "individual": "SW8"}}, {"type": "Feature", "geometry": {"type": "Point", "coordinates": [-105.466, 44.431]}, "properties": {"timestamp": "1997-05-06 22:19:00", "individual": "SW8"}}, {"type": "Feature", "geometry": {"type": "Point", "coordinates": [-105.06, 46.061]}, "properties": {"timestamp": "1997-05-07 00:25:00", "individual": "SW8"}}, {"type": "Feature", "geometry": {"type": "Point", "coordinates": [-103.781, 48.316]}, "properties": {"timestamp": "1997-05-09 23:23:00", "individual": "SW8"}}, {"type": "Feature", "geometry": {"type": "Point", "coordinates": [-107.669, 51.248]}, "properties": {"timestamp": "1997-05-13 09:27:00", "individual": "SW8"}}, {"type": "Feature", "geometry": {"type": "Point", "coordinates": [-111.894, 53.518]}, "properties": {"timestamp": "1997-05-16 10:37:00", "individual": "SW8"}}, {"type": "Feature", "geometry": {"type": "Point", "coordinates": [-112.783, 53.641]}, "properties": {"timestamp": "1997-05-19 14:56:00", "individual": "SW8"}}, {"type": "Feature", "geometry": {"type": "Point", "coordinates": [-112.863, 53.568]}, "properties": {"timestamp": "1997-05-25 22:33:00", "individual": "SW8"}}, {"type": "Feature", "geometry": {"type": "Point", "coordinates": [-112.863, 53.639]}, "properties": {"timestamp": "1997-05-26 00:11:00", "individual": "SW8"}}, {"type": "Feature", "geometry": {"type": "Point", "coordinates": [-112.91, 53.846]}, "properties": {"timestamp": "1997-06-01 09:23:00", "individual": "SW8"}}, {"type": "Feature", "geometry": {"type": "Point", "coordinates": [-113.093, 53.71]}, "properties": {"timestamp": "1997-06-04 12:07:00", "individual": "SW8"}}, {"type": "Feature", "geometry": {"type": "Point", "coordinates": [-113.014, 53.681]}, "properties": {"timestamp": "1997-06-11 02:43:00", "individual": "SW8"}}, {"type": "Feature", "geometry": {"type": "Point", "coordinates": [-113.164, 53.64]}, "properties": {"timestamp": "1997-06-14 01:36:00", "individual": "SW8"}}, {"type": "Feature", "geometry": {"type": "Point", "coordinates": [-113.038, 53.687]}, "properties": {"timestamp": "1997-06-20 10:55:00", "individual": "SW8"}}, {"type": "Feature", "geometry": {"type": "Point", "coordinates": [-113.033, 53.641]}, "properties": {"timestamp": "1997-06-23 15:27:00", "individual": "SW8"}}, {"type": "Feature", "geometry": {"type": "Point", "coordinates": [-113.105, 53.48]}, "properties": {"timestamp": "1997-06-26 22:35:00", "individual": "SW8"}}, {"type": "Feature", "geometry": {"type": "Point", "coordinates": [-112.42, 40.6]}, "properties": {"timestamp": "1996-09-08 00:00:00", "individual": "SW9"}}, {"type": "Feature", "geometry": {"type": "Point", "coordinates": [-112.411, 40.603]}, "properties": {"timestamp": "1996-09-10 22:00:00", "individual": "SW9"}}, {"type": "Feature", "geometry": {"type": "Point", "coordinates": [-112.412, 40.613]}, "properties": {"timestamp": "1996-09-11 02:10:00", "individual": "SW9"}}, {"type": "Feature", "geometry": {"type": "Point", "coordinates": [-112.34, 40.495]}, "properties": {"timestamp": "1996-09-13 08:16:00", "individual": "SW9"}}, {"type": "Feature", "geometry": {"type": "Point", "coordinates": [-112.389, 40.601]}, "properties": {"timestamp": "1996-09-15 16:20:00", "individual": "SW9"}}, {"type": "Feature", "geometry": {"type": "Point", "coordinates": [-112.43, 40.524]}, "properties": {"timestamp": "1996-09-17 19:03:00", "individual": "SW9"}}, {"type": "Feature", "geometry": {"type": "Point", "coordinates": [-112.396, 40.58]}, "properties": {"timestamp": "1996-09-20 00:37:00", "individual": "SW9"}}, {"type": "Feature", "geometry": {"type": "Point", "coordinates": [-112.401, 40.57]}, "properties": {"timestamp": "1996-09-22 08:20:00", "individual": "SW9"}}, {"type": "Feature", "geometry": {"type": "Point", "coordinates": [-112.464, 40.617]}, "properties": {"timestamp": "1996-09-24 11:24:00", "individual": "SW9"}}, {"type": "Feature", "geometry": {"type": "Point", "coordinates": [-109.05, 37.669]}, "properties": {"timestamp": "1996-09-26 22:23:00", "individual": "SW9"}}, {"type": "Feature", "geometry": {"type": "Point", "coordinates": [-103.691, 34.219]}, "properties": {"timestamp": "1996-09-29 00:37:00", "individual": "SW9"}}, {"type": "Feature", "geometry": {"type": "Point", "coordinates": [-103.755, 33.775]}, "properties": {"timestamp": "1996-10-01 08:25:00", "individual": "SW9"}}, {"type": "Feature", "geometry": {"type": "Point", "coordinates": [-104.711, 32.995]}, "properties": {"timestamp": "1996-10-03 13:09:00", "individual": "SW9"}}, {"type": "Feature", "geometry": {"type": "Point", "coordinates": [-103.865, 33.57]}, "properties": {"timestamp": "1996-10-05 19:04:00", "individual": "SW9"}}, {"type": "Feature", "geometry": {"type": "Point", "coordinates": [-103.636, 33.578]}, "properties": {"timestamp": "1996-10-06 01:23:00", "individual": "SW9"}}, {"type": "Feature", "geometry": {"type": "Point", "coordinates": [-102.449, 31.88]}, "properties": {"timestamp": "1996-10-08 02:17:00", "individual": "SW9"}}, {"type": "Feature", "geometry": {"type": "Point", "coordinates": [-99.792, 28.686]}, "properties": {"timestamp": "1996-10-10 08:27:00", "individual": "SW9"}}, {"type": "Feature", "geometry": {"type": "Point", "coordinates": [-100.341, 26.58]}, "properties": {"timestamp": "1996-10-12 14:52:00", "individual": "SW9"}}, {"type": "Feature", "geometry": {"type": "Point", "coordinates": [-96.992, 19.728]}, "properties": {"timestamp": "1996-10-14 20:41:00", "individual": "SW9"}}, {"type": "Feature", "geometry": {"type": "Point", "coordinates": [-96.586, 19.255]}, "properties": {"timestamp": "1996-10-15 01:23:00", "individual": "SW9"}}, {"type": "Feature", "geometry": {"type": "Point", "coordinates": [-93.214, 15.609]}, "properties": {"timestamp": "1996-10-17 08:55:00", "individual": "SW9"}}, {"type": "Feature", "geometry": {"type": "Point", "coordinates": [-90.626, 14.173]}, "properties": {"timestamp": "1996-10-19 08:36:00", "individual": "SW9"}}, {"type": "Feature", "geometry": {"type": "Point", "coordinates": [-86.24, 12.563]}, "properties": {"timestamp": "1996-10-21 17:45:00", "individual": "SW9"}}, {"type": "Feature", "geometry": {"type": "Point", "coordinates": [-83.425, 10.166]}, "properties": {"timestamp": "1996-10-23 20:42:00", "individual": "SW9"}}, {"type": "Feature", "geometry": {"type": "Point", "coordinates": [-83.21, 9.932]}, "properties": {"timestamp": "1996-10-24 01:22:00", "individual": "SW9"}}, {"type": "Feature", "geometry": {"type": "Point", "coordinates": [-80.405, 8.839]}, "properties": {"timestamp": "1996-10-26 07:17:00", "individual": "SW9"}}, {"type": "Feature", "geometry": {"type": "Point", "coordinates": [-78.89, 8.955]}, "properties": {"timestamp": "1996-10-28 12:26:00", "individual": "SW9"}}, {"type": "Feature", "geometry": {"type": "Point", "coordinates": [-76.905, 6.971]}, "properties": {"timestamp": "1996-10-30 17:42:00", "individual": "SW9"}}, {"type": "Feature", "geometry": {"type": "Point", "coordinates": [-74.949, 4.423]}, "properties": {"timestamp": "1996-11-01 22:04:00", "individual": "SW9"}}, {"type": "Feature", "geometry": {"type": "Point", "coordinates": [-74.386, 1.429]}, "properties": {"timestamp": "1996-11-04 07:26:00", "individual": "SW9"}}, {"type": "Feature", "geometry": {"type": "Point", "coordinates": [-73.422, -1.734]}, "properties": {"timestamp": "1996-11-06 10:55:00", "individual": "SW9"}}, {"type": "Feature", "geometry": {"type": "Point", "coordinates": [-71.877, -3.952]}, "properties": {"timestamp": "1996-11-08 17:42:00", "individual": "SW9"}}, {"type": "Feature", "geometry": {"type": "Point", "coordinates": [-71.022, -7.264]}, "properties": {"timestamp": "1996-11-10 23:42:00", "individual": "SW9"}}, {"type": "Feature", "geometry": {"type": "Point", "coordinates": [-66.949, -6.918]}, "properties": {"timestamp": "1996-11-11 06:05:00", "individual": "SW9"}}, {"type": "Feature", "geometry": {"type": "Point", "coordinates": [-69.212, -8.631]}, "properties": {"timestamp": "1996-11-13 05:49:00", "individual": "SW9"}}, {"type": "Feature", "geometry": {"type": "Point", "coordinates": [-65.543, -13.407]}, "properties": {"timestamp": "1996-11-15 12:41:00", "individual": "SW9"}}, {"type": "Feature", "geometry": {"type": "Point", "coordinates": [-63.291, -16.969]}, "properties": {"timestamp": "1996-11-17 19:18:00", "individual": "SW9"}}, {"type": "Feature", "geometry": {"type": "Point", "coordinates": [-63.16, -18.991]}, "properties": {"timestamp": "1996-11-20 06:14:00", "individual": "SW9"}}, {"type": "Feature", "geometry": {"type": "Point", "coordinates": [-63.495, -21.157]}, "properties": {"timestamp": "1996-11-22 07:37:00", "individual": "SW9"}}, {"type": "Feature", "geometry": {"type": "Point", "coordinates": [-63.109, -27.886]}, "properties": {"timestamp": "1996-11-24 18:01:00", "individual": "SW9"}}, {"type": "Feature", "geometry": {"type": "Point", "coordinates": [-62.566, -31.765]}, "properties": {"timestamp": "1996-11-26 21:05:00", "individual": "SW9"}}, {"type": "Feature", "geometry": {"type": "Point", "coordinates": [-62.923, -31.973]}, "properties": {"timestamp": "1996-11-27 00:23:00", "individual": "SW9"}}, {"type": "Feature", "geometry": {"type": "Point", "coordinates": [-63.094, -32.76]}, "properties": {"timestamp": "1996-11-29 04:42:00", "individual": "SW9"}}, {"type": "Feature", "geometry": {"type": "Point", "coordinates": [-63.537, -33.304]}, "properties": {"timestamp": "1996-12-01 10:16:00", "individual": "SW9"}}, {"type": "Feature", "geometry": {"type": "Point", "coordinates": [-63.401, -32.62]}, "properties": {"timestamp": "1996-12-03 18:05:00", "individual": "SW9"}}, {"type": "Feature", "geometry": {"type": "Point", "coordinates": [-64.543, -34.244]}, "properties": {"timestamp": "1996-12-07 09:45:00", "individual": "SW9"}}, {"type": "Feature", "geometry": {"type": "Point", "coordinates": [-64.696, -34.254]}, "properties": {"timestamp": "1996-12-11 04:12:00", "individual": "SW9"}}, {"type": "Feature", "geometry": {"type": "Point", "coordinates": [-64.273, -35.095]}, "properties": {"timestamp": "1996-12-14 19:24:00", "individual": "SW9"}}, {"type": "Feature", "geometry": {"type": "Point", "coordinates": [-63.885, -34.945]}, "properties": {"timestamp": "1996-12-15 00:32:00", "individual": "SW9"}}, {"type": "Feature", "geometry": {"type": "Point", "coordinates": [-62.561, -35.332]}, "properties": {"timestamp": "1996-12-18 16:57:00", "individual": "SW9"}}, {"type": "Feature", "geometry": {"type": "Point", "coordinates": [-62.925, -36.184]}, "properties": {"timestamp": "1996-12-22 07:17:00", "individual": "SW9"}}, {"type": "Feature", "geometry": {"type": "Point", "coordinates": [-63.138, -36.799]}, "properties": {"timestamp": "1996-12-25 23:51:00", "individual": "SW9"}}, {"type": "Feature", "geometry": {"type": "Point", "coordinates": [-63.125, -36.795]}, "properties": {"timestamp": "1996-12-26 04:48:00", "individual": "SW9"}}, {"type": "Feature", "geometry": {"type": "Point", "coordinates": [-63.751, -36.817]}, "properties": {"timestamp": "1996-12-29 18:20:00", "individual": "SW9"}}, {"type": "Feature", "geometry": {"type": "Point", "coordinates": [-63.756, -36.548]}, "properties": {"timestamp": "1996-12-30 00:05:00", "individual": "SW9"}}, {"type": "Feature", "geometry": {"type": "Point", "coordinates": [-62.86, -37.214]}, "properties": {"timestamp": "1997-01-02 11:57:00", "individual": "SW9"}}, {"type": "Feature", "geometry": {"type": "Point", "coordinates": [-63.475, -35.768]}, "properties": {"timestamp": "1997-01-06 06:11:00", "individual": "SW9"}}, {"type": "Feature", "geometry": {"type": "Point", "coordinates": [-62.875, -36.556]}, "properties": {"timestamp": "1997-01-09 23:22:00", "individual": "SW9"}}, {"type": "Feature", "geometry": {"type": "Point", "coordinates": [-62.847, -36.582]}, "properties": {"timestamp": "1997-01-10 01:03:00", "individual": "SW9"}}, {"type": "Feature", "geometry": {"type": "Point", "coordinates": [-62.319, -35.782]}, "properties": {"timestamp": "1997-01-13 17:21:00", "individual": "SW9"}}, {"type": "Feature", "geometry": {"type": "Point", "coordinates": [-62.589, -35.641]}, "properties": {"timestamp": "1997-01-21 05:05:00", "individual": "SW9"}}, {"type": "Feature", "geometry": {"type": "Point", "coordinates": [-63.91, -36.776]}, "properties": {"timestamp": "1997-01-24 21:15:00", "individual": "SW9"}}, {"type": "Feature", "geometry": {"type": "Point", "coordinates": [-64.145, -36.61]}, "properties": {"timestamp": "1997-01-25 00:34:00", "individual": "SW9"}}, {"type": "Feature", "geometry": {"type": "Point", "coordinates": [-63.007, -36.195]}, "properties": {"timestamp": "1997-01-28 17:55:00", "individual": "SW9"}}, {"type": "Feature", "geometry": {"type": "Point", "coordinates": [-62.846, -36.525]}, "properties": {"timestamp": "1997-02-01 09:19:00", "individual": "SW9"}}, {"type": "Feature", "geometry": {"type": "Point", "coordinates": [-63.743, -35.206]}, "properties": {"timestamp": "1997-02-05 05:44:00", "individual": "SW9"}}, {"type": "Feature", "geometry": {"type": "Point", "coordinates": [-63.685, -34.327]}, "properties": {"timestamp": "1997-02-08 22:24:00", "individual": "SW9"}}, {"type": "Feature", "geometry": {"type": "Point", "coordinates": [-63.627, -34.377]}, "properties": {"timestamp": "1997-02-09 00:09:00", "individual": "SW9"}}, {"type": "Feature", "geometry": {"type": "Point", "coordinates": [-63.769, -33.964]}, "properties": {"timestamp": "1997-02-12 18:35:00", "individual": "SW9"}}, {"type": "Feature", "geometry": {"type": "Point", "coordinates": [-63.817, -33.908]}, "properties": {"timestamp": "1997-02-16 12:10:00", "individual": "SW9"}}, {"type": "Feature", "geometry": {"type": "Point", "coordinates": [-64.155, -33.582]}, "properties": {"timestamp": "1997-02-20 04:39:00", "individual": "SW9"}}, {"type": "Feature", "geometry": {"type": "Point", "coordinates": [-63.68, -33.799]}, "properties": {"timestamp": "1997-02-23 18:13:00", "individual": "SW9"}}, {"type": "Feature", "geometry": {"type": "Point", "coordinates": [-63.37, -32.846]}, "properties": {"timestamp": "1997-02-27 17:29:00", "individual": "SW9"}}, {"type": "Feature", "geometry": {"type": "Point", "coordinates": [-63.232, -31.721]}, "properties": {"timestamp": "1997-03-03 04:18:00", "individual": "SW9"}}, {"type": "Feature", "geometry": {"type": "Point", "coordinates": [-62.511, -21.351]}, "properties": {"timestamp": "1997-03-06 23:02:00", "individual": "SW9"}}, {"type": "Feature", "geometry": {"type": "Point", "coordinates": [-62.478, -21.354]}, "properties": {"timestamp": "1997-03-07 05:15:00", "individual": "SW9"}}, {"type": "Feature", "geometry": {"type": "Point", "coordinates": [-63.785, -16.697]}, "properties": {"timestamp": "1997-03-10 17:16:00", "individual": "SW9"}}, {"type": "Feature", "geometry": {"type": "Point", "coordinates": [-65.078, -14.267]}, "properties": {"timestamp": "1997-03-14 10:57:00", "individual": "SW9"}}, {"type": "Feature", "geometry": {"type": "Point", "coordinates": [-64.806, -12.245]}, "properties": {"timestamp": "1997-03-18 06:31:00", "individual": "SW9"}}, {"type": "Feature", "geometry": {"type": "Point", "coordinates": [-65.155, -9.934]}, "properties": {"timestamp": "1997-03-21 20:16:00", "individual": "SW9"}}, {"type": "Feature", "geometry": {"type": "Point", "coordinates": [-68.07, -7.52]}, "properties": {"timestamp": "1997-03-25 17:56:00", "individual": "SW9"}}, {"type": "Feature", "geometry": {"type": "Point", "coordinates": [-70.565, -3.052]}, "properties": {"timestamp": "1997-03-29 07:52:00", "individual": "SW9"}}, {"type": "Feature", "geometry": {"type": "Point", "coordinates": [-70.989, 1.06]}, "properties": {"timestamp": "1997-04-02 05:26:00", "individual": "SW9"}}, {"type": "Feature", "geometry": {"type": "Point", "coordinates": [-73.254, 3.792]}, "properties": {"timestamp": "1997-04-05 19:20:00", "individual": "SW9"}}, {"type": "Feature", "geometry": {"type": "Point", "coordinates": [-74.356, 5.598]}, "properties": {"timestamp": "1997-04-09 18:40:00", "individual": "SW9"}}, {"type": "Feature", "geometry": {"type": "Point", "coordinates": [-77.314, 7.859]}, "properties": {"timestamp": "1997-04-13 06:46:00", "individual": "SW9"}}, {"type": "Feature", "geometry": {"type": "Point", "coordinates": [-82.682, 9.542]}, "properties": {"timestamp": "1997-04-16 23:14:00", "individual": "SW9"}}, {"type": "Feature", "geometry": {"type": "Point", "coordinates": [-87.29, 12.647]}, "properties": {"timestamp": "1997-04-20 20:01:00", "individual": "SW9"}}, {"type": "Feature", "geometry": {"type": "Point", "coordinates": [-96.394, 18.222]}, "properties": {"timestamp": "1997-04-28 09:00:00", "individual": "SW9"}}, {"type": "Feature", "geometry": {"type": "Point", "coordinates": [-98.926, 23.871]}, "properties": {"timestamp": "1997-05-02 00:30:00", "individual": "SW9"}}, {"type": "Feature", "geometry": {"type": "Point", "coordinates": [-103.362, 32.809]}, "properties": {"timestamp": "1997-05-05 19:00:00", "individual": "SW9"}}, {"type": "Feature", "geometry": {"type": "Point", "coordinates": [-108.02, 36.308]}, "properties": {"timestamp": "1997-05-09 10:17:00", "individual": "SW9"}}, {"type": "Feature", "geometry": {"type": "Point", "coordinates": [-113.057, 40.322]}, "properties": {"timestamp": "1997-05-13 11:12:00", "individual": "SW9"}}, {"type": "Feature", "geometry": {"type": "Point", "coordinates": [-112.437, 40.505]}, "properties": {"timestamp": "1997-05-16 22:07:00", "individual": "SW9"}}, {"type": "Feature", "geometry": {"type": "Point", "coordinates": [-112.413, 40.571]}, "properties": {"timestamp": "1997-05-17 00:05:00", "individual": "SW9"}}, {"type": "Feature", "geometry": {"type": "Point", "coordinates": [-112.439, 40.453]}, "properties": {"timestamp": "1997-05-24 09:12:00", "individual": "SW9"}}, {"type": "Feature", "geometry": {"type": "Point", "coordinates": [-112.368, 40.598]}, "properties": {"timestamp": "1997-05-28 02:46:00", "individual": "SW9"}}, {"type": "Feature", "geometry": {"type": "Point", "coordinates": [-112.388, 40.455]}, "properties": {"timestamp": "1997-05-31 22:44:00", "individual": "SW9"}}, {"type": "Feature", "geometry": {"type": "Point", "coordinates": [-112.448, 40.554]}, "properties": {"timestamp": "1997-06-01 01:16:00", "individual": "SW9"}}, {"type": "Feature", "geometry": {"type": "Point", "coordinates": [-112.51, 40.531]}, "properties": {"timestamp": "1997-06-04 20:17:00", "individual": "SW9"}}, {"type": "Feature", "geometry": {"type": "Point", "coordinates": [-112.393, 40.58]}, "properties": {"timestamp": "1997-06-08 14:21:00", "individual": "SW9"}}, {"type": "Feature", "geometry": {"type": "Point", "coordinates": [-112.568, 40.616]}, "properties": {"timestamp": "1997-06-12 02:18:00", "individual": "SW9"}}]}