{"type": "FeatureCollection", "features": [{"type": "Feature", "geometry": {"type": "Point", "coordinates": [7.8115241, 48.0793942]}, "properties": {"timestamp": "2020-08-10 08:15:41", "individual": "Albert + A6V24 (eobs 3813)"}}, {"type": "Feature", "geometry": {"type": "Point", "coordinates": [7.812171, 48.0791275]}, "properties": {"timestamp": "2020-08-11 02:00:23", "individual": "Albert + A6V24 (eobs 3813)"}}, {"type": "Feature", "geometry": {"type": "Point", "coordinates": [7.812381, 48.0793221]}, "properties": {"timestamp": "2020-08-12 02:00:23", "individual": "Albert + A6V24 (eobs 3813)"}}, {"type": "Feature", "geometry": {"type": "Point", "coordinates": [7.8121118, 48.0790833]}, "properties": {"timestamp": "2020-08-13 02:00:23", "individual": "Albert + A6V24 (eobs 3813)"}}, {"type": "Feature", "geometry": {"type": "Point", "coordinates": [7.8120868, 48.0791876]}, "properties": {"timestamp": "2020-08-14 02:00:23", "individual": "Albert + A6V24 (eobs 3813)"}}, {"type": "Feature", "geometry": {"type": "Point", "coordinates": [7.8121187, 48.0791171]}, "properties": {"timestamp": "2020-08-15 02:00:23", "individual": "Albert + A6V24 (eobs 3813)"}}, {"type": "Feature", "geometry": {"type": "Point", "coordinates": [7.8121117, 48.0791591]}, "properties": {"timestamp": "2020-08-16 02:00:23", "individual": "Albert + A6V24 (eobs 3813)"}}, {"type": "Feature", "geometry": {"type": "Point", "coordinates": [7.8120839, 48.0792554]}, "properties": {"timestamp": "2020-08-17 02:00:23", "individual": "Albert + A6V24 (eobs 3813)"}}, {"type": "Feature", "geometry": {"type": "Point", "coordinates": [7.8121588, 48.0791802]}, "properties": {"timestamp": "2020-08-18 02:00:23", "individual": "Albert + A6V24 (eobs 3813)"}}, {"type": "Feature", "geometry": {"type": "Point", "coordinates": [7.8121053, 48.0792706]}, "properties": {"timestamp": "2020-08-19 02:00:23", "individual": "Albert + A6V24 (eobs 3813)"}}, {"type": "Feature", "geometry": {"type": "Point", "coordinates": [7.8121411, 48.0791696]}, "properties": {"timestamp": "2020-08-20 02:00:23", "individual": "Albert + A6V24 (eobs 3813)"}}, {"type": "Feature", "geometry": {"type": "Point", "coordinates": [7.8122244, 48.0791977]}, "properties": {"timestamp": "2020-08-21 02:00:23", "individual": "Albert + A6V24 (eobs 3813)"}}, {"type": "Feature", "geometry": {"type": "Point", "coordinates": [7.8121192, 48.0791719]}, "properties": {"timestamp": "2020-08-22 02:00:23", "individual": "Albert + A6V24 (eobs 3813)"}}, {"type": "Feature", "geometry": {"type": "Point", "coordinates": [7.8121617, 48.0791812]}, "properties": {"timestamp": "2020-08-23 02:00:23", "individual": "Albert + A6V24 (eobs 3813)"}}, {"type": "Feature", "geometry": {"type": "Point", "coordinates": [7.8126127, 48.0792659]}, "properties": {"timestamp": "2020-08-24 02:00:23", "individual": "Albert + A6V24 (eobs 3813)"}}, {"type": "Feature", "geometry": {"type": "Point", "coordinates": [7.8121265, 48.0791875]}, "properties": {"timestamp": "2020-08-25 02:00:23", "individual": "Albert + A6V24 (eobs 3813)"}}, {"type": "Feature", "geometry": {"type": "Point", "coordinates": [7.1038065, 47.6157104]}, "properties": {"timestamp": "2020-08-26 02:00:23", "individual": "Albert + A6V24 (eobs 3813)"}}, {"type": "Feature", "geometry": {"type": "Point", "coordinates": [7.1034378, 47.6177203]}, "properties": {"timestamp": "2020-08-27 02:00:23", "individual": "Albert + A6V24 (eobs 3813)"}}, {"type": "Feature", "geometry": {"type": "Point", "coordinates": [5.3716422, 46.9474175]}, "properties": {"timestamp": "2020-08-28 08:15:23", "individual": "Albert + A6V24 (eobs 3813)"}}, {"type": "Feature", "geometry": {"type": "Point", "coordinates": [5.2422361, 46.8539501]}, "properties": {"timestamp": "2020-08-29 10:30:23", "individual": "Albert + A6V24 (eobs 3813)"}}, {"type": "Feature", "geometry": {"type": "Point", "coordinates": [4.8659032, 44.8368431]}, "properties": {"timestamp": "2020-08-30 02:00:23", "individual": "Albert + A6V24 (eobs 3813)"}}, {"type": "Feature", "geometry": {"type": "Point", "coordinates": [3.2109744, 43.249247]}, "properties": {"timestamp": "2020-08-31 02:00:23", "individual": "Albert + A6V24 (eobs 3813)"}}, {"type": "Feature", "geometry": {"type": "Point", "coordinates": [1.1969883, 41.6656467]}, "properties": {"timestamp": "2020-09-01 02:00:23", "individual": "Albert + A6V24 (eobs 3813)"}}, {"type": "Feature", "geometry": {"type": "Point", "coordinates": [0.5023621, 41.6117649]}, "properties": {"timestamp": "2020-09-02 08:45:23", "individual": "Albert + A6V24 (eobs 3813)"}}, {"type": "Feature", "geometry": {"type": "Point", "coordinates": [-1.2920293, 40.4494569]}, "properties": {"timestamp": "2020-09-03 02:00:23", "individual": "Albert + A6V24 (eobs 3813)"}}, {"type": "Feature", "geometry": {"type": "Point", "coordinates": [-3.6569618, 38.8559529]}, "properties": {"timestamp": "2020-09-04 02:00:23", "individual": "Albert + A6V24 (eobs 3813)"}}, {"type": "Feature", "geometry": {"type": "Point", "coordinates": [-5.88151, 37.232413]}, "properties": {"timestamp": "2020-09-05 02:00:23", "individual": "Albert + A6V24 (eobs 3813)"}}, {"type": "Feature", "geometry": {"type": "Point", "coordinates": [-6.0354108, 36.9479515]}, "properties": {"timestamp": "2020-09-06 02:00:23", "individual": "Albert + A6V24 (eobs 3813)"}}, {"type": "Feature", "geometry": {"type": "Point", "coordinates": [-6.1282804, 36.5785278]}, "properties": {"timestamp": "2020-09-07 02:00:23", "individual": "Albert + A6V24 (eobs 3813)"}}, {"type": "Feature", "geometry": {"type": "Point", "coordinates": [-5.7105952, 34.2288699]}, "properties": {"timestamp": "2020-09-08 02:00:23", "individual": "Albert + A6V24 (eobs 3813)"}}, {"type": "Feature", "geometry": {"type": "Point", "coordinates": [-6.5358772, 32.4354566]}, "properties": {"timestamp": "2020-09-09 02:00:23", "individual": "Albert + A6V24 (eobs 3813)"}}, {"type": "Feature", "geometry": {"type": "Point", "coordinates": [-6.5234845, 32.4422532]}, "properties": {"timestamp": "2020-09-10 02:00:23", "individual": "Albert + A6V24 (eobs 3813)"}}, {"type": "Feature", "geometry": {"type": "Point", "coordinates": [-6.5333372, 32.4564267]}, "properties": {"timestamp": "2020-09-11 02:00:23", "individual": "Albert + A6V24 (eobs 3813)"}}, {"type": "Feature", "geometry": {"type": "Point", "coordinates": [-6.5333643, 32.4564269]}, "properties": {"timestamp": "2020-09-12 02:00:23", "individual": "Albert + A6V24 (eobs 3813)"}}, {"type": "Feature", "geometry": {"type": "Point", "coordinates": [-6.5348884, 32.4555873]}, "properties": {"timestamp": "2020-09-13 02:00:23", "individual": "Albert + A6V24 (eobs 3813)"}}, {"type": "Feature", "geometry": {"type": "Point", "coordinates": [-6.5134753, 32.4408145]}, "properties": {"timestamp": "2020-09-14 02:00:23", "individual": "Albert + A6V24 (eobs 3813)"}}, {"type": "Feature", "geometry": {"type": "Point", "coordinates": [-6.4990928, 32.4448773]}, "properties": {"timestamp": "2020-09-15 02:00:23", "individual": "Albert + A6V24 (eobs 3813)"}}, {"type": "Feature", "geometry": {"type": "Point", "coordinates": [-6.5025855, 32.4352662]}, "properties": {"timestamp": "2020-09-16 02:00:23", "individual": "Albert + A6V24 (eobs 3813)"}}, {"type": "Feature", "geometry": {"type": "Point", "coordinates": [-6.5253076, 32.4429298]}, "properties": {"timestamp": "2020-09-17 02:00:23", "individual": "Albert + A6V24 (eobs 3813)"}}, {"type": "Feature", "geometry": {"type": "Point", "coordinates": [-6.5248881, 32.4428068]}, "properties": {"timestamp": "2020-09-18 02:00:23", "individual": "Albert + A6V24 (eobs 3813)"}}, {"type": "Feature", "geometry": {"type": "Point", "coordinates": [-6.5253085, 32.442968]}, "properties": {"timestamp": "2020-09-19 02:00:23", "individual": "Albert + A6V24 (eobs 3813)"}}, {"type": "Feature", "geometry": {"type": "Point", "coordinates": [-6.5247644, 32.442724]}, "properties": {"timestamp": "2020-09-20 02:00:23", "individual": "Albert + A6V24 (eobs 3813)"}}, {"type": "Feature", "geometry": {"type": "Point", "coordinates": [-6.5517322, 32.4408214]}, "properties": {"timestamp": "2020-09-21 02:00:23", "individual": "Albert + A6V24 (eobs 3813)"}}, {"type": "Feature", "geometry": {"type": "Point", "coordinates": [-6.5201122, 32.4409376]}, "properties": {"timestamp": "2020-09-22 02:00:23", "individual": "Albert + A6V24 (eobs 3813)"}}, {"type": "Feature", "geometry": {"type": "Point", "coordinates": [-6.5244767, 32.4426368]}, "properties": {"timestamp": "2020-09-23 02:00:23", "individual": "Albert + A6V24 (eobs 3813)"}}, {"type": "Feature", "geometry": {"type": "Point", "coordinates": [-6.5225207, 32.4418639]}, "properties": {"timestamp": "2020-09-24 02:00:23", "individual": "Albert + A6V24 (eobs 3813)"}}, {"type": "Feature", "geometry": {"type": "Point", "coordinates": [-6.5239596, 32.4424096]}, "properties": {"timestamp": "2020-09-25 02:00:23", "individual": "Albert + A6V24 (eobs 3813)"}}, {"type": "Feature", "geometry": {"type": "Point", "coordinates": [-6.5234685, 32.4422568]}, "properties": {"timestamp": "2020-09-26 02:00:23", "individual": "Albert + A6V24 (eobs 3813)"}}, {"type": "Feature", "geometry": {"type": "Point", "coordinates": [-6.5234884, 32.4422519]}, "properties": {"timestamp": "2020-09-27 02:00:23", "individual": "Albert + A6V24 (eobs 3813)"}}, {"type": "Feature", "geometry": {"type": "Point", "coordinates": [-6.523556, 32.4422745]}, "properties": {"timestamp": "2020-09-28 02:00:23", "individual": "Albert + A6V24 (eobs 3813)"}}, {"type": "Feature", "geometry": {"type": "Point", "coordinates": [-6.5236521, 32.4422967]}, "properties": {"timestamp": "2020-09-29 02:00:23", "individual": "Albert + A6V24 (eobs 3813)"}}, {"type": "Feature", "geometry": {"type": "Point", "coordinates": [-6.5239122, 32.4428846]}, "properties": {"timestamp": "2020-09-30 02:00:23", "individual": "Albert + A6V24 (eobs 3813)"}}, {"type": "Feature", "geometry": {"type": "Point", "coordinates": [-6.5235293, 32.4422721]}, "properties": {"timestamp": "2020-10-01 02:00:23", "individual": "Albert + A6V24 (eobs 3813)"}}, {"type": "Feature", "geometry": {"type": "Point", "coordinates": [-6.522373, 32.4417992]}, "properties": {"timestamp": "2020-10-02 02:00:23", "individual": "Albert + A6V24 (eobs 3813)"}}, {"type": "Feature", "geometry": {"type": "Point", "coordinates": [-6.5234282, 32.4422343]}, "properties": {"timestamp": "2020-10-03 02:00:23", "individual": "Albert + A6V24 (eobs 3813)"}}, {"type": "Feature", "geometry": {"type": "Point", "coordinates": [-6.523443, 32.4422235]}, "properties": {"timestamp": "2020-10-04 02:00:23", "individual": "Albert + A6V24 (eobs 3813)"}}, {"type": "Feature", "geometry": {"type": "Point", "coordinates": [-6.5026416, 32.4241383]}, "properties": {"timestamp": "2020-10-05 02:00:23", "individual": "Albert + A6V24 (eobs 3813)"}}, {"type": "Feature", "geometry": {"type": "Point", "coordinates": [-6.5244019, 32.4426102]}, "properties": {"timestamp": "2020-10-06 02:00:23", "individual": "Albert + A6V24 (eobs 3813)"}}, {"type": "Feature", "geometry": {"type": "Point", "coordinates": [-6.8060788, 32.2086601]}, "properties": {"timestamp": "2020-10-07 02:00:23", "individual": "Albert + A6V24 (eobs 3813)"}}, {"type": "Feature", "geometry": {"type": "Point", "coordinates": [-6.8059288, 32.2097052]}, "properties": {"timestamp": "2020-10-08 02:00:23", "individual": "Albert + A6V24 (eobs 3813)"}}, {"type": "Feature", "geometry": {"type": "Point", "coordinates": [-6.8013784, 32.2095172]}, "properties": {"timestamp": "2020-10-09 02:00:23", "individual": "Albert + A6V24 (eobs 3813)"}}, {"type": "Feature", "geometry": {"type": "Point", "coordinates": [-6.8020807, 32.2100149]}, "properties": {"timestamp": "2020-10-10 02:00:23", "individual": "Albert + A6V24 (eobs 3813)"}}, {"type": "Feature", "geometry": {"type": "Point", "coordinates": [-6.8021086, 32.2100181]}, "properties": {"timestamp": "2020-10-11 02:00:23", "individual": "Albert + A6V24 (eobs 3813)"}}, {"type": "Feature", "geometry": {"type": "Point", "coordinates": [-6.8027605, 32.2100361]}, "properties": {"timestamp": "2020-10-12 02:00:23", "individual": "Albert + A6V24 (eobs 3813)"}}, {"type": "Feature", "geometry": {"type": "Point", "coordinates": [-6.8061029, 32.2086087]}, "properties": {"timestamp": "2020-10-13 02:00:23", "individual": "Albert + A6V24 (eobs 3813)"}}, {"type": "Feature", "geometry": {"type": "Point", "coordinates": [-6.8060783, 32.2086439]}, "properties": {"timestamp": "2020-10-14 02:00:23", "individual": "Albert + A6V24 (eobs 3813)"}}, {"type": "Feature", "geometry": {"type": "Point", "coordinates": [-6.8034944, 32.2106038]}, "properties": {"timestamp": "2020-10-15 02:00:23", "individual": "Albert + A6V24 (eobs 3813)"}}, {"type": "Feature", "geometry": {"type": "Point", "coordinates": [-6.8028079, 32.2099872]}, "properties": {"timestamp": "2020-10-16 02:00:23", "individual": "Albert + A6V24 (eobs 3813)"}}, {"type": "Feature", "geometry": {"type": "Point", "coordinates": [-6.8013605, 32.2095288]}, "properties": {"timestamp": "2020-10-17 02:00:23", "individual": "Albert + A6V24 (eobs 3813)"}}, {"type": "Feature", "geometry": {"type": "Point", "coordinates": [-6.8034835, 32.2114142]}, "properties": {"timestamp": "2020-10-18 02:00:23", "individual": "Albert + A6V24 (eobs 3813)"}}, {"type": "Feature", "geometry": {"type": "Point", "coordinates": [-6.8028117, 32.2100311]}, "properties": {"timestamp": "2020-10-19 02:00:23", "individual": "Albert + A6V24 (eobs 3813)"}}, {"type": "Feature", "geometry": {"type": "Point", "coordinates": [-6.9015229, 32.3116507]}, "properties": {"timestamp": "2020-10-20 02:00:23", "individual": "Albert + A6V24 (eobs 3813)"}}, {"type": "Feature", "geometry": {"type": "Point", "coordinates": [-6.9034016, 32.3029169]}, "properties": {"timestamp": "2020-10-21 02:00:23", "individual": "Albert + A6V24 (eobs 3813)"}}, {"type": "Feature", "geometry": {"type": "Point", "coordinates": [-7.3122802, 31.8335432]}, "properties": {"timestamp": "2020-10-22 02:00:23", "individual": "Albert + A6V24 (eobs 3813)"}}, {"type": "Feature", "geometry": {"type": "Point", "coordinates": [-7.3123283, 31.8335908]}, "properties": {"timestamp": "2020-10-23 02:00:23", "individual": "Albert + A6V24 (eobs 3813)"}}, {"type": "Feature", "geometry": {"type": "Point", "coordinates": [-7.3109128, 31.8312363]}, "properties": {"timestamp": "2020-10-24 02:00:23", "individual": "Albert + A6V24 (eobs 3813)"}}, {"type": "Feature", "geometry": {"type": "Point", "coordinates": [-7.5164652, 31.8162772]}, "properties": {"timestamp": "2020-10-25 02:00:23", "individual": "Albert + A6V24 (eobs 3813)"}}, {"type": "Feature", "geometry": {"type": "Point", "coordinates": [-6.7007928, 32.2970317]}, "properties": {"timestamp": "2020-10-26 02:00:23", "individual": "Albert + A6V24 (eobs 3813)"}}, {"type": "Feature", "geometry": {"type": "Point", "coordinates": [-6.7007663, 32.296972]}, "properties": {"timestamp": "2020-10-27 02:00:23", "individual": "Albert + A6V24 (eobs 3813)"}}, {"type": "Feature", "geometry": {"type": "Point", "coordinates": [-6.6943172, 32.3000816]}, "properties": {"timestamp": "2020-10-28 02:00:23", "individual": "Albert + A6V24 (eobs 3813)"}}, {"type": "Feature", "geometry": {"type": "Point", "coordinates": [-6.3576259, 32.3441421]}, "properties": {"timestamp": "2020-10-29 02:00:23", "individual": "Albert + A6V24 (eobs 3813)"}}, {"type": "Feature", "geometry": {"type": "Point", "coordinates": [-6.3576133, 32.3441418]}, "properties": {"timestamp": "2020-10-30 02:00:23", "individual": "Albert + A6V24 (eobs 3813)"}}, {"type": "Feature", "geometry": {"type": "Point", "coordinates": [-6.3576008, 32.3441791]}, "properties": {"timestamp": "2020-10-31 02:00:23", "individual": "Albert + A6V24 (eobs 3813)"}}, {"type": "Feature", "geometry": {"type": "Point", "coordinates": [-6.3584197, 32.3448294]}, "properties": {"timestamp": "2020-11-01 02:00:23", "individual": "Albert + A6V24 (eobs 3813)"}}, {"type": "Feature", "geometry": {"type": "Point", "coordinates": [-6.3699391, 32.3635935]}, "properties": {"timestamp": "2020-11-02 02:00:23", "individual": "Albert + A6V24 (eobs 3813)"}}, {"type": "Feature", "geometry": {"type": "Point", "coordinates": [-6.3589427, 32.3331797]}, "properties": {"timestamp": "2020-11-03 02:00:23", "individual": "Albert + A6V24 (eobs 3813)"}}, {"type": "Feature", "geometry": {"type": "Point", "coordinates": [-6.3589612, 32.3332343]}, "properties": {"timestamp": "2020-11-04 02:00:23", "individual": "Albert + A6V24 (eobs 3813)"}}, {"type": "Feature", "geometry": {"type": "Point", "coordinates": [-6.3589848, 32.3332113]}, "properties": {"timestamp": "2020-11-05 02:00:23", "individual": "Albert + A6V24 (eobs 3813)"}}, {"type": "Feature", "geometry": {"type": "Point", "coordinates": [-6.3586791, 32.3323384]}, "properties": {"timestamp": "2020-11-06 02:00:23", "individual": "Albert + A6V24 (eobs 3813)"}}, {"type": "Feature", "geometry": {"type": "Point", "coordinates": [-6.3585874, 32.33231]}, "properties": {"timestamp": "2020-11-07 02:00:23", "individual": "Albert + A6V24 (eobs 3813)"}}, {"type": "Feature", "geometry": {"type": "Point", "coordinates": [-6.3587028, 32.3323046]}, "properties": {"timestamp": "2020-11-08 02:00:23", "individual": "Albert + A6V24 (eobs 3813)"}}, {"type": "Feature", "geometry": {"type": "Point", "coordinates": [-6.3589349, 32.3331657]}, "properties": {"timestamp": "2020-11-09 02:00:23", "individual": "Albert + A6V24 (eobs 3813)"}}, {"type": "Feature", "geometry": {"type": "Point", "coordinates": [-6.3589958, 32.3332244]}, "properties": {"timestamp": "2020-11-10 02:00:23", "individual": "Albert + A6V24 (eobs 3813)"}}, {"type": "Feature", "geometry": {"type": "Point", "coordinates": [-6.3588684, 32.3332033]}, "properties": {"timestamp": "2020-11-11 02:00:23", "individual": "Albert + A6V24 (eobs 3813)"}}, {"type": "Feature", "geometry": {"type": "Point", "coordinates": [-6.3590639, 32.333243]}, "properties": {"timestamp": "2020-11-12 02:00:23", "individual": "Albert + A6V24 (eobs 3813)"}}, {"type": "Feature", "geometry": {"type": "Point", "coordinates": [-6.3587468, 32.3322583]}, "properties": {"timestamp": "2020-11-13 02:00:23", "individual": "Albert + A6V24 (eobs 3813)"}}, {"type": "Feature", "geometry": {"type": "Point", "coordinates": [-6.3587485, 32.3322858]}, "properties": {"timestamp": "2020-11-14 02:00:23", "individual": "Albert + A6V24 (eobs 3813)"}}, {"type": "Feature", "geometry": {"type": "Point", "coordinates": [-6.3586952, 32.3322196]}, "properties": {"timestamp": "2020-11-15 02:00:23", "individual": "Albert + A6V24 (eobs 3813)"}}, {"type": "Feature", "geometry": {"type": "Point", "coordinates": [-6.358683, 32.3323235]}, "properties": {"timestamp": "2020-11-16 02:00:23", "individual": "Albert + A6V24 (eobs 3813)"}}, {"type": "Feature", "geometry": {"type": "Point", "coordinates": [-6.3586502, 32.3323532]}, "properties": {"timestamp": "2020-11-17 02:00:23", "individual": "Albert + A6V24 (eobs 3813)"}}, {"type": "Feature", "geometry": {"type": "Point", "coordinates": [-6.3587151, 32.3323504]}, "properties": {"timestamp": "2020-11-18 02:00:23", "individual": "Albert + A6V24 (eobs 3813)"}}, {"type": "Feature", "geometry": {"type": "Point", "coordinates": [-6.3586523, 32.3323177]}, "properties": {"timestamp": "2020-11-19 02:00:23", "individual": "Albert + A6V24 (eobs 3813)"}}, {"type": "Feature", "geometry": {"type": "Point", "coordinates": [-6.358701, 32.3322396]}, "properties": {"timestamp": "2020-11-20 02:00:23", "individual": "Albert + A6V24 (eobs 3813)"}}, {"type": "Feature", "geometry": {"type": "Point", "coordinates": [-6.3586231, 32.332274]}, "properties": {"timestamp": "2020-11-21 02:00:23", "individual": "Albert + A6V24 (eobs 3813)"}}, {"type": "Feature", "geometry": {"type": "Point", "coordinates": [-6.3589882, 32.3332021]}, "properties": {"timestamp": "2020-11-22 02:00:23", "individual": "Albert + A6V24 (eobs 3813)"}}, {"type": "Feature", "geometry": {"type": "Point", "coordinates": [-6.3586887, 32.3323271]}, "properties": {"timestamp": "2020-11-23 02:00:23", "individual": "Albert + A6V24 (eobs 3813)"}}, {"type": "Feature", "geometry": {"type": "Point", "coordinates": [-6.3590009, 32.3331968]}, "properties": {"timestamp": "2020-11-24 02:00:23", "individual": "Albert + A6V24 (eobs 3813)"}}, {"type": "Feature", "geometry": {"type": "Point", "coordinates": [-6.3586854, 32.3323322]}, "properties": {"timestamp": "2020-11-25 02:00:23", "individual": "Albert + A6V24 (eobs 3813)"}}, {"type": "Feature", "geometry": {"type": "Point", "coordinates": [-6.3589472, 32.3332369]}, "properties": {"timestamp": "2020-11-26 02:00:23", "individual": "Albert + A6V24 (eobs 3813)"}}, {"type": "Feature", "geometry": {"type": "Point", "coordinates": [-6.3586581, 32.3323267]}, "properties": {"timestamp": "2020-11-27 02:00:23", "individual": "Albert + A6V24 (eobs 3813)"}}, {"type": "Feature", "geometry": {"type": "Point", "coordinates": [-6.3585714, 32.3322343]}, "properties": {"timestamp": "2020-11-28 02:00:23", "individual": "Albert + A6V24 (eobs 3813)"}}, {"type": "Feature", "geometry": {"type": "Point", "coordinates": [-6.358964, 32.3332141]}, "properties": {"timestamp": "2020-11-29 02:00:23", "individual": "Albert + A6V24 (eobs 3813)"}}, {"type": "Feature", "geometry": {"type": "Point", "coordinates": [-6.3586252, 32.3322549]}, "properties": {"timestamp": "2020-11-30 02:00:23", "individual": "Albert + A6V24 (eobs 3813)"}}, {"type": "Feature", "geometry": {"type": "Point", "coordinates": [-6.3587248, 32.3322353]}, "properties": {"timestamp": "2020-12-01 02:00:23", "individual": "Albert + A6V24 (eobs 3813)"}}, {"type": "Feature", "geometry": {"type": "Point", "coordinates": [-6.3589279, 32.333182]}, "properties": {"timestamp": "2020-12-02 02:00:23", "individual": "Albert + A6V24 (eobs 3813)"}}, {"type": "Feature", "geometry": {"type": "Point", "coordinates": [-6.3589605, 32.3331739]}, "properties": {"timestamp": "2020-12-03 02:00:23", "individual": "Albert + A6V24 (eobs 3813)"}}, {"type": "Feature", "geometry": {"type": "Point", "coordinates": [-6.358731, 32.3322717]}, "properties": {"timestamp": "2020-12-04 02:00:23", "individual": "Albert + A6V24 (eobs 3813)"}}, {"type": "Feature", "geometry": {"type": "Point", "coordinates": [-6.3587206, 32.3323527]}, "properties": {"timestamp": "2020-12-05 02:00:23", "individual": "Albert + A6V24 (eobs 3813)"}}, {"type": "Feature", "geometry": {"type": "Point", "coordinates": [-6.3586933, 32.3323287]}, "properties": {"timestamp": "2020-12-06 02:00:23", "individual": "Albert + A6V24 (eobs 3813)"}}, {"type": "Feature", "geometry": {"type": "Point", "coordinates": [-6.3589379, 32.3331905]}, "properties": {"timestamp": "2020-12-07 02:00:23", "individual": "Albert + A6V24 (eobs 3813)"}}, {"type": "Feature", "geometry": {"type": "Point", "coordinates": [-6.3130117, 32.3594905]}, "properties": {"timestamp": "2020-12-08 02:00:23", "individual": "Albert + A6V24 (eobs 3813)"}}, {"type": "Feature", "geometry": {"type": "Point", "coordinates": [-6.3589568, 32.3331976]}, "properties": {"timestamp": "2020-12-09 02:00:23", "individual": "Albert + A6V24 (eobs 3813)"}}, {"type": "Feature", "geometry": {"type": "Point", "coordinates": [-6.358686, 32.332332]}, "properties": {"timestamp": "2020-12-10 02:00:23", "individual": "Albert + A6V24 (eobs 3813)"}}, {"type": "Feature", "geometry": {"type": "Point", "coordinates": [-6.3589371, 32.3332307]}, "properties": {"timestamp": "2020-12-11 02:00:23", "individual": "Albert + A6V24 (eobs 3813)"}}, {"type": "Feature", "geometry": {"type": "Point", "coordinates": [-6.3589381, 32.3331873]}, "properties": {"timestamp": "2020-12-12 02:00:23", "individual": "Albert + A6V24 (eobs 3813)"}}, {"type": "Feature", "geometry": {"type": "Point", "coordinates": [-6.358734, 32.3322809]}, "properties": {"timestamp": "2020-12-13 02:00:23", "individual": "Albert + A6V24 (eobs 3813)"}}, {"type": "Feature", "geometry": {"type": "Point", "coordinates": [-6.3589631, 32.33321]}, "properties": {"timestamp": "2020-12-14 02:00:23", "individual": "Albert + A6V24 (eobs 3813)"}}, {"type": "Feature", "geometry": {"type": "Point", "coordinates": [-6.3587341, 32.3322953]}, "properties": {"timestamp": "2020-12-15 02:00:23", "individual": "Albert + A6V24 (eobs 3813)"}}, {"type": "Feature", "geometry": {"type": "Point", "coordinates": [-6.358748, 32.3323008]}, "properties": {"timestamp": "2020-12-16 02:00:23", "individual": "Albert + A6V24 (eobs 3813)"}}, {"type": "Feature", "geometry": {"type": "Point", "coordinates": [-6.3587213, 32.3322892]}, "properties": {"timestamp": "2020-12-17 02:00:23", "individual": "Albert + A6V24 (eobs 3813)"}}, {"type": "Feature", "geometry": {"type": "Point", "coordinates": [-6.358662, 32.33226]}, "properties": {"timestamp": "2020-12-18 02:00:23", "individual": "Albert + A6V24 (eobs 3813)"}}, {"type": "Feature", "geometry": {"type": "Point", "coordinates": [-6.3589803, 32.3331841]}, "properties": {"timestamp": "2020-12-19 02:00:23", "individual": "Albert + A6V24 (eobs 3813)"}}, {"type": "Feature", "geometry": {"type": "Point", "coordinates": [-6.3586956, 32.3323254]}, "properties": {"timestamp": "2020-12-20 02:00:23", "individual": "Albert + A6V24 (eobs 3813)"}}, {"type": "Feature", "geometry": {"type": "Point", "coordinates": [-6.3587162, 32.3323051]}, "properties": {"timestamp": "2020-12-21 02:00:23", "individual": "Albert + A6V24 (eobs 3813)"}}, {"type": "Feature", "geometry": {"type": "Point", "coordinates": [-6.358942, 32.3331614]}, "properties": {"timestamp": "2020-12-22 02:00:23", "individual": "Albert + A6V24 (eobs 3813)"}}, {"type": "Feature", "geometry": {"type": "Point", "coordinates": [-6.3589438, 32.333166]}, "properties": {"timestamp": "2020-12-23 02:00:23", "individual": "Albert + A6V24 (eobs 3813)"}}, {"type": "Feature", "geometry": {"type": "Point", "coordinates": [-6.3589037, 32.3331754]}, "properties": {"timestamp": "2020-12-24 02:00:23", "individual": "Albert + A6V24 (eobs 3813)"}}, {"type": "Feature", "geometry": {"type": "Point", "coordinates": [-6.3586936, 32.3323113]}, "properties": {"timestamp": "2020-12-25 02:00:23", "individual": "Albert + A6V24 (eobs 3813)"}}, {"type": "Feature", "geometry": {"type": "Point", "coordinates": [-6.3588626, 32.3327667]}, "properties": {"timestamp": "2020-12-26 02:00:23", "individual": "Albert + A6V24 (eobs 3813)"}}, {"type": "Feature", "geometry": {"type": "Point", "coordinates": [-6.3589883, 32.3331984]}, "properties": {"timestamp": "2020-12-27 02:00:23", "individual": "Albert + A6V24 (eobs 3813)"}}, {"type": "Feature", "geometry": {"type": "Point", "coordinates": [-6.3587156, 32.3323133]}, "properties": {"timestamp": "2020-12-28 02:00:23", "individual": "Albert + A6V24 (eobs 3813)"}}, {"type": "Feature", "geometry": {"type": "Point", "coordinates": [-6.3587913, 32.332673]}, "properties": {"timestamp": "2020-12-29 02:00:23", "individual": "Albert + A6V24 (eobs 3813)"}}, {"type": "Feature", "geometry": {"type": "Point", "coordinates": [-6.35866, 32.3323379]}, "properties": {"timestamp": "2020-12-30 02:00:23", "individual": "Albert + A6V24 (eobs 3813)"}}, {"type": "Feature", "geometry": {"type": "Point", "coordinates": [-6.3587017, 32.3323153]}, "properties": {"timestamp": "2020-12-31 02:00:23", "individual": "Albert + A6V24 (eobs 3813)"}}, {"type": "Feature", "geometry": {"type": "Point", "coordinates": [-6.3590052, 32.3331999]}, "properties": {"timestamp": "2021-01-01 02:00:23", "individual": "Albert + A6V24 (eobs 3813)"}}, {"type": "Feature", "geometry": {"type": "Point", "coordinates": [-6.359002, 32.3331727]}, "properties": {"timestamp": "2021-01-02 02:00:23", "individual": "Albert + A6V24 (eobs 3813)"}}, {"type": "Feature", "geometry": {"type": "Point", "coordinates": [-6.3589887, 32.3331314]}, "properties": {"timestamp": "2021-01-03 02:00:23", "individual": "Albert + A6V24 (eobs 3813)"}}, {"type": "Feature", "geometry": {"type": "Point", "coordinates": [-6.3587148, 32.3322757]}, "properties": {"timestamp": "2021-01-04 02:00:23", "individual": "Albert + A6V24 (eobs 3813)"}}, {"type": "Feature", "geometry": {"type": "Point", "coordinates": [-6.3586927, 32.33231]}, "properties": {"timestamp": "2021-01-05 02:00:23", "individual": "Albert + A6V24 (eobs 3813)"}}, {"type": "Feature", "geometry": {"type": "Point", "coordinates": [-6.3586672, 32.3323655]}, "properties": {"timestamp": "2021-01-06 02:00:23", "individual": "Albert + A6V24 (eobs 3813)"}}, {"type": "Feature", "geometry": {"type": "Point", "coordinates": [-6.358727, 32.3322619]}, "properties": {"timestamp": "2021-01-07 02:00:23", "individual": "Albert + A6V24 (eobs 3813)"}}, {"type": "Feature", "geometry": {"type": "Point", "coordinates": [-6.3586858, 32.332353]}, "properties": {"timestamp": "2021-01-08 02:00:23", "individual": "Albert + A6V24 (eobs 3813)"}}, {"type": "Feature", "geometry": {"type": "Point", "coordinates": [-6.3587429, 32.3322608]}, "properties": {"timestamp": "2021-01-09 02:00:23", "individual": "Albert + A6V24 (eobs 3813)"}}, {"type": "Feature", "geometry": {"type": "Point", "coordinates": [-6.3585712, 32.3322368]}, "properties": {"timestamp": "2021-01-10 02:00:23", "individual": "Albert + A6V24 (eobs 3813)"}}, {"type": "Feature", "geometry": {"type": "Point", "coordinates": [-6.3587135, 32.3323201]}, "properties": {"timestamp": "2021-01-11 02:00:23", "individual": "Albert + A6V24 (eobs 3813)"}}, {"type": "Feature", "geometry": {"type": "Point", "coordinates": [-6.3585629, 32.332183]}, "properties": {"timestamp": "2021-01-12 02:00:23", "individual": "Albert + A6V24 (eobs 3813)"}}, {"type": "Feature", "geometry": {"type": "Point", "coordinates": [-6.3589546, 32.3332235]}, "properties": {"timestamp": "2021-01-13 02:00:23", "individual": "Albert + A6V24 (eobs 3813)"}}, {"type": "Feature", "geometry": {"type": "Point", "coordinates": [-6.358672, 32.3322552]}, "properties": {"timestamp": "2021-01-14 02:00:23", "individual": "Albert + A6V24 (eobs 3813)"}}, {"type": "Feature", "geometry": {"type": "Point", "coordinates": [-6.3589558, 32.3331969]}, "properties": {"timestamp": "2021-01-15 02:00:23", "individual": "Albert + A6V24 (eobs 3813)"}}, {"type": "Feature", "geometry": {"type": "Point", "coordinates": [-6.3586368, 32.3323303]}, "properties": {"timestamp": "2021-01-16 02:00:23", "individual": "Albert + A6V24 (eobs 3813)"}}, {"type": "Feature", "geometry": {"type": "Point", "coordinates": [-6.3586856, 32.3322561]}, "properties": {"timestamp": "2021-01-17 02:00:23", "individual": "Albert + A6V24 (eobs 3813)"}}, {"type": "Feature", "geometry": {"type": "Point", "coordinates": [-6.3566667, 32.3319229]}, "properties": {"timestamp": "2021-01-18 02:00:23", "individual": "Albert + A6V24 (eobs 3813)"}}, {"type": "Feature", "geometry": {"type": "Point", "coordinates": [-6.3558558, 32.3318428]}, "properties": {"timestamp": "2021-01-19 02:00:23", "individual": "Albert + A6V24 (eobs 3813)"}}, {"type": "Feature", "geometry": {"type": "Point", "coordinates": [-6.355846, 32.3318292]}, "properties": {"timestamp": "2021-01-20 02:00:23", "individual": "Albert + A6V24 (eobs 3813)"}}, {"type": "Feature", "geometry": {"type": "Point", "coordinates": [-6.3587508, 32.332279]}, "properties": {"timestamp": "2021-01-21 02:00:23", "individual": "Albert + A6V24 (eobs 3813)"}}, {"type": "Feature", "geometry": {"type": "Point", "coordinates": [-6.3558868, 32.3318129]}, "properties": {"timestamp": "2021-01-22 02:00:23", "individual": "Albert + A6V24 (eobs 3813)"}}, {"type": "Feature", "geometry": {"type": "Point", "coordinates": [-6.3558789, 32.3318082]}, "properties": {"timestamp": "2021-01-23 02:00:23", "individual": "Albert + A6V24 (eobs 3813)"}}, {"type": "Feature", "geometry": {"type": "Point", "coordinates": [-6.3589361, 32.3331605]}, "properties": {"timestamp": "2021-01-24 02:00:23", "individual": "Albert + A6V24 (eobs 3813)"}}, {"type": "Feature", "geometry": {"type": "Point", "coordinates": [-6.3587309, 32.3322519]}, "properties": {"timestamp": "2021-01-25 02:00:23", "individual": "Albert + A6V24 (eobs 3813)"}}, {"type": "Feature", "geometry": {"type": "Point", "coordinates": [-6.3558708, 32.3318404]}, "properties": {"timestamp": "2021-01-26 02:00:23", "individual": "Albert + A6V24 (eobs 3813)"}}, {"type": "Feature", "geometry": {"type": "Point", "coordinates": [-6.3558489, 32.3318368]}, "properties": {"timestamp": "2021-01-27 02:00:23", "individual": "Albert + A6V24 (eobs 3813)"}}, {"type": "Feature", "geometry": {"type": "Point", "coordinates": [-6.3558183, 32.3318167]}, "properties": {"timestamp": "2021-01-28 02:00:23", "individual": "Albert + A6V24 (eobs 3813)"}}, {"type": "Feature", "geometry": {"type": "Point", "coordinates": [-6.3590122, 32.3331726]}, "properties": {"timestamp": "2021-01-29 02:00:23", "individual": "Albert + A6V24 (eobs 3813)"}}, {"type": "Feature", "geometry": {"type": "Point", "coordinates": [-6.3091975, 32.3527472]}, "properties": {"timestamp": "2021-01-30 02:00:23", "individual": "Albert + A6V24 (eobs 3813)"}}, {"type": "Feature", "geometry": {"type": "Point", "coordinates": [-6.3589533, 32.3331693]}, "properties": {"timestamp": "2021-01-31 02:00:23", "individual": "Albert + A6V24 (eobs 3813)"}}, {"type": "Feature", "geometry": {"type": "Point", "coordinates": [-6.3589872, 32.3331688]}, "properties": {"timestamp": "2021-02-01 02:00:23", "individual": "Albert + A6V24 (eobs 3813)"}}, {"type": "Feature", "geometry": {"type": "Point", "coordinates": [-6.358995, 32.3331818]}, "properties": {"timestamp": "2021-02-02 02:00:23", "individual": "Albert + A6V24 (eobs 3813)"}}, {"type": "Feature", "geometry": {"type": "Point", "coordinates": [-6.3589826, 32.3331881]}, "properties": {"timestamp": "2021-02-03 02:00:23", "individual": "Albert + A6V24 (eobs 3813)"}}, {"type": "Feature", "geometry": {"type": "Point", "coordinates": [-6.3148265, 32.3600468]}, "properties": {"timestamp": "2021-02-04 02:00:23", "individual": "Albert + A6V24 (eobs 3813)"}}, {"type": "Feature", "geometry": {"type": "Point", "coordinates": [-6.3590225, 32.3331386]}, "properties": {"timestamp": "2021-02-05 02:00:23", "individual": "Albert + A6V24 (eobs 3813)"}}, {"type": "Feature", "geometry": {"type": "Point", "coordinates": [-6.358978, 32.3331844]}, "properties": {"timestamp": "2021-02-06 02:00:23", "individual": "Albert + A6V24 (eobs 3813)"}}, {"type": "Feature", "geometry": {"type": "Point", "coordinates": [-6.3589437, 32.3331271]}, "properties": {"timestamp": "2021-02-07 02:00:23", "individual": "Albert + A6V24 (eobs 3813)"}}, {"type": "Feature", "geometry": {"type": "Point", "coordinates": [-6.358969, 32.3331568]}, "properties": {"timestamp": "2021-02-08 02:00:23", "individual": "Albert + A6V24 (eobs 3813)"}}, {"type": "Feature", "geometry": {"type": "Point", "coordinates": [-6.358931, 32.3331713]}, "properties": {"timestamp": "2021-02-09 02:00:23", "individual": "Albert + A6V24 (eobs 3813)"}}, {"type": "Feature", "geometry": {"type": "Point", "coordinates": [-6.3589969, 32.3331861]}, "properties": {"timestamp": "2021-02-10 02:00:23", "individual": "Albert + A6V24 (eobs 3813)"}}, {"type": "Feature", "geometry": {"type": "Point", "coordinates": [-6.3589836, 32.3331714]}, "properties": {"timestamp": "2021-02-11 02:00:23", "individual": "Albert + A6V24 (eobs 3813)"}}, {"type": "Feature", "geometry": {"type": "Point", "coordinates": [-6.3590243, 32.3331254]}, "properties": {"timestamp": "2021-02-12 02:00:23", "individual": "Albert + A6V24 (eobs 3813)"}}, {"type": "Feature", "geometry": {"type": "Point", "coordinates": [-6.3589827, 32.3331676]}, "properties": {"timestamp": "2021-02-13 02:00:23", "individual": "Albert + A6V24 (eobs 3813)"}}, {"type": "Feature", "geometry": {"type": "Point", "coordinates": [-6.3589667, 32.3331722]}, "properties": {"timestamp": "2021-02-14 02:00:23", "individual": "Albert + A6V24 (eobs 3813)"}}, {"type": "Feature", "geometry": {"type": "Point", "coordinates": [-6.3589959, 32.3331922]}, "properties": {"timestamp": "2021-02-15 02:00:23", "individual": "Albert + A6V24 (eobs 3813)"}}, {"type": "Feature", "geometry": {"type": "Point", "coordinates": [-6.3590056, 32.333186]}, "properties": {"timestamp": "2021-02-16 02:00:23", "individual": "Albert + A6V24 (eobs 3813)"}}, {"type": "Feature", "geometry": {"type": "Point", "coordinates": [-6.358987, 32.3331742]}, "properties": {"timestamp": "2021-02-17 02:00:23", "individual": "Albert + A6V24 (eobs 3813)"}}, {"type": "Feature", "geometry": {"type": "Point", "coordinates": [-6.3589133, 32.3331473]}, "properties": {"timestamp": "2021-02-18 02:00:23", "individual": "Albert + A6V24 (eobs 3813)"}}, {"type": "Feature", "geometry": {"type": "Point", "coordinates": [-6.3589521, 32.3331809]}, "properties": {"timestamp": "2021-02-19 02:00:23", "individual": "Albert + A6V24 (eobs 3813)"}}, {"type": "Feature", "geometry": {"type": "Point", "coordinates": [-6.3589715, 32.33317]}, "properties": {"timestamp": "2021-02-20 02:00:23", "individual": "Albert + A6V24 (eobs 3813)"}}, {"type": "Feature", "geometry": {"type": "Point", "coordinates": [-6.3585645, 32.332188]}, "properties": {"timestamp": "2021-02-21 02:00:23", "individual": "Albert + A6V24 (eobs 3813)"}}, {"type": "Feature", "geometry": {"type": "Point", "coordinates": [-6.3588882, 32.3331481]}, "properties": {"timestamp": "2021-02-22 02:00:23", "individual": "Albert + A6V24 (eobs 3813)"}}, {"type": "Feature", "geometry": {"type": "Point", "coordinates": [-6.3589992, 32.3331899]}, "properties": {"timestamp": "2021-02-23 02:00:23", "individual": "Albert + A6V24 (eobs 3813)"}}, {"type": "Feature", "geometry": {"type": "Point", "coordinates": [-6.3589536, 32.3331398]}, "properties": {"timestamp": "2021-02-24 02:00:23", "individual": "Albert + A6V24 (eobs 3813)"}}, {"type": "Feature", "geometry": {"type": "Point", "coordinates": [-6.3589962, 32.3331821]}, "properties": {"timestamp": "2021-02-25 02:00:23", "individual": "Albert + A6V24 (eobs 3813)"}}, {"type": "Feature", "geometry": {"type": "Point", "coordinates": [-6.358942, 32.3331725]}, "properties": {"timestamp": "2021-02-26 02:00:23", "individual": "Albert + A6V24 (eobs 3813)"}}, {"type": "Feature", "geometry": {"type": "Point", "coordinates": [-6.3589243, 32.3331536]}, "properties": {"timestamp": "2021-02-27 02:00:23", "individual": "Albert + A6V24 (eobs 3813)"}}, {"type": "Feature", "geometry": {"type": "Point", "coordinates": [-6.3586158, 32.3323103]}, "properties": {"timestamp": "2021-02-28 02:00:23", "individual": "Albert + A6V24 (eobs 3813)"}}, {"type": "Feature", "geometry": {"type": "Point", "coordinates": [-6.3589339, 32.3331641]}, "properties": {"timestamp": "2021-03-01 02:00:23", "individual": "Albert + A6V24 (eobs 3813)"}}, {"type": "Feature", "geometry": {"type": "Point", "coordinates": [-6.3589733, 32.3331969]}, "properties": {"timestamp": "2021-03-02 02:00:23", "individual": "Albert + A6V24 (eobs 3813)"}}, {"type": "Feature", "geometry": {"type": "Point", "coordinates": [-6.3589764, 32.33316]}, "properties": {"timestamp": "2021-03-03 02:00:23", "individual": "Albert + A6V24 (eobs 3813)"}}, {"type": "Feature", "geometry": {"type": "Point", "coordinates": [-6.3589666, 32.3331838]}, "properties": {"timestamp": "2021-03-04 02:00:23", "individual": "Albert + A6V24 (eobs 3813)"}}, {"type": "Feature", "geometry": {"type": "Point", "coordinates": [-6.3589781, 32.333176]}, "properties": {"timestamp": "2021-03-05 02:00:23", "individual": "Albert + A6V24 (eobs 3813)"}}, {"type": "Feature", "geometry": {"type": "Point", "coordinates": [-6.3590028, 32.3331836]}, "properties": {"timestamp": "2021-03-06 02:00:23", "individual": "Albert + A6V24 (eobs 3813)"}}, {"type": "Feature", "geometry": {"type": "Point", "coordinates": [-6.3589682, 32.3331684]}, "properties": {"timestamp": "2021-03-07 02:00:23", "individual": "Albert + A6V24 (eobs 3813)"}}, {"type": "Feature", "geometry": {"type": "Point", "coordinates": [-6.3589358, 32.3331597]}, "properties": {"timestamp": "2021-03-08 02:00:23", "individual": "Albert + A6V24 (eobs 3813)"}}, {"type": "Feature", "geometry": {"type": "Point", "coordinates": [-6.3589824, 32.3331838]}, "properties": {"timestamp": "2021-03-09 02:00:23", "individual": "Albert + A6V24 (eobs 3813)"}}, {"type": "Feature", "geometry": {"type": "Point", "coordinates": [-6.3589559, 32.3331935]}, "properties": {"timestamp": "2021-03-10 02:00:23", "individual": "Albert + A6V24 (eobs 3813)"}}, {"type": "Feature", "geometry": {"type": "Point", "coordinates": [-6.3589936, 32.3331678]}, "properties": {"timestamp": "2021-03-11 02:00:23", "individual": "Albert + A6V24 (eobs 3813)"}}, {"type": "Feature", "geometry": {"type": "Point", "coordinates": [-6.3589776, 32.333148]}, "properties": {"timestamp": "2021-03-12 02:00:23", "individual": "Albert + A6V24 (eobs 3813)"}}, {"type": "Feature", "geometry": {"type": "Point", "coordinates": [-6.3589599, 32.3331538]}, "properties": {"timestamp": "2021-03-13 02:00:23", "individual": "Albert + A6V24 (eobs 3813)"}}, {"type": "Feature", "geometry": {"type": "Point", "coordinates": [-6.3589812, 32.333216]}, "properties": {"timestamp": "2021-03-14 02:00:23", "individual": "Albert + A6V24 (eobs 3813)"}}, {"type": "Feature", "geometry": {"type": "Point", "coordinates": [-6.3589249, 32.3331723]}, "properties": {"timestamp": "2021-03-15 02:00:23", "individual": "Albert + A6V24 (eobs 3813)"}}, {"type": "Feature", "geometry": {"type": "Point", "coordinates": [-6.3586133, 32.3322269]}, "properties": {"timestamp": "2021-03-16 02:00:23", "individual": "Albert + A6V24 (eobs 3813)"}}, {"type": "Feature", "geometry": {"type": "Point", "coordinates": [-6.3589863, 32.3331681]}, "properties": {"timestamp": "2021-03-17 02:00:23", "individual": "Albert + A6V24 (eobs 3813)"}}, {"type": "Feature", "geometry": {"type": "Point", "coordinates": [-6.2276467, 32.590748]}, "properties": {"timestamp": "2021-03-18 02:00:23", "individual": "Albert + A6V24 (eobs 3813)"}}, {"type": "Feature", "geometry": {"type": "Point", "coordinates": [-6.2489819, 32.5797338]}, "properties": {"timestamp": "2021-03-19 02:00:23", "individual": "Albert + A6V24 (eobs 3813)"}}, {"type": "Feature", "geometry": {"type": "Point", "coordinates": [-6.2695207, 32.5986199]}, "properties": {"timestamp": "2021-03-20 02:00:23", "individual": "Albert + A6V24 (eobs 3813)"}}, {"type": "Feature", "geometry": {"type": "Point", "coordinates": [-6.2489891, 32.579744]}, "properties": {"timestamp": "2021-03-21 02:00:23", "individual": "Albert + A6V24 (eobs 3813)"}}, {"type": "Feature", "geometry": {"type": "Point", "coordinates": [-6.3589577, 32.3331514]}, "properties": {"timestamp": "2021-03-22 02:00:23", "individual": "Albert + A6V24 (eobs 3813)"}}, {"type": "Feature", "geometry": {"type": "Point", "coordinates": [-6.3589629, 32.3331792]}, "properties": {"timestamp": "2021-03-23 02:00:23", "individual": "Albert + A6V24 (eobs 3813)"}}, {"type": "Feature", "geometry": {"type": "Point", "coordinates": [-6.3589915, 32.3331424]}, "properties": {"timestamp": "2021-03-24 02:00:23", "individual": "Albert + A6V24 (eobs 3813)"}}, {"type": "Feature", "geometry": {"type": "Point", "coordinates": [-6.3589591, 32.3331847]}, "properties": {"timestamp": "2021-03-25 02:00:23", "individual": "Albert + A6V24 (eobs 3813)"}}, {"type": "Feature", "geometry": {"type": "Point", "coordinates": [-6.3566709, 32.3339803]}, "properties": {"timestamp": "2021-03-26 02:00:23", "individual": "Albert + A6V24 (eobs 3813)"}}, {"type": "Feature", "geometry": {"type": "Point", "coordinates": [-6.3589531, 32.3331644]}, "properties": {"timestamp": "2021-03-27 02:00:23", "individual": "Albert + A6V24 (eobs 3813)"}}, {"type": "Feature", "geometry": {"type": "Point", "coordinates": [-6.3566375, 32.3339418]}, "properties": {"timestamp": "2021-03-28 02:00:23", "individual": "Albert + A6V24 (eobs 3813)"}}, {"type": "Feature", "geometry": {"type": "Point", "coordinates": [-6.3566397, 32.3339646]}, "properties": {"timestamp": "2021-03-29 02:00:23", "individual": "Albert + A6V24 (eobs 3813)"}}, {"type": "Feature", "geometry": {"type": "Point", "coordinates": [-6.3586145, 32.3323182]}, "properties": {"timestamp": "2021-03-30 02:00:23", "individual": "Albert + A6V24 (eobs 3813)"}}, {"type": "Feature", "geometry": {"type": "Point", "coordinates": [-6.356617, 32.3339436]}, "properties": {"timestamp": "2021-03-31 02:00:23", "individual": "Albert + A6V24 (eobs 3813)"}}, {"type": "Feature", "geometry": {"type": "Point", "coordinates": [-6.269565, 32.5986447]}, "properties": {"timestamp": "2021-04-01 02:00:23", "individual": "Albert + A6V24 (eobs 3813)"}}, {"type": "Feature", "geometry": {"type": "Point", "coordinates": [-6.4095906, 32.7951746]}, "properties": {"timestamp": "2021-04-02 02:00:23", "individual": "Albert + A6V24 (eobs 3813)"}}, {"type": "Feature", "geometry": {"type": "Point", "coordinates": [-6.690741, 33.5816696]}, "properties": {"timestamp": "2021-04-03 02:00:23", "individual": "Albert + A6V24 (eobs 3813)"}}, {"type": "Feature", "geometry": {"type": "Point", "coordinates": [-6.7971079, 33.8954308]}, "properties": {"timestamp": "2021-04-04 02:00:23", "individual": "Albert + A6V24 (eobs 3813)"}}, {"type": "Feature", "geometry": {"type": "Point", "coordinates": [-6.7971696, 33.8953702]}, "properties": {"timestamp": "2021-04-05 02:00:23", "individual": "Albert + A6V24 (eobs 3813)"}}, {"type": "Feature", "geometry": {"type": "Point", "coordinates": [-6.8254893, 33.9038152]}, "properties": {"timestamp": "2021-04-06 02:00:23", "individual": "Albert + A6V24 (eobs 3813)"}}, {"type": "Feature", "geometry": {"type": "Point", "coordinates": [-6.7976798, 33.8959536]}, "properties": {"timestamp": "2021-04-07 02:00:23", "individual": "Albert + A6V24 (eobs 3813)"}}, {"type": "Feature", "geometry": {"type": "Point", "coordinates": [-6.8254624, 33.9038041]}, "properties": {"timestamp": "2021-04-08 02:00:23", "individual": "Albert + A6V24 (eobs 3813)"}}, {"type": "Feature", "geometry": {"type": "Point", "coordinates": [-6.8254599, 33.9037763]}, "properties": {"timestamp": "2021-04-09 02:00:23", "individual": "Albert + A6V24 (eobs 3813)"}}, {"type": "Feature", "geometry": {"type": "Point", "coordinates": [-6.8254562, 33.9037558]}, "properties": {"timestamp": "2021-04-10 02:00:23", "individual": "Albert + A6V24 (eobs 3813)"}}, {"type": "Feature", "geometry": {"type": "Point", "coordinates": [-5.7603988, 35.734938]}, "properties": {"timestamp": "2021-04-11 02:00:23", "individual": "Albert + A6V24 (eobs 3813)"}}, {"type": "Feature", "geometry": {"type": "Point", "coordinates": [-4.3619417, 38.5903228]}, "properties": {"timestamp": "2021-04-12 02:00:23", "individual": "Albert + A6V24 (eobs 3813)"}}, {"type": "Feature", "geometry": {"type": "Point", "coordinates": [-3.6708413, 38.818061]}, "properties": {"timestamp": "2021-04-13 02:00:23", "individual": "Albert + A6V24 (eobs 3813)"}}, {"type": "Feature", "geometry": {"type": "Point", "coordinates": [-2.9819426, 40.2461325]}, "properties": {"timestamp": "2021-04-14 09:15:23", "individual": "Albert + A6V24 (eobs 3813)"}}, {"type": "Feature", "geometry": {"type": "Point", "coordinates": [-2.3175847, 41.6342477]}, "properties": {"timestamp": "2021-04-15 02:00:23", "individual": "Albert + A6V24 (eobs 3813)"}}, {"type": "Feature", "geometry": {"type": "Point", "coordinates": [-0.3981364, 42.0494195]}, "properties": {"timestamp": "2021-04-16 08:00:23", "individual": "Albert + A6V24 (eobs 3813)"}}, {"type": "Feature", "geometry": {"type": "Point", "coordinates": [0.219698, 42.0527697]}, "properties": {"timestamp": "2021-04-17 02:00:23", "individual": "Albert + A6V24 (eobs 3813)"}}, {"type": "Feature", "geometry": {"type": "Point", "coordinates": [1.940154, 42.4324615]}, "properties": {"timestamp": "2021-04-18 02:00:23", "individual": "Albert + A6V24 (eobs 3813)"}}, {"type": "Feature", "geometry": {"type": "Point", "coordinates": [3.1550941, 43.2680921]}, "properties": {"timestamp": "2021-04-19 02:00:23", "individual": "Albert + A6V24 (eobs 3813)"}}, {"type": "Feature", "geometry": {"type": "Point", "coordinates": [4.6901083, 44.3873418]}, "properties": {"timestamp": "2021-04-20 08:30:23", "individual": "Albert + A6V24 (eobs 3813)"}}, {"type": "Feature", "geometry": {"type": "Point", "coordinates": [4.93415, 45.9937825]}, "properties": {"timestamp": "2021-04-21 03:15:23", "individual": "Albert + A6V24 (eobs 3813)"}}, {"type": "Feature", "geometry": {"type": "Point", "coordinates": [5.6098061, 48.2521041]}, "properties": {"timestamp": "2021-04-22 02:00:23", "individual": "Albert + A6V24 (eobs 3813)"}}, {"type": "Feature", "geometry": {"type": "Point", "coordinates": [5.4426937, 48.9622395]}, "properties": {"timestamp": "2021-04-23 02:00:23", "individual": "Albert + A6V24 (eobs 3813)"}}, {"type": "Feature", "geometry": {"type": "Point", "coordinates": [5.1380868, 46.962381]}, "properties": {"timestamp": "2021-04-24 02:00:23", "individual": "Albert + A6V24 (eobs 3813)"}}, {"type": "Feature", "geometry": {"type": "Point", "coordinates": [5.138086, 46.9623751]}, "properties": {"timestamp": "2021-04-25 02:00:23", "individual": "Albert + A6V24 (eobs 3813)"}}, {"type": "Feature", "geometry": {"type": "Point", "coordinates": [5.054512, 46.9193691]}, "properties": {"timestamp": "2021-04-26 02:00:23", "individual": "Albert + A6V24 (eobs 3813)"}}, {"type": "Feature", "geometry": {"type": "Point", "coordinates": [5.0543824, 46.9160056]}, "properties": {"timestamp": "2021-04-27 02:00:23", "individual": "Albert + A6V24 (eobs 3813)"}}, {"type": "Feature", "geometry": {"type": "Point", "coordinates": [5.054871, 46.9162589]}, "properties": {"timestamp": "2021-04-28 02:00:23", "individual": "Albert + A6V24 (eobs 3813)"}}, {"type": "Feature", "geometry": {"type": "Point", "coordinates": [5.0546052, 46.9155101]}, "properties": {"timestamp": "2021-04-29 02:00:23", "individual": "Albert + A6V24 (eobs 3813)"}}, {"type": "Feature", "geometry": {"type": "Point", "coordinates": [5.012681, 46.9215442]}, "properties": {"timestamp": "2021-04-30 02:00:23", "individual": "Albert + A6V24 (eobs 3813)"}}, {"type": "Feature", "geometry": {"type": "Point", "coordinates": [5.0544548, 46.9159713]}, "properties": {"timestamp": "2021-05-01 02:00:23", "individual": "Albert + A6V24 (eobs 3813)"}}, {"type": "Feature", "geometry": {"type": "Point", "coordinates": [5.0125612, 46.9212728]}, "properties": {"timestamp": "2021-05-02 02:00:23", "individual": "Albert + A6V24 (eobs 3813)"}}, {"type": "Feature", "geometry": {"type": "Point", "coordinates": [5.0546571, 46.9160501]}, "properties": {"timestamp": "2021-05-03 02:00:23", "individual": "Albert + A6V24 (eobs 3813)"}}, {"type": "Feature", "geometry": {"type": "Point", "coordinates": [5.0545859, 46.9159281]}, "properties": {"timestamp": "2021-05-04 02:00:23", "individual": "Albert + A6V24 (eobs 3813)"}}, {"type": "Feature", "geometry": {"type": "Point", "coordinates": [5.0546381, 46.9155659]}, "properties": {"timestamp": "2021-05-05 02:00:23", "individual": "Albert + A6V24 (eobs 3813)"}}, {"type": "Feature", "geometry": {"type": "Point", "coordinates": [5.0498249, 46.9200268]}, "properties": {"timestamp": "2021-05-06 02:00:23", "individual": "Albert + A6V24 (eobs 3813)"}}, {"type": "Feature", "geometry": {"type": "Point", "coordinates": [5.0548678, 46.9162713]}, "properties": {"timestamp": "2021-05-07 02:00:23", "individual": "Albert + A6V24 (eobs 3813)"}}, {"type": "Feature", "geometry": {"type": "Point", "coordinates": [5.054661, 46.9155657]}, "properties": {"timestamp": "2021-05-08 02:00:23", "individual": "Albert + A6V24 (eobs 3813)"}}, {"type": "Feature", "geometry": {"type": "Point", "coordinates": [5.0544671, 46.9160199]}, "properties": {"timestamp": "2021-05-09 02:00:23", "individual": "Albert + A6V24 (eobs 3813)"}}, {"type": "Feature", "geometry": {"type": "Point", "coordinates": [5.0974508, 46.9022241]}, "properties": {"timestamp": "2021-05-10 02:00:23", "individual": "Albert + A6V24 (eobs 3813)"}}, {"type": "Feature", "geometry": {"type": "Point", "coordinates": [5.0514612, 46.8638848]}, "properties": {"timestamp": "2021-05-11 02:00:23", "individual": "Albert + A6V24 (eobs 3813)"}}, {"type": "Feature", "geometry": {"type": "Point", "coordinates": [5.043881, 46.8583159]}, "properties": {"timestamp": "2021-05-12 02:00:23", "individual": "Albert + A6V24 (eobs 3813)"}}, {"type": "Feature", "geometry": {"type": "Point", "coordinates": [5.0439157, 46.858581]}, "properties": {"timestamp": "2021-05-13 02:00:23", "individual": "Albert + A6V24 (eobs 3813)"}}, {"type": "Feature", "geometry": {"type": "Point", "coordinates": [5.0439217, 46.8585558]}, "properties": {"timestamp": "2021-05-14 02:00:23", "individual": "Albert + A6V24 (eobs 3813)"}}, {"type": "Feature", "geometry": {"type": "Point", "coordinates": [5.0439104, 46.8585738]}, "properties": {"timestamp": "2021-05-15 02:00:23", "individual": "Albert + A6V24 (eobs 3813)"}}, {"type": "Feature", "geometry": {"type": "Point", "coordinates": [5.0439095, 46.8585665]}, "properties": {"timestamp": "2021-05-16 02:00:23", "individual": "Albert + A6V24 (eobs 3813)"}}, {"type": "Feature", "geometry": {"type": "Point", "coordinates": [5.0438938, 46.8585762]}, "properties": {"timestamp": "2021-05-17 02:00:23", "individual": "Albert + A6V24 (eobs 3813)"}}, {"type": "Feature", "geometry": {"type": "Point", "coordinates": [5.0439524, 46.8585883]}, "properties": {"timestamp": "2021-05-18 02:00:23", "individual": "Albert + A6V24 (eobs 3813)"}}, {"type": "Feature", "geometry": {"type": "Point", "coordinates": [5.0438919, 46.8585267]}, "properties": {"timestamp": "2021-05-19 02:00:23", "individual": "Albert + A6V24 (eobs 3813)"}}, {"type": "Feature", "geometry": {"type": "Point", "coordinates": [5.0439104, 46.8585036]}, "properties": {"timestamp": "2021-05-20 02:00:23", "individual": "Albert + A6V24 (eobs 3813)"}}, {"type": "Feature", "geometry": {"type": "Point", "coordinates": [5.0130986, 46.9209196]}, "properties": {"timestamp": "2021-05-21 02:00:23", "individual": "Albert + A6V24 (eobs 3813)"}}, {"type": "Feature", "geometry": {"type": "Point", "coordinates": [5.0125374, 46.9213588]}, "properties": {"timestamp": "2021-05-22 02:00:23", "individual": "Albert + A6V24 (eobs 3813)"}}, {"type": "Feature", "geometry": {"type": "Point", "coordinates": [5.0129831, 46.9209656]}, "properties": {"timestamp": "2021-05-23 02:00:23", "individual": "Albert + A6V24 (eobs 3813)"}}, {"type": "Feature", "geometry": {"type": "Point", "coordinates": [5.012552, 46.9212852]}, "properties": {"timestamp": "2021-05-24 02:00:23", "individual": "Albert + A6V24 (eobs 3813)"}}, {"type": "Feature", "geometry": {"type": "Point", "coordinates": [5.0015641, 46.9414294]}, "properties": {"timestamp": "2021-05-25 02:00:23", "individual": "Albert + A6V24 (eobs 3813)"}}, {"type": "Feature", "geometry": {"type": "Point", "coordinates": [5.0438885, 46.8585763]}, "properties": {"timestamp": "2021-05-26 02:00:23", "individual": "Albert + A6V24 (eobs 3813)"}}, {"type": "Feature", "geometry": {"type": "Point", "coordinates": [5.0124543, 46.9213713]}, "properties": {"timestamp": "2021-05-27 02:00:23", "individual": "Albert + A6V24 (eobs 3813)"}}, {"type": "Feature", "geometry": {"type": "Point", "coordinates": [5.0439, 46.8585376]}, "properties": {"timestamp": "2021-05-28 02:00:23", "individual": "Albert + A6V24 (eobs 3813)"}}, {"type": "Feature", "geometry": {"type": "Point", "coordinates": [5.0439298, 46.8585403]}, "properties": {"timestamp": "2021-05-29 02:00:23", "individual": "Albert + A6V24 (eobs 3813)"}}, {"type": "Feature", "geometry": {"type": "Point", "coordinates": [5.043919, 46.8585598]}, "properties": {"timestamp": "2021-05-30 02:00:23", "individual": "Albert + A6V24 (eobs 3813)"}}, {"type": "Feature", "geometry": {"type": "Point", "coordinates": [5.0439016, 46.8585396]}, "properties": {"timestamp": "2021-05-31 02:00:23", "individual": "Albert + A6V24 (eobs 3813)"}}, {"type": "Feature", "geometry": {"type": "Point", "coordinates": [5.0439221, 46.8585737]}, "properties": {"timestamp": "2021-06-01 02:00:23", "individual": "Albert + A6V24 (eobs 3813)"}}, {"type": "Feature", "geometry": {"type": "Point", "coordinates": [5.043889, 46.8585946]}, "properties": {"timestamp": "2021-06-02 02:00:23", "individual": "Albert + A6V24 (eobs 3813)"}}, {"type": "Feature", "geometry": {"type": "Point", "coordinates": [5.0439125, 46.8585955]}, "properties": {"timestamp": "2021-06-03 02:00:23", "individual": "Albert + A6V24 (eobs 3813)"}}, {"type": "Feature", "geometry": {"type": "Point", "coordinates": [6.4552798, 48.5376569]}, "properties": {"timestamp": "2021-06-04 02:00:23", "individual": "Albert + A6V24 (eobs 3813)"}}, {"type": "Feature", "geometry": {"type": "Point", "coordinates": [6.7514954, 48.8001823]}, "properties": {"timestamp": "2021-06-05 02:00:23", "individual": "Albert + A6V24 (eobs 3813)"}}, {"type": "Feature", "geometry": {"type": "Point", "coordinates": [6.7514838, 48.8001663]}, "properties": {"timestamp": "2021-06-06 02:00:23", "individual": "Albert + A6V24 (eobs 3813)"}}, {"type": "Feature", "geometry": {"type": "Point", "coordinates": [6.7515006, 48.8001744]}, "properties": {"timestamp": "2021-06-07 02:00:23", "individual": "Albert + A6V24 (eobs 3813)"}}, {"type": "Feature", "geometry": {"type": "Point", "coordinates": [6.7789385, 48.8250669]}, "properties": {"timestamp": "2021-06-08 02:00:23", "individual": "Albert + A6V24 (eobs 3813)"}}, {"type": "Feature", "geometry": {"type": "Point", "coordinates": [6.7360229, 48.7133367]}, "properties": {"timestamp": "2021-06-09 02:00:23", "individual": "Albert + A6V24 (eobs 3813)"}}, {"type": "Feature", "geometry": {"type": "Point", "coordinates": [6.21149, 47.8059485]}, "properties": {"timestamp": "2021-06-10 02:00:23", "individual": "Albert + A6V24 (eobs 3813)"}}, {"type": "Feature", "geometry": {"type": "Point", "coordinates": [6.2368208, 47.8131945]}, "properties": {"timestamp": "2021-06-11 02:00:23", "individual": "Albert + A6V24 (eobs 3813)"}}, {"type": "Feature", "geometry": {"type": "Point", "coordinates": [6.2364394, 47.8132192]}, "properties": {"timestamp": "2021-06-12 02:00:23", "individual": "Albert + A6V24 (eobs 3813)"}}, {"type": "Feature", "geometry": {"type": "Point", "coordinates": [6.2368532, 47.813225]}, "properties": {"timestamp": "2021-06-13 02:00:23", "individual": "Albert + A6V24 (eobs 3813)"}}, {"type": "Feature", "geometry": {"type": "Point", "coordinates": [6.1144432, 47.7771037]}, "properties": {"timestamp": "2021-06-14 02:00:23", "individual": "Albert + A6V24 (eobs 3813)"}}, {"type": "Feature", "geometry": {"type": "Point", "coordinates": [6.4334825, 47.5853915]}, "properties": {"timestamp": "2021-06-15 02:00:23", "individual": "Albert + A6V24 (eobs 3813)"}}, {"type": "Feature", "geometry": {"type": "Point", "coordinates": [7.2868518, 47.8540497]}, "properties": {"timestamp": "2021-06-16 02:00:23", "individual": "Albert + A6V24 (eobs 3813)"}}, {"type": "Feature", "geometry": {"type": "Point", "coordinates": [7.3753086, 47.9929357]}, "properties": {"timestamp": "2021-06-17 02:00:23", "individual": "Albert + A6V24 (eobs 3813)"}}, {"type": "Feature", "geometry": {"type": "Point", "coordinates": [7.2055216, 47.9734869]}, "properties": {"timestamp": "2021-06-18 02:00:23", "individual": "Albert + A6V24 (eobs 3813)"}}, {"type": "Feature", "geometry": {"type": "Point", "coordinates": [7.0551481, 47.757335]}, "properties": {"timestamp": "2021-06-19 02:00:23", "individual": "Albert + A6V24 (eobs 3813)"}}, {"type": "Feature", "geometry": {"type": "Point", "coordinates": [7.0807802, 47.7209389]}, "properties": {"timestamp": "2021-06-20 02:00:23", "individual": "Albert + A6V24 (eobs 3813)"}}, {"type": "Feature", "geometry": {"type": "Point", "coordinates": [6.4386413, 47.5973447]}, "properties": {"timestamp": "2021-06-21 02:00:23", "individual": "Albert + A6V24 (eobs 3813)"}}, {"type": "Feature", "geometry": {"type": "Point", "coordinates": [6.4424877, 47.5915479]}, "properties": {"timestamp": "2021-06-22 02:00:23", "individual": "Albert + A6V24 (eobs 3813)"}}, {"type": "Feature", "geometry": {"type": "Point", "coordinates": [6.4424184, 47.5915859]}, "properties": {"timestamp": "2021-06-23 02:00:23", "individual": "Albert + A6V24 (eobs 3813)"}}, {"type": "Feature", "geometry": {"type": "Point", "coordinates": [6.4386319, 47.5973484]}, "properties": {"timestamp": "2021-06-24 02:00:23", "individual": "Albert + A6V24 (eobs 3813)"}}, {"type": "Feature", "geometry": {"type": "Point", "coordinates": [6.4425361, 47.5915247]}, "properties": {"timestamp": "2021-06-25 02:00:23", "individual": "Albert + A6V24 (eobs 3813)"}}, {"type": "Feature", "geometry": {"type": "Point", "coordinates": [6.4425149, 47.5915602]}, "properties": {"timestamp": "2021-06-26 02:00:23", "individual": "Albert + A6V24 (eobs 3813)"}}, {"type": "Feature", "geometry": {"type": "Point", "coordinates": [7.0010566, 47.6040882]}, "properties": {"timestamp": "2021-06-27 02:00:23", "individual": "Albert + A6V24 (eobs 3813)"}}, {"type": "Feature", "geometry": {"type": "Point", "coordinates": [7.00704, 47.5979721]}, "properties": {"timestamp": "2021-06-28 02:00:23", "individual": "Albert + A6V24 (eobs 3813)"}}, {"type": "Feature", "geometry": {"type": "Point", "coordinates": [7.0070452, 47.5979833]}, "properties": {"timestamp": "2021-06-29 02:00:23", "individual": "Albert + A6V24 (eobs 3813)"}}, {"type": "Feature", "geometry": {"type": "Point", "coordinates": [7.0088392, 47.6069411]}, "properties": {"timestamp": "2021-06-30 02:00:23", "individual": "Albert + A6V24 (eobs 3813)"}}, {"type": "Feature", "geometry": {"type": "Point", "coordinates": [7.0086964, 47.6069714]}, "properties": {"timestamp": "2021-07-01 02:00:23", "individual": "Albert + A6V24 (eobs 3813)"}}, {"type": "Feature", "geometry": {"type": "Point", "coordinates": [7.0087403, 47.6069625]}, "properties": {"timestamp": "2021-07-02 02:00:23", "individual": "Albert + A6V24 (eobs 3813)"}}, {"type": "Feature", "geometry": {"type": "Point", "coordinates": [7.2289908, 47.6757715]}, "properties": {"timestamp": "2021-07-03 02:00:23", "individual": "Albert + A6V24 (eobs 3813)"}}, {"type": "Feature", "geometry": {"type": "Point", "coordinates": [7.2289672, 47.6757913]}, "properties": {"timestamp": "2021-07-04 02:00:23", "individual": "Albert + A6V24 (eobs 3813)"}}, {"type": "Feature", "geometry": {"type": "Point", "coordinates": [7.2290331, 47.675766]}, "properties": {"timestamp": "2021-07-05 02:00:23", "individual": "Albert + A6V24 (eobs 3813)"}}, {"type": "Feature", "geometry": {"type": "Point", "coordinates": [7.2290202, 47.6758009]}, "properties": {"timestamp": "2021-07-06 02:00:23", "individual": "Albert + A6V24 (eobs 3813)"}}, {"type": "Feature", "geometry": {"type": "Point", "coordinates": [7.2289727, 47.6758118]}, "properties": {"timestamp": "2021-07-07 02:00:23", "individual": "Albert + A6V24 (eobs 3813)"}}, {"type": "Feature", "geometry": {"type": "Point", "coordinates": [7.0087389, 47.6069659]}, "properties": {"timestamp": "2021-07-08 02:00:23", "individual": "Albert + A6V24 (eobs 3813)"}}, {"type": "Feature", "geometry": {"type": "Point", "coordinates": [7.0087554, 47.6069833]}, "properties": {"timestamp": "2021-07-09 02:00:23", "individual": "Albert + A6V24 (eobs 3813)"}}, {"type": "Feature", "geometry": {"type": "Point", "coordinates": [7.0086997, 47.6069574]}, "properties": {"timestamp": "2021-07-10 02:00:23", "individual": "Albert + A6V24 (eobs 3813)"}}, {"type": "Feature", "geometry": {"type": "Point", "coordinates": [6.4427069, 47.5907776]}, "properties": {"timestamp": "2021-07-11 02:00:23", "individual": "Albert + A6V24 (eobs 3813)"}}, {"type": "Feature", "geometry": {"type": "Point", "coordinates": [6.4427198, 47.5907883]}, "properties": {"timestamp": "2021-07-12 02:00:23", "individual": "Albert + A6V24 (eobs 3813)"}}, {"type": "Feature", "geometry": {"type": "Point", "coordinates": [6.442683, 47.5907854]}, "properties": {"timestamp": "2021-07-13 02:05:06", "individual": "Albert + A6V24 (eobs 3813)"}}, {"type": "Feature", "geometry": {"type": "Point", "coordinates": [6.4426943, 47.5907759]}, "properties": {"timestamp": "2021-07-14 02:00:23", "individual": "Albert + A6V24 (eobs 3813)"}}, {"type": "Feature", "geometry": {"type": "Point", "coordinates": [6.4427324, 47.590804]}, "properties": {"timestamp": "2021-07-15 02:00:23", "individual": "Albert + A6V24 (eobs 3813)"}}, {"type": "Feature", "geometry": {"type": "Point", "coordinates": [6.4445089, 47.5908139]}, "properties": {"timestamp": "2021-07-16 02:00:23", "individual": "Albert + A6V24 (eobs 3813)"}}, {"type": "Feature", "geometry": {"type": "Point", "coordinates": [6.4440667, 47.5904688]}, "properties": {"timestamp": "2021-07-17 02:00:23", "individual": "Albert + A6V24 (eobs 3813)"}}, {"type": "Feature", "geometry": {"type": "Point", "coordinates": [6.4444377, 47.5908158]}, "properties": {"timestamp": "2021-07-18 02:00:23", "individual": "Albert + A6V24 (eobs 3813)"}}, {"type": "Feature", "geometry": {"type": "Point", "coordinates": [6.442996, 47.5925404]}, "properties": {"timestamp": "2021-07-19 02:00:23", "individual": "Albert + A6V24 (eobs 3813)"}}, {"type": "Feature", "geometry": {"type": "Point", "coordinates": [6.4460585, 47.5911905]}, "properties": {"timestamp": "2021-07-20 02:00:23", "individual": "Albert + A6V24 (eobs 3813)"}}, {"type": "Feature", "geometry": {"type": "Point", "coordinates": [7.0145765, 47.7118803]}, "properties": {"timestamp": "2021-07-21 02:00:23", "individual": "Albert + A6V24 (eobs 3813)"}}, {"type": "Feature", "geometry": {"type": "Point", "coordinates": [7.0135874, 47.7107279]}, "properties": {"timestamp": "2021-07-22 02:00:23", "individual": "Albert + A6V24 (eobs 3813)"}}, {"type": "Feature", "geometry": {"type": "Point", "coordinates": [7.0167703, 47.7130815]}, "properties": {"timestamp": "2021-07-23 02:00:23", "individual": "Albert + A6V24 (eobs 3813)"}}, {"type": "Feature", "geometry": {"type": "Point", "coordinates": [7.0274287, 47.7277525]}, "properties": {"timestamp": "2021-07-24 02:00:47", "individual": "Albert + A6V24 (eobs 3813)"}}, {"type": "Feature", "geometry": {"type": "Point", "coordinates": [7.8122093, 48.07919]}, "properties": {"timestamp": "2019-08-07 07:55:08", "individual": "Bennet + / DER A9N76 (e-obs 7050)"}}, {"type": "Feature", "geometry": {"type": "Point", "coordinates": [7.8120485, 48.0791259]}, "properties": {"timestamp": "2019-08-08 02:00:41", "individual": "Bennet + / DER A9N76 (e-obs 7050)"}}, {"type": "Feature", "geometry": {"type": "Point", "coordinates": [7.8121809, 48.0790748]}, "properties": {"timestamp": "2019-08-09 02:00:23", "individual": "Bennet + / DER A9N76 (e-obs 7050)"}}, {"type": "Feature", "geometry": {"type": "Point", "coordinates": [7.81214, 48.0791055]}, "properties": {"timestamp": "2019-08-10 02:00:45", "individual": "Bennet + / DER A9N76 (e-obs 7050)"}}, {"type": "Feature", "geometry": {"type": "Point", "coordinates": [7.8119758, 48.0790605]}, "properties": {"timestamp": "2019-08-11 02:00:23", "individual": "Bennet + / DER A9N76 (e-obs 7050)"}}, {"type": "Feature", "geometry": {"type": "Point", "coordinates": [7.8122441, 48.0803498]}, "properties": {"timestamp": "2019-08-12 02:00:23", "individual": "Bennet + / DER A9N76 (e-obs 7050)"}}, {"type": "Feature", "geometry": {"type": "Point", "coordinates": [7.8122667, 48.0791629]}, "properties": {"timestamp": "2019-08-13 02:00:23", "individual": "Bennet + / DER A9N76 (e-obs 7050)"}}, {"type": "Feature", "geometry": {"type": "Point", "coordinates": [7.8121788, 48.0791524]}, "properties": {"timestamp": "2019-08-14 02:00:23", "individual": "Bennet + / DER A9N76 (e-obs 7050)"}}, {"type": "Feature", "geometry": {"type": "Point", "coordinates": [7.812177, 48.0791638]}, "properties": {"timestamp": "2019-08-15 02:00:23", "individual": "Bennet + / DER A9N76 (e-obs 7050)"}}, {"type": "Feature", "geometry": {"type": "Point", "coordinates": [7.8121554, 48.0791724]}, "properties": {"timestamp": "2019-08-16 02:00:23", "individual": "Bennet + / DER A9N76 (e-obs 7050)"}}, {"type": "Feature", "geometry": {"type": "Point", "coordinates": [7.8120306, 48.0792466]}, "properties": {"timestamp": "2019-08-17 02:00:23", "individual": "Bennet + / DER A9N76 (e-obs 7050)"}}, {"type": "Feature", "geometry": {"type": "Point", "coordinates": [7.8121899, 48.0793009]}, "properties": {"timestamp": "2019-08-18 02:00:23", "individual": "Bennet + / DER A9N76 (e-obs 7050)"}}, {"type": "Feature", "geometry": {"type": "Point", "coordinates": [7.7945806, 48.0718759]}, "properties": {"timestamp": "2019-08-19 02:00:23", "individual": "Bennet + / DER A9N76 (e-obs 7050)"}}, {"type": "Feature", "geometry": {"type": "Point", "coordinates": [7.7538726, 48.0958141]}, "properties": {"timestamp": "2019-08-20 02:00:23", "individual": "Bennet + / DER A9N76 (e-obs 7050)"}}, {"type": "Feature", "geometry": {"type": "Point", "coordinates": [7.7532386, 48.095216]}, "properties": {"timestamp": "2019-08-21 02:00:23", "individual": "Bennet + / DER A9N76 (e-obs 7050)"}}, {"type": "Feature", "geometry": {"type": "Point", "coordinates": [7.8145672, 48.0819959]}, "properties": {"timestamp": "2019-08-22 02:00:41", "individual": "Bennet + / DER A9N76 (e-obs 7050)"}}, {"type": "Feature", "geometry": {"type": "Point", "coordinates": [7.8121943, 48.0791654]}, "properties": {"timestamp": "2019-08-23 02:00:23", "individual": "Bennet + / DER A9N76 (e-obs 7050)"}}, {"type": "Feature", "geometry": {"type": "Point", "coordinates": [5.3916267, 46.6024751]}, "properties": {"timestamp": "2019-08-24 02:00:23", "individual": "Bennet + / DER A9N76 (e-obs 7050)"}}, {"type": "Feature", "geometry": {"type": "Point", "coordinates": [4.8075713, 45.3745209]}, "properties": {"timestamp": "2019-08-25 02:00:23", "individual": "Bennet + / DER A9N76 (e-obs 7050)"}}, {"type": "Feature", "geometry": {"type": "Point", "coordinates": [4.4894719, 43.6808389]}, "properties": {"timestamp": "2019-08-26 02:00:23", "individual": "Bennet + / DER A9N76 (e-obs 7050)"}}, {"type": "Feature", "geometry": {"type": "Point", "coordinates": [4.4612975, 43.724969]}, "properties": {"timestamp": "2019-08-27 02:00:23", "individual": "Bennet + / DER A9N76 (e-obs 7050)"}}, {"type": "Feature", "geometry": {"type": "Point", "coordinates": [4.6869197, 43.6867604]}, "properties": {"timestamp": "2019-08-28 02:00:23", "individual": "Bennet + / DER A9N76 (e-obs 7050)"}}, {"type": "Feature", "geometry": {"type": "Point", "coordinates": [4.6869368, 43.6867293]}, "properties": {"timestamp": "2019-08-29 02:00:23", "individual": "Bennet + / DER A9N76 (e-obs 7050)"}}, {"type": "Feature", "geometry": {"type": "Point", "coordinates": [4.4595672, 43.7172363]}, "properties": {"timestamp": "2019-08-30 02:00:23", "individual": "Bennet + / DER A9N76 (e-obs 7050)"}}, {"type": "Feature", "geometry": {"type": "Point", "coordinates": [2.4361294, 41.6999043]}, "properties": {"timestamp": "2019-08-31 02:00:23", "individual": "Bennet + / DER A9N76 (e-obs 7050)"}}, {"type": "Feature", "geometry": {"type": "Point", "coordinates": [0.9483742, 41.6500234]}, "properties": {"timestamp": "2019-09-01 02:00:23", "individual": "Bennet + / DER A9N76 (e-obs 7050)"}}, {"type": "Feature", "geometry": {"type": "Point", "coordinates": [0.4525581, 41.6906634]}, "properties": {"timestamp": "2019-09-02 02:00:23", "individual": "Bennet + / DER A9N76 (e-obs 7050)"}}, {"type": "Feature", "geometry": {"type": "Point", "coordinates": [0.5382885, 41.7342502]}, "properties": {"timestamp": "2019-09-03 02:00:23", "individual": "Bennet + / DER A9N76 (e-obs 7050)"}}, {"type": "Feature", "geometry": {"type": "Point", "coordinates": [0.4763825, 41.674884]}, "properties": {"timestamp": "2019-09-04 02:00:23", "individual": "Bennet + / DER A9N76 (e-obs 7050)"}}, {"type": "Feature", "geometry": {"type": "Point", "coordinates": [0.5383405, 41.7341821]}, "properties": {"timestamp": "2019-09-05 02:00:23", "individual": "Bennet + / DER A9N76 (e-obs 7050)"}}, {"type": "Feature", "geometry": {"type": "Point", "coordinates": [0.5416113, 41.7395328]}, "properties": {"timestamp": "2019-09-06 08:15:52", "individual": "Bennet + / DER A9N76 (e-obs 7050)"}}, {"type": "Feature", "geometry": {"type": "Point", "coordinates": [0.5382969, 41.7342457]}, "properties": {"timestamp": "2019-09-07 02:00:38", "individual": "Bennet + / DER A9N76 (e-obs 7050)"}}, {"type": "Feature", "geometry": {"type": "Point", "coordinates": [0.5527118, 41.7328721]}, "properties": {"timestamp": "2019-09-08 02:00:23", "individual": "Bennet + / DER A9N76 (e-obs 7050)"}}, {"type": "Feature", "geometry": {"type": "Point", "coordinates": [0.5567194, 41.7475053]}, "properties": {"timestamp": "2019-09-09 02:00:23", "individual": "Bennet + / DER A9N76 (e-obs 7050)"}}, {"type": "Feature", "geometry": {"type": "Point", "coordinates": [0.546119, 41.7369912]}, "properties": {"timestamp": "2019-09-10 02:00:23", "individual": "Bennet + / DER A9N76 (e-obs 7050)"}}, {"type": "Feature", "geometry": {"type": "Point", "coordinates": [0.5564743, 41.7345342]}, "properties": {"timestamp": "2019-09-11 02:00:23", "individual": "Bennet + / DER A9N76 (e-obs 7050)"}}, {"type": "Feature", "geometry": {"type": "Point", "coordinates": [0.5629094, 41.7561898]}, "properties": {"timestamp": "2019-09-12 02:00:23", "individual": "Bennet + / DER A9N76 (e-obs 7050)"}}, {"type": "Feature", "geometry": {"type": "Point", "coordinates": [0.5627835, 41.7557946]}, "properties": {"timestamp": "2019-09-13 02:00:23", "individual": "Bennet + / DER A9N76 (e-obs 7050)"}}, {"type": "Feature", "geometry": {"type": "Point", "coordinates": [0.5628978, 41.7559012]}, "properties": {"timestamp": "2019-09-14 02:00:23", "individual": "Bennet + / DER A9N76 (e-obs 7050)"}}, {"type": "Feature", "geometry": {"type": "Point", "coordinates": [0.5628702, 41.7559497]}, "properties": {"timestamp": "2019-09-15 02:00:23", "individual": "Bennet + / DER A9N76 (e-obs 7050)"}}, {"type": "Feature", "geometry": {"type": "Point", "coordinates": [0.5628661, 41.7556319]}, "properties": {"timestamp": "2019-09-16 02:00:23", "individual": "Bennet + / DER A9N76 (e-obs 7050)"}}, {"type": "Feature", "geometry": {"type": "Point", "coordinates": [0.5545399, 41.7336583]}, "properties": {"timestamp": "2019-09-17 02:33:56", "individual": "Bennet + / DER A9N76 (e-obs 7050)"}}, {"type": "Feature", "geometry": {"type": "Point", "coordinates": [0.556444, 41.7344953]}, "properties": {"timestamp": "2019-09-18 02:00:23", "individual": "Bennet + / DER A9N76 (e-obs 7050)"}}, {"type": "Feature", "geometry": {"type": "Point", "coordinates": [0.5628797, 41.7555664]}, "properties": {"timestamp": "2019-09-19 02:00:23", "individual": "Bennet + / DER A9N76 (e-obs 7050)"}}, {"type": "Feature", "geometry": {"type": "Point", "coordinates": [0.5478799, 41.7439175]}, "properties": {"timestamp": "2019-09-20 06:48:40", "individual": "Bennet + / DER A9N76 (e-obs 7050)"}}, {"type": "Feature", "geometry": {"type": "Point", "coordinates": [0.562829, 41.755817]}, "properties": {"timestamp": "2019-09-21 02:00:23", "individual": "Bennet + / DER A9N76 (e-obs 7050)"}}, {"type": "Feature", "geometry": {"type": "Point", "coordinates": [0.5628894, 41.7558576]}, "properties": {"timestamp": "2019-09-22 02:00:23", "individual": "Bennet + / DER A9N76 (e-obs 7050)"}}, {"type": "Feature", "geometry": {"type": "Point", "coordinates": [0.5473969, 41.7551366]}, "properties": {"timestamp": "2019-09-23 02:00:23", "individual": "Bennet + / DER A9N76 (e-obs 7050)"}}, {"type": "Feature", "geometry": {"type": "Point", "coordinates": [0.5598062, 41.7359109]}, "properties": {"timestamp": "2019-09-24 02:00:23", "individual": "Bennet + / DER A9N76 (e-obs 7050)"}}, {"type": "Feature", "geometry": {"type": "Point", "coordinates": [0.5597201, 41.7358318]}, "properties": {"timestamp": "2019-09-25 02:00:23", "individual": "Bennet + / DER A9N76 (e-obs 7050)"}}, {"type": "Feature", "geometry": {"type": "Point", "coordinates": [0.5596794, 41.7358902]}, "properties": {"timestamp": "2019-09-26 02:00:23", "individual": "Bennet + / DER A9N76 (e-obs 7050)"}}, {"type": "Feature", "geometry": {"type": "Point", "coordinates": [0.5621617, 41.7369558]}, "properties": {"timestamp": "2019-09-27 02:00:23", "individual": "Bennet + / DER A9N76 (e-obs 7050)"}}, {"type": "Feature", "geometry": {"type": "Point", "coordinates": [0.5597391, 41.7359383]}, "properties": {"timestamp": "2019-09-28 02:00:23", "individual": "Bennet + / DER A9N76 (e-obs 7050)"}}, {"type": "Feature", "geometry": {"type": "Point", "coordinates": [0.2743682, 41.7848761]}, "properties": {"timestamp": "2019-09-29 02:00:23", "individual": "Bennet + / DER A9N76 (e-obs 7050)"}}, {"type": "Feature", "geometry": {"type": "Point", "coordinates": [0.3096741, 41.782435]}, "properties": {"timestamp": "2019-09-30 02:00:23", "individual": "Bennet + / DER A9N76 (e-obs 7050)"}}, {"type": "Feature", "geometry": {"type": "Point", "coordinates": [-0.4231664, 42.169567]}, "properties": {"timestamp": "2019-10-01 02:00:23", "individual": "Bennet + / DER A9N76 (e-obs 7050)"}}, {"type": "Feature", "geometry": {"type": "Point", "coordinates": [-0.4544352, 42.1798242]}, "properties": {"timestamp": "2019-10-02 02:00:23", "individual": "Bennet + / DER A9N76 (e-obs 7050)"}}, {"type": "Feature", "geometry": {"type": "Point", "coordinates": [-0.4301817, 42.1737833]}, "properties": {"timestamp": "2019-10-03 02:00:23", "individual": "Bennet + / DER A9N76 (e-obs 7050)"}}, {"type": "Feature", "geometry": {"type": "Point", "coordinates": [-0.4416333, 42.1676309]}, "properties": {"timestamp": "2019-10-04 02:00:23", "individual": "Bennet + / DER A9N76 (e-obs 7050)"}}, {"type": "Feature", "geometry": {"type": "Point", "coordinates": [-0.8667362, 41.5611217]}, "properties": {"timestamp": "2019-10-05 02:00:23", "individual": "Bennet + / DER A9N76 (e-obs 7050)"}}, {"type": "Feature", "geometry": {"type": "Point", "coordinates": [-0.8564641, 41.56159]}, "properties": {"timestamp": "2019-10-06 02:00:23", "individual": "Bennet + / DER A9N76 (e-obs 7050)"}}, {"type": "Feature", "geometry": {"type": "Point", "coordinates": [-0.8676923, 41.5614435]}, "properties": {"timestamp": "2019-10-07 02:00:23", "individual": "Bennet + / DER A9N76 (e-obs 7050)"}}, {"type": "Feature", "geometry": {"type": "Point", "coordinates": [-0.8664553, 41.5632317]}, "properties": {"timestamp": "2019-10-08 02:00:23", "individual": "Bennet + / DER A9N76 (e-obs 7050)"}}, {"type": "Feature", "geometry": {"type": "Point", "coordinates": [-1.7823862, 41.2189199]}, "properties": {"timestamp": "2019-10-09 02:00:23", "individual": "Bennet + / DER A9N76 (e-obs 7050)"}}, {"type": "Feature", "geometry": {"type": "Point", "coordinates": [-3.5988312, 40.3335031]}, "properties": {"timestamp": "2019-10-10 02:00:23", "individual": "Bennet + / DER A9N76 (e-obs 7050)"}}, {"type": "Feature", "geometry": {"type": "Point", "coordinates": [-3.5892076, 40.3086736]}, "properties": {"timestamp": "2019-10-11 02:00:23", "individual": "Bennet + / DER A9N76 (e-obs 7050)"}}, {"type": "Feature", "geometry": {"type": "Point", "coordinates": [-3.5238573, 40.3044672]}, "properties": {"timestamp": "2019-10-12 02:00:23", "individual": "Bennet + / DER A9N76 (e-obs 7050)"}}, {"type": "Feature", "geometry": {"type": "Point", "coordinates": [-3.5989449, 40.3346128]}, "properties": {"timestamp": "2019-10-13 02:00:23", "individual": "Bennet + / DER A9N76 (e-obs 7050)"}}, {"type": "Feature", "geometry": {"type": "Point", "coordinates": [-3.6000683, 40.334439]}, "properties": {"timestamp": "2019-10-14 02:00:41", "individual": "Bennet + / DER A9N76 (e-obs 7050)"}}, {"type": "Feature", "geometry": {"type": "Point", "coordinates": [-3.5277215, 40.3069218]}, "properties": {"timestamp": "2019-10-15 02:00:23", "individual": "Bennet + / DER A9N76 (e-obs 7050)"}}, {"type": "Feature", "geometry": {"type": "Point", "coordinates": [-3.5990532, 40.3340314]}, "properties": {"timestamp": "2019-10-16 02:00:23", "individual": "Bennet + / DER A9N76 (e-obs 7050)"}}, {"type": "Feature", "geometry": {"type": "Point", "coordinates": [-3.5988086, 40.3338745]}, "properties": {"timestamp": "2019-10-17 02:00:41", "individual": "Bennet + / DER A9N76 (e-obs 7050)"}}, {"type": "Feature", "geometry": {"type": "Point", "coordinates": [-3.5990464, 40.3342147]}, "properties": {"timestamp": "2019-10-18 02:00:41", "individual": "Bennet + / DER A9N76 (e-obs 7050)"}}, {"type": "Feature", "geometry": {"type": "Point", "coordinates": [-3.5989691, 40.3337656]}, "properties": {"timestamp": "2019-10-19 02:00:23", "individual": "Bennet + / DER A9N76 (e-obs 7050)"}}, {"type": "Feature", "geometry": {"type": "Point", "coordinates": [-3.5994045, 40.3340273]}, "properties": {"timestamp": "2019-10-20 02:00:23", "individual": "Bennet + / DER A9N76 (e-obs 7050)"}}, {"type": "Feature", "geometry": {"type": "Point", "coordinates": [-3.5990655, 40.3340423]}, "properties": {"timestamp": "2019-10-21 02:00:23", "individual": "Bennet + / DER A9N76 (e-obs 7050)"}}, {"type": "Feature", "geometry": {"type": "Point", "coordinates": [-3.5992025, 40.333906]}, "properties": {"timestamp": "2019-10-22 02:00:23", "individual": "Bennet + / DER A9N76 (e-obs 7050)"}}, {"type": "Feature", "geometry": {"type": "Point", "coordinates": [-3.5997783, 40.334228]}, "properties": {"timestamp": "2019-10-23 02:00:47", "individual": "Bennet + / DER A9N76 (e-obs 7050)"}}, {"type": "Feature", "geometry": {"type": "Point", "coordinates": [-3.5206713, 40.3013983]}, "properties": {"timestamp": "2019-10-24 02:00:23", "individual": "Bennet + / DER A9N76 (e-obs 7050)"}}, {"type": "Feature", "geometry": {"type": "Point", "coordinates": [-3.5992834, 40.3340927]}, "properties": {"timestamp": "2019-10-25 02:00:23", "individual": "Bennet + / DER A9N76 (e-obs 7050)"}}, {"type": "Feature", "geometry": {"type": "Point", "coordinates": [-3.5994543, 40.333961]}, "properties": {"timestamp": "2019-10-26 02:00:23", "individual": "Bennet + / DER A9N76 (e-obs 7050)"}}, {"type": "Feature", "geometry": {"type": "Point", "coordinates": [-3.5991235, 40.3340595]}, "properties": {"timestamp": "2019-10-27 02:00:23", "individual": "Bennet + / DER A9N76 (e-obs 7050)"}}, {"type": "Feature", "geometry": {"type": "Point", "coordinates": [-3.5991886, 40.3336834]}, "properties": {"timestamp": "2019-10-28 02:00:23", "individual": "Bennet + / DER A9N76 (e-obs 7050)"}}, {"type": "Feature", "geometry": {"type": "Point", "coordinates": [-3.6121809, 40.3091816]}, "properties": {"timestamp": "2019-10-29 02:00:23", "individual": "Bennet + / DER A9N76 (e-obs 7050)"}}, {"type": "Feature", "geometry": {"type": "Point", "coordinates": [-3.5989982, 40.3341779]}, "properties": {"timestamp": "2019-10-30 02:00:23", "individual": "Bennet + / DER A9N76 (e-obs 7050)"}}, {"type": "Feature", "geometry": {"type": "Point", "coordinates": [-3.5991107, 40.333907]}, "properties": {"timestamp": "2019-10-31 02:00:23", "individual": "Bennet + / DER A9N76 (e-obs 7050)"}}, {"type": "Feature", "geometry": {"type": "Point", "coordinates": [-3.5209976, 40.3010931]}, "properties": {"timestamp": "2019-11-01 02:00:23", "individual": "Bennet + / DER A9N76 (e-obs 7050)"}}, {"type": "Feature", "geometry": {"type": "Point", "coordinates": [-3.5219348, 40.3008101]}, "properties": {"timestamp": "2019-11-02 02:00:23", "individual": "Bennet + / DER A9N76 (e-obs 7050)"}}, {"type": "Feature", "geometry": {"type": "Point", "coordinates": [-3.5212305, 40.3008374]}, "properties": {"timestamp": "2019-11-03 02:00:23", "individual": "Bennet + / DER A9N76 (e-obs 7050)"}}, {"type": "Feature", "geometry": {"type": "Point", "coordinates": [-3.5212362, 40.3009364]}, "properties": {"timestamp": "2019-11-04 02:00:23", "individual": "Bennet + / DER A9N76 (e-obs 7050)"}}, {"type": "Feature", "geometry": {"type": "Point", "coordinates": [-3.5216447, 40.3009248]}, "properties": {"timestamp": "2019-11-05 02:00:23", "individual": "Bennet + / DER A9N76 (e-obs 7050)"}}, {"type": "Feature", "geometry": {"type": "Point", "coordinates": [-3.612063, 40.3093101]}, "properties": {"timestamp": "2019-11-06 02:00:23", "individual": "Bennet + / DER A9N76 (e-obs 7050)"}}, {"type": "Feature", "geometry": {"type": "Point", "coordinates": [-3.5987037, 40.3337088]}, "properties": {"timestamp": "2019-11-07 02:00:23", "individual": "Bennet + / DER A9N76 (e-obs 7050)"}}, {"type": "Feature", "geometry": {"type": "Point", "coordinates": [-3.6239706, 40.3147895]}, "properties": {"timestamp": "2019-11-08 02:00:41", "individual": "Bennet + / DER A9N76 (e-obs 7050)"}}, {"type": "Feature", "geometry": {"type": "Point", "coordinates": [-3.6240445, 40.3146363]}, "properties": {"timestamp": "2019-11-09 02:00:23", "individual": "Bennet + / DER A9N76 (e-obs 7050)"}}, {"type": "Feature", "geometry": {"type": "Point", "coordinates": [-3.62419, 40.314566]}, "properties": {"timestamp": "2019-11-10 02:00:23", "individual": "Bennet + / DER A9N76 (e-obs 7050)"}}, {"type": "Feature", "geometry": {"type": "Point", "coordinates": [-3.5994958, 40.3335863]}, "properties": {"timestamp": "2019-11-11 02:00:23", "individual": "Bennet + / DER A9N76 (e-obs 7050)"}}, {"type": "Feature", "geometry": {"type": "Point", "coordinates": [-3.5987659, 40.3337513]}, "properties": {"timestamp": "2019-11-12 02:00:23", "individual": "Bennet + / DER A9N76 (e-obs 7050)"}}, {"type": "Feature", "geometry": {"type": "Point", "coordinates": [-3.5987494, 40.3336511]}, "properties": {"timestamp": "2019-11-13 02:00:23", "individual": "Bennet + / DER A9N76 (e-obs 7050)"}}, {"type": "Feature", "geometry": {"type": "Point", "coordinates": [-3.5993267, 40.3335523]}, "properties": {"timestamp": "2019-11-14 02:00:23", "individual": "Bennet + / DER A9N76 (e-obs 7050)"}}, {"type": "Feature", "geometry": {"type": "Point", "coordinates": [-3.6240882, 40.314668]}, "properties": {"timestamp": "2019-11-15 02:00:23", "individual": "Bennet + / DER A9N76 (e-obs 7050)"}}, {"type": "Feature", "geometry": {"type": "Point", "coordinates": [-3.5760787, 40.3111313]}, "properties": {"timestamp": "2019-11-16 02:00:23", "individual": "Bennet + / DER A9N76 (e-obs 7050)"}}, {"type": "Feature", "geometry": {"type": "Point", "coordinates": [-3.5991506, 40.3341014]}, "properties": {"timestamp": "2019-11-17 02:00:23", "individual": "Bennet + / DER A9N76 (e-obs 7050)"}}, {"type": "Feature", "geometry": {"type": "Point", "coordinates": [-3.6109474, 40.3100349]}, "properties": {"timestamp": "2019-11-18 02:00:23", "individual": "Bennet + / DER A9N76 (e-obs 7050)"}}, {"type": "Feature", "geometry": {"type": "Point", "coordinates": [-3.5216566, 40.3010465]}, "properties": {"timestamp": "2019-11-19 02:00:23", "individual": "Bennet + / DER A9N76 (e-obs 7050)"}}, {"type": "Feature", "geometry": {"type": "Point", "coordinates": [-3.5215947, 40.3010706]}, "properties": {"timestamp": "2019-11-20 02:00:23", "individual": "Bennet + / DER A9N76 (e-obs 7050)"}}, {"type": "Feature", "geometry": {"type": "Point", "coordinates": [-3.5987631, 40.3341014]}, "properties": {"timestamp": "2019-11-21 02:00:23", "individual": "Bennet + / DER A9N76 (e-obs 7050)"}}, {"type": "Feature", "geometry": {"type": "Point", "coordinates": [-3.5988658, 40.3340816]}, "properties": {"timestamp": "2019-11-22 02:00:23", "individual": "Bennet + / DER A9N76 (e-obs 7050)"}}, {"type": "Feature", "geometry": {"type": "Point", "coordinates": [-3.599058, 40.3340943]}, "properties": {"timestamp": "2019-11-23 02:00:23", "individual": "Bennet + / DER A9N76 (e-obs 7050)"}}, {"type": "Feature", "geometry": {"type": "Point", "coordinates": [-3.5987623, 40.3337613]}, "properties": {"timestamp": "2019-11-24 02:00:23", "individual": "Bennet + / DER A9N76 (e-obs 7050)"}}, {"type": "Feature", "geometry": {"type": "Point", "coordinates": [-3.5988711, 40.3340788]}, "properties": {"timestamp": "2019-11-25 02:00:23", "individual": "Bennet + / DER A9N76 (e-obs 7050)"}}, {"type": "Feature", "geometry": {"type": "Point", "coordinates": [-3.5884384, 40.3090759]}, "properties": {"timestamp": "2019-11-26 02:00:23", "individual": "Bennet + / DER A9N76 (e-obs 7050)"}}, {"type": "Feature", "geometry": {"type": "Point", "coordinates": [-3.5213114, 40.3010888]}, "properties": {"timestamp": "2019-11-27 02:00:23", "individual": "Bennet + / DER A9N76 (e-obs 7050)"}}, {"type": "Feature", "geometry": {"type": "Point", "coordinates": [-3.5884978, 40.3090791]}, "properties": {"timestamp": "2019-11-28 02:00:23", "individual": "Bennet + / DER A9N76 (e-obs 7050)"}}, {"type": "Feature", "geometry": {"type": "Point", "coordinates": [-3.5884063, 40.3091197]}, "properties": {"timestamp": "2019-11-29 02:00:23", "individual": "Bennet + / DER A9N76 (e-obs 7050)"}}, {"type": "Feature", "geometry": {"type": "Point", "coordinates": [-3.5209647, 40.3011221]}, "properties": {"timestamp": "2019-11-30 02:00:23", "individual": "Bennet + / DER A9N76 (e-obs 7050)"}}, {"type": "Feature", "geometry": {"type": "Point", "coordinates": [-3.5208542, 40.30122]}, "properties": {"timestamp": "2019-12-01 02:00:23", "individual": "Bennet + / DER A9N76 (e-obs 7050)"}}, {"type": "Feature", "geometry": {"type": "Point", "coordinates": [-3.5990866, 40.334152]}, "properties": {"timestamp": "2019-12-02 02:00:23", "individual": "Bennet + / DER A9N76 (e-obs 7050)"}}, {"type": "Feature", "geometry": {"type": "Point", "coordinates": [-3.6106661, 40.310073]}, "properties": {"timestamp": "2019-12-03 02:00:23", "individual": "Bennet + / DER A9N76 (e-obs 7050)"}}, {"type": "Feature", "geometry": {"type": "Point", "coordinates": [-3.6108428, 40.3099673]}, "properties": {"timestamp": "2019-12-04 02:00:23", "individual": "Bennet + / DER A9N76 (e-obs 7050)"}}, {"type": "Feature", "geometry": {"type": "Point", "coordinates": [-3.5853895, 40.3080157]}, "properties": {"timestamp": "2019-12-05 02:00:41", "individual": "Bennet + / DER A9N76 (e-obs 7050)"}}, {"type": "Feature", "geometry": {"type": "Point", "coordinates": [-3.5884002, 40.3090357]}, "properties": {"timestamp": "2019-12-06 02:00:23", "individual": "Bennet + / DER A9N76 (e-obs 7050)"}}, {"type": "Feature", "geometry": {"type": "Point", "coordinates": [-3.5884668, 40.3090595]}, "properties": {"timestamp": "2019-12-07 02:00:41", "individual": "Bennet + / DER A9N76 (e-obs 7050)"}}, {"type": "Feature", "geometry": {"type": "Point", "coordinates": [-3.5854023, 40.3080759]}, "properties": {"timestamp": "2019-12-08 02:00:23", "individual": "Bennet + / DER A9N76 (e-obs 7050)"}}, {"type": "Feature", "geometry": {"type": "Point", "coordinates": [-3.5856393, 40.3082682]}, "properties": {"timestamp": "2019-12-09 02:00:23", "individual": "Bennet + / DER A9N76 (e-obs 7050)"}}, {"type": "Feature", "geometry": {"type": "Point", "coordinates": [-3.5892644, 40.3085]}, "properties": {"timestamp": "2019-12-10 02:00:23", "individual": "Bennet + / DER A9N76 (e-obs 7050)"}}, {"type": "Feature", "geometry": {"type": "Point", "coordinates": [-3.5890376, 40.3086387]}, "properties": {"timestamp": "2019-12-11 02:00:23", "individual": "Bennet + / DER A9N76 (e-obs 7050)"}}, {"type": "Feature", "geometry": {"type": "Point", "coordinates": [-3.5883796, 40.3090894]}, "properties": {"timestamp": "2019-12-12 02:00:23", "individual": "Bennet + / DER A9N76 (e-obs 7050)"}}, {"type": "Feature", "geometry": {"type": "Point", "coordinates": [-3.5855706, 40.3080348]}, "properties": {"timestamp": "2019-12-13 02:00:23", "individual": "Bennet + / DER A9N76 (e-obs 7050)"}}, {"type": "Feature", "geometry": {"type": "Point", "coordinates": [-3.611954, 40.3093805]}, "properties": {"timestamp": "2019-12-14 02:00:23", "individual": "Bennet + / DER A9N76 (e-obs 7050)"}}, {"type": "Feature", "geometry": {"type": "Point", "coordinates": [-3.5209651, 40.3010734]}, "properties": {"timestamp": "2019-12-15 02:00:23", "individual": "Bennet + / DER A9N76 (e-obs 7050)"}}, {"type": "Feature", "geometry": {"type": "Point", "coordinates": [-3.5210241, 40.3011055]}, "properties": {"timestamp": "2019-12-16 02:00:41", "individual": "Bennet + / DER A9N76 (e-obs 7050)"}}, {"type": "Feature", "geometry": {"type": "Point", "coordinates": [-3.5209824, 40.3010391]}, "properties": {"timestamp": "2019-12-17 02:00:23", "individual": "Bennet + / DER A9N76 (e-obs 7050)"}}, {"type": "Feature", "geometry": {"type": "Point", "coordinates": [-3.5855925, 40.3080829]}, "properties": {"timestamp": "2019-12-18 02:00:23", "individual": "Bennet + / DER A9N76 (e-obs 7050)"}}, {"type": "Feature", "geometry": {"type": "Point", "coordinates": [-3.5210495, 40.3010827]}, "properties": {"timestamp": "2019-12-19 02:00:23", "individual": "Bennet + / DER A9N76 (e-obs 7050)"}}, {"type": "Feature", "geometry": {"type": "Point", "coordinates": [-3.6133546, 40.3089434]}, "properties": {"timestamp": "2019-12-20 02:00:41", "individual": "Bennet + / DER A9N76 (e-obs 7050)"}}, {"type": "Feature", "geometry": {"type": "Point", "coordinates": [7.8122734, 48.0791931]}, "properties": {"timestamp": "2020-08-10 09:01:23", "individual": "Bernd + A6V42 (eobs 8636)"}}, {"type": "Feature", "geometry": {"type": "Point", "coordinates": [7.812247, 48.0794899]}, "properties": {"timestamp": "2020-08-11 02:00:53", "individual": "Bernd + A6V42 (eobs 8636)"}}, {"type": "Feature", "geometry": {"type": "Point", "coordinates": [7.8119277, 48.0793088]}, "properties": {"timestamp": "2020-08-12 02:00:53", "individual": "Bernd + A6V42 (eobs 8636)"}}, {"type": "Feature", "geometry": {"type": "Point", "coordinates": [7.8121777, 48.0791365]}, "properties": {"timestamp": "2020-08-13 02:00:41", "individual": "Bernd + A6V42 (eobs 8636)"}}, {"type": "Feature", "geometry": {"type": "Point", "coordinates": [7.812268, 48.0792046]}, "properties": {"timestamp": "2020-08-14 02:00:41", "individual": "Bernd + A6V42 (eobs 8636)"}}, {"type": "Feature", "geometry": {"type": "Point", "coordinates": [7.8121498, 48.0791519]}, "properties": {"timestamp": "2020-08-15 02:00:41", "individual": "Bernd + A6V42 (eobs 8636)"}}, {"type": "Feature", "geometry": {"type": "Point", "coordinates": [7.8121787, 48.0791562]}, "properties": {"timestamp": "2020-08-16 02:00:39", "individual": "Bernd + A6V42 (eobs 8636)"}}, {"type": "Feature", "geometry": {"type": "Point", "coordinates": [7.8121889, 48.0791978]}, "properties": {"timestamp": "2020-08-17 02:00:23", "individual": "Bernd + A6V42 (eobs 8636)"}}, {"type": "Feature", "geometry": {"type": "Point", "coordinates": [7.8121834, 48.0792816]}, "properties": {"timestamp": "2020-08-18 02:00:23", "individual": "Bernd + A6V42 (eobs 8636)"}}, {"type": "Feature", "geometry": {"type": "Point", "coordinates": [7.8121345, 48.0792025]}, "properties": {"timestamp": "2020-08-19 02:00:23", "individual": "Bernd + A6V42 (eobs 8636)"}}, {"type": "Feature", "geometry": {"type": "Point", "coordinates": [7.8122867, 48.0792809]}, "properties": {"timestamp": "2020-08-20 02:00:23", "individual": "Bernd + A6V42 (eobs 8636)"}}, {"type": "Feature", "geometry": {"type": "Point", "coordinates": [7.8122361, 48.0791927]}, "properties": {"timestamp": "2020-08-21 02:00:23", "individual": "Bernd + A6V42 (eobs 8636)"}}, {"type": "Feature", "geometry": {"type": "Point", "coordinates": [7.812422, 48.0793891]}, "properties": {"timestamp": "2020-08-22 02:00:23", "individual": "Bernd + A6V42 (eobs 8636)"}}, {"type": "Feature", "geometry": {"type": "Point", "coordinates": [7.8121189, 48.0792148]}, "properties": {"timestamp": "2020-08-23 02:00:23", "individual": "Bernd + A6V42 (eobs 8636)"}}, {"type": "Feature", "geometry": {"type": "Point", "coordinates": [7.8121469, 48.0792234]}, "properties": {"timestamp": "2020-08-24 02:00:23", "individual": "Bernd + A6V42 (eobs 8636)"}}, {"type": "Feature", "geometry": {"type": "Point", "coordinates": [7.1028132, 47.4769681]}, "properties": {"timestamp": "2020-08-25 02:00:23", "individual": "Bernd + A6V42 (eobs 8636)"}}, {"type": "Feature", "geometry": {"type": "Point", "coordinates": [5.9371696, 47.2340303]}, "properties": {"timestamp": "2020-08-26 02:00:23", "individual": "Bernd + A6V42 (eobs 8636)"}}, {"type": "Feature", "geometry": {"type": "Point", "coordinates": [5.1000364, 46.10702]}, "properties": {"timestamp": "2020-08-27 02:00:23", "individual": "Bernd + A6V42 (eobs 8636)"}}, {"type": "Feature", "geometry": {"type": "Point", "coordinates": [4.4682241, 43.8098928]}, "properties": {"timestamp": "2020-08-28 02:00:23", "individual": "Bernd + A6V42 (eobs 8636)"}}, {"type": "Feature", "geometry": {"type": "Point", "coordinates": [3.5140127, 43.3176099]}, "properties": {"timestamp": "2020-08-29 02:00:23", "individual": "Bernd + A6V42 (eobs 8636)"}}, {"type": "Feature", "geometry": {"type": "Point", "coordinates": [3.112866, 42.220409]}, "properties": {"timestamp": "2020-08-30 02:00:23", "individual": "Bernd + A6V42 (eobs 8636)"}}, {"type": "Feature", "geometry": {"type": "Point", "coordinates": [1.0092568, 41.6330535]}, "properties": {"timestamp": "2020-08-31 02:00:23", "individual": "Bernd + A6V42 (eobs 8636)"}}, {"type": "Feature", "geometry": {"type": "Point", "coordinates": [-0.4344952, 41.3698539]}, "properties": {"timestamp": "2020-09-01 02:00:23", "individual": "Bernd + A6V42 (eobs 8636)"}}, {"type": "Feature", "geometry": {"type": "Point", "coordinates": [7.8122633, 48.0791808]}, "properties": {"timestamp": "2020-08-10 09:01:21", "individual": "Brigitte A9V53 (eobs 8019)"}}, {"type": "Feature", "geometry": {"type": "Point", "coordinates": [7.812122, 48.0790129]}, "properties": {"timestamp": "2020-08-11 02:01:17", "individual": "Brigitte A9V53 (eobs 8019)"}}, {"type": "Feature", "geometry": {"type": "Point", "coordinates": [7.8120843, 48.0790952]}, "properties": {"timestamp": "2020-08-12 02:00:41", "individual": "Brigitte A9V53 (eobs 8019)"}}, {"type": "Feature", "geometry": {"type": "Point", "coordinates": [7.8122326, 48.0792149]}, "properties": {"timestamp": "2020-08-13 02:00:23", "individual": "Brigitte A9V53 (eobs 8019)"}}, {"type": "Feature", "geometry": {"type": "Point", "coordinates": [7.8122238, 48.0791142]}, "properties": {"timestamp": "2020-08-14 02:00:47", "individual": "Brigitte A9V53 (eobs 8019)"}}, {"type": "Feature", "geometry": {"type": "Point", "coordinates": [7.8121829, 48.079186]}, "properties": {"timestamp": "2020-08-15 02:00:41", "individual": "Brigitte A9V53 (eobs 8019)"}}, {"type": "Feature", "geometry": {"type": "Point", "coordinates": [7.8123099, 48.0791645]}, "properties": {"timestamp": "2020-08-16 02:00:53", "individual": "Brigitte A9V53 (eobs 8019)"}}, {"type": "Feature", "geometry": {"type": "Point", "coordinates": [7.8167918, 48.0793557]}, "properties": {"timestamp": "2020-08-17 02:00:53", "individual": "Brigitte A9V53 (eobs 8019)"}}, {"type": "Feature", "geometry": {"type": "Point", "coordinates": [7.8122408, 48.079067]}, "properties": {"timestamp": "2020-08-18 02:00:47", "individual": "Brigitte A9V53 (eobs 8019)"}}, {"type": "Feature", "geometry": {"type": "Point", "coordinates": [7.8108736, 48.077747]}, "properties": {"timestamp": "2020-08-19 02:00:23", "individual": "Brigitte A9V53 (eobs 8019)"}}, {"type": "Feature", "geometry": {"type": "Point", "coordinates": [7.8122595, 48.0790577]}, "properties": {"timestamp": "2020-08-20 02:00:44", "individual": "Brigitte A9V53 (eobs 8019)"}}, {"type": "Feature", "geometry": {"type": "Point", "coordinates": [7.8118251, 48.0783634]}, "properties": {"timestamp": "2020-08-21 02:00:23", "individual": "Brigitte A9V53 (eobs 8019)"}}, {"type": "Feature", "geometry": {"type": "Point", "coordinates": [7.8126747, 48.0792519]}, "properties": {"timestamp": "2020-08-22 02:00:23", "individual": "Brigitte A9V53 (eobs 8019)"}}, {"type": "Feature", "geometry": {"type": "Point", "coordinates": [7.8118875, 48.0783792]}, "properties": {"timestamp": "2020-08-23 02:00:23", "individual": "Brigitte A9V53 (eobs 8019)"}}, {"type": "Feature", "geometry": {"type": "Point", "coordinates": [7.157094, 47.5619317]}, "properties": {"timestamp": "2020-08-24 02:00:23", "individual": "Brigitte A9V53 (eobs 8019)"}}, {"type": "Feature", "geometry": {"type": "Point", "coordinates": [5.0308999, 45.9674376]}, "properties": {"timestamp": "2020-08-25 02:00:23", "individual": "Brigitte A9V53 (eobs 8019)"}}, {"type": "Feature", "geometry": {"type": "Point", "coordinates": [4.9158646, 45.6902118]}, "properties": {"timestamp": "2020-08-26 02:00:23", "individual": "Brigitte A9V53 (eobs 8019)"}}, {"type": "Feature", "geometry": {"type": "Point", "coordinates": [4.107836, 43.6249109]}, "properties": {"timestamp": "2020-08-27 02:00:23", "individual": "Brigitte A9V53 (eobs 8019)"}}, {"type": "Feature", "geometry": {"type": "Point", "coordinates": [2.8124774, 42.5239223]}, "properties": {"timestamp": "2020-08-28 02:00:23", "individual": "Brigitte A9V53 (eobs 8019)"}}, {"type": "Feature", "geometry": {"type": "Point", "coordinates": [1.2972877, 41.7772854]}, "properties": {"timestamp": "2020-08-29 02:00:23", "individual": "Brigitte A9V53 (eobs 8019)"}}, {"type": "Feature", "geometry": {"type": "Point", "coordinates": [0.9252612, 41.6611334]}, "properties": {"timestamp": "2020-08-30 02:00:23", "individual": "Brigitte A9V53 (eobs 8019)"}}, {"type": "Feature", "geometry": {"type": "Point", "coordinates": [1.001802, 41.6302395]}, "properties": {"timestamp": "2020-08-31 02:00:23", "individual": "Brigitte A9V53 (eobs 8019)"}}, {"type": "Feature", "geometry": {"type": "Point", "coordinates": [0.9211347, 41.6840409]}, "properties": {"timestamp": "2020-09-01 02:00:39", "individual": "Brigitte A9V53 (eobs 8019)"}}, {"type": "Feature", "geometry": {"type": "Point", "coordinates": [0.8973358, 41.7051657]}, "properties": {"timestamp": "2020-09-02 02:00:23", "individual": "Brigitte A9V53 (eobs 8019)"}}, {"type": "Feature", "geometry": {"type": "Point", "coordinates": [0.8068371, 41.6268671]}, "properties": {"timestamp": "2020-09-03 02:00:23", "individual": "Brigitte A9V53 (eobs 8019)"}}, {"type": "Feature", "geometry": {"type": "Point", "coordinates": [0.794068, 41.6250549]}, "properties": {"timestamp": "2020-09-04 02:00:23", "individual": "Brigitte A9V53 (eobs 8019)"}}, {"type": "Feature", "geometry": {"type": "Point", "coordinates": [0.7641042, 41.6243213]}, "properties": {"timestamp": "2020-09-05 02:00:23", "individual": "Brigitte A9V53 (eobs 8019)"}}, {"type": "Feature", "geometry": {"type": "Point", "coordinates": [0.7926231, 41.6311733]}, "properties": {"timestamp": "2020-09-06 02:00:23", "individual": "Brigitte A9V53 (eobs 8019)"}}, {"type": "Feature", "geometry": {"type": "Point", "coordinates": [0.7939782, 41.6251062]}, "properties": {"timestamp": "2020-09-07 02:00:23", "individual": "Brigitte A9V53 (eobs 8019)"}}, {"type": "Feature", "geometry": {"type": "Point", "coordinates": [0.7926751, 41.6311827]}, "properties": {"timestamp": "2020-09-08 02:00:23", "individual": "Brigitte A9V53 (eobs 8019)"}}, {"type": "Feature", "geometry": {"type": "Point", "coordinates": [0.79533, 41.6254801]}, "properties": {"timestamp": "2020-09-09 02:00:23", "individual": "Brigitte A9V53 (eobs 8019)"}}, {"type": "Feature", "geometry": {"type": "Point", "coordinates": [0.6379722, 41.6039443]}, "properties": {"timestamp": "2020-09-10 02:00:23", "individual": "Brigitte A9V53 (eobs 8019)"}}, {"type": "Feature", "geometry": {"type": "Point", "coordinates": [0.7993588, 41.6267825]}, "properties": {"timestamp": "2020-09-11 02:00:53", "individual": "Brigitte A9V53 (eobs 8019)"}}, {"type": "Feature", "geometry": {"type": "Point", "coordinates": [0.7952388, 41.6255571]}, "properties": {"timestamp": "2020-09-12 02:00:23", "individual": "Brigitte A9V53 (eobs 8019)"}}, {"type": "Feature", "geometry": {"type": "Point", "coordinates": [0.7970149, 41.6038704]}, "properties": {"timestamp": "2020-09-13 02:00:23", "individual": "Brigitte A9V53 (eobs 8019)"}}, {"type": "Feature", "geometry": {"type": "Point", "coordinates": [0.7952454, 41.6254503]}, "properties": {"timestamp": "2020-09-14 02:00:23", "individual": "Brigitte A9V53 (eobs 8019)"}}, {"type": "Feature", "geometry": {"type": "Point", "coordinates": [0.7952111, 41.6254756]}, "properties": {"timestamp": "2020-09-15 02:00:23", "individual": "Brigitte A9V53 (eobs 8019)"}}, {"type": "Feature", "geometry": {"type": "Point", "coordinates": [0.7952401, 41.6256149]}, "properties": {"timestamp": "2020-09-16 02:00:23", "individual": "Brigitte A9V53 (eobs 8019)"}}, {"type": "Feature", "geometry": {"type": "Point", "coordinates": [0.7741984, 41.5583065]}, "properties": {"timestamp": "2020-09-17 02:00:23", "individual": "Brigitte A9V53 (eobs 8019)"}}, {"type": "Feature", "geometry": {"type": "Point", "coordinates": [0.7870472, 41.5630045]}, "properties": {"timestamp": "2020-09-18 02:00:23", "individual": "Brigitte A9V53 (eobs 8019)"}}, {"type": "Feature", "geometry": {"type": "Point", "coordinates": [0.7798417, 41.5554534]}, "properties": {"timestamp": "2020-09-19 02:00:23", "individual": "Brigitte A9V53 (eobs 8019)"}}, {"type": "Feature", "geometry": {"type": "Point", "coordinates": [0.8392092, 41.622709]}, "properties": {"timestamp": "2020-09-20 02:00:23", "individual": "Brigitte A9V53 (eobs 8019)"}}, {"type": "Feature", "geometry": {"type": "Point", "coordinates": [0.7718481, 41.5594122]}, "properties": {"timestamp": "2020-09-21 02:00:23", "individual": "Brigitte A9V53 (eobs 8019)"}}, {"type": "Feature", "geometry": {"type": "Point", "coordinates": [0.7901131, 41.5921303]}, "properties": {"timestamp": "2020-09-22 02:00:23", "individual": "Brigitte A9V53 (eobs 8019)"}}, {"type": "Feature", "geometry": {"type": "Point", "coordinates": [0.7944905, 41.6248919]}, "properties": {"timestamp": "2020-09-23 02:00:41", "individual": "Brigitte A9V53 (eobs 8019)"}}, {"type": "Feature", "geometry": {"type": "Point", "coordinates": [0.7752542, 41.5914218]}, "properties": {"timestamp": "2020-09-24 02:00:23", "individual": "Brigitte A9V53 (eobs 8019)"}}, {"type": "Feature", "geometry": {"type": "Point", "coordinates": [0.795222, 41.6254396]}, "properties": {"timestamp": "2020-09-25 02:00:23", "individual": "Brigitte A9V53 (eobs 8019)"}}, {"type": "Feature", "geometry": {"type": "Point", "coordinates": [0.7874292, 41.6230379]}, "properties": {"timestamp": "2020-09-26 02:00:23", "individual": "Brigitte A9V53 (eobs 8019)"}}, {"type": "Feature", "geometry": {"type": "Point", "coordinates": [0.7903707, 41.6252272]}, "properties": {"timestamp": "2020-09-27 02:00:23", "individual": "Brigitte A9V53 (eobs 8019)"}}, {"type": "Feature", "geometry": {"type": "Point", "coordinates": [0.7330064, 41.5845125]}, "properties": {"timestamp": "2020-09-28 02:00:23", "individual": "Brigitte A9V53 (eobs 8019)"}}, {"type": "Feature", "geometry": {"type": "Point", "coordinates": [0.6783545, 41.5824478]}, "properties": {"timestamp": "2020-09-29 02:00:23", "individual": "Brigitte A9V53 (eobs 8019)"}}, {"type": "Feature", "geometry": {"type": "Point", "coordinates": [0.6705323, 41.6122485]}, "properties": {"timestamp": "2020-09-30 02:00:23", "individual": "Brigitte A9V53 (eobs 8019)"}}, {"type": "Feature", "geometry": {"type": "Point", "coordinates": [0.7436338, 41.5899776]}, "properties": {"timestamp": "2020-10-01 02:00:23", "individual": "Brigitte A9V53 (eobs 8019)"}}, {"type": "Feature", "geometry": {"type": "Point", "coordinates": [0.9339105, 41.663776]}, "properties": {"timestamp": "2020-10-02 02:00:23", "individual": "Brigitte A9V53 (eobs 8019)"}}, {"type": "Feature", "geometry": {"type": "Point", "coordinates": [0.9339498, 41.6637204]}, "properties": {"timestamp": "2020-10-03 02:00:23", "individual": "Brigitte A9V53 (eobs 8019)"}}, {"type": "Feature", "geometry": {"type": "Point", "coordinates": [0.9340918, 41.6636809]}, "properties": {"timestamp": "2020-10-04 02:00:23", "individual": "Brigitte A9V53 (eobs 8019)"}}, {"type": "Feature", "geometry": {"type": "Point", "coordinates": [0.9504905, 41.6578383]}, "properties": {"timestamp": "2020-10-05 02:00:23", "individual": "Brigitte A9V53 (eobs 8019)"}}, {"type": "Feature", "geometry": {"type": "Point", "coordinates": [0.9340074, 41.6636615]}, "properties": {"timestamp": "2020-10-06 02:00:23", "individual": "Brigitte A9V53 (eobs 8019)"}}, {"type": "Feature", "geometry": {"type": "Point", "coordinates": [0.9498965, 41.6552477]}, "properties": {"timestamp": "2020-10-07 02:00:23", "individual": "Brigitte A9V53 (eobs 8019)"}}, {"type": "Feature", "geometry": {"type": "Point", "coordinates": [0.9337832, 41.6460116]}, "properties": {"timestamp": "2020-10-08 02:00:41", "individual": "Brigitte A9V53 (eobs 8019)"}}, {"type": "Feature", "geometry": {"type": "Point", "coordinates": [0.9340792, 41.6636612]}, "properties": {"timestamp": "2020-10-09 02:00:23", "individual": "Brigitte A9V53 (eobs 8019)"}}, {"type": "Feature", "geometry": {"type": "Point", "coordinates": [0.9586815, 41.6575132]}, "properties": {"timestamp": "2020-10-10 02:00:23", "individual": "Brigitte A9V53 (eobs 8019)"}}, {"type": "Feature", "geometry": {"type": "Point", "coordinates": [0.9516401, 41.6565276]}, "properties": {"timestamp": "2020-10-11 02:00:23", "individual": "Brigitte A9V53 (eobs 8019)"}}, {"type": "Feature", "geometry": {"type": "Point", "coordinates": [0.9576266, 41.6412024]}, "properties": {"timestamp": "2020-10-12 02:00:23", "individual": "Brigitte A9V53 (eobs 8019)"}}, {"type": "Feature", "geometry": {"type": "Point", "coordinates": [0.952079, 41.6562853]}, "properties": {"timestamp": "2020-10-13 02:00:38", "individual": "Brigitte A9V53 (eobs 8019)"}}, {"type": "Feature", "geometry": {"type": "Point", "coordinates": [0.9579025, 41.6413079]}, "properties": {"timestamp": "2020-10-14 02:00:23", "individual": "Brigitte A9V53 (eobs 8019)"}}, {"type": "Feature", "geometry": {"type": "Point", "coordinates": [0.9579305, 41.6413668]}, "properties": {"timestamp": "2020-10-15 02:00:23", "individual": "Brigitte A9V53 (eobs 8019)"}}, {"type": "Feature", "geometry": {"type": "Point", "coordinates": [0.9343347, 41.6392321]}, "properties": {"timestamp": "2020-10-16 02:00:23", "individual": "Brigitte A9V53 (eobs 8019)"}}, {"type": "Feature", "geometry": {"type": "Point", "coordinates": [0.9579403, 41.6414995]}, "properties": {"timestamp": "2020-10-17 02:00:23", "individual": "Brigitte A9V53 (eobs 8019)"}}, {"type": "Feature", "geometry": {"type": "Point", "coordinates": [0.9576441, 41.6413483]}, "properties": {"timestamp": "2020-10-18 02:00:23", "individual": "Brigitte A9V53 (eobs 8019)"}}, {"type": "Feature", "geometry": {"type": "Point", "coordinates": [0.9324343, 41.6393911]}, "properties": {"timestamp": "2020-10-19 02:00:23", "individual": "Brigitte A9V53 (eobs 8019)"}}, {"type": "Feature", "geometry": {"type": "Point", "coordinates": [0.4289681, 41.5309013]}, "properties": {"timestamp": "2020-10-20 02:00:23", "individual": "Brigitte A9V53 (eobs 8019)"}}, {"type": "Feature", "geometry": {"type": "Point", "coordinates": [0.6215078, 41.5591261]}, "properties": {"timestamp": "2020-10-21 02:00:41", "individual": "Brigitte A9V53 (eobs 8019)"}}, {"type": "Feature", "geometry": {"type": "Point", "coordinates": [0.6422506, 41.5884435]}, "properties": {"timestamp": "2020-10-22 02:00:23", "individual": "Brigitte A9V53 (eobs 8019)"}}, {"type": "Feature", "geometry": {"type": "Point", "coordinates": [0.6256961, 41.5819086]}, "properties": {"timestamp": "2020-10-23 02:00:23", "individual": "Brigitte A9V53 (eobs 8019)"}}, {"type": "Feature", "geometry": {"type": "Point", "coordinates": [0.6225415, 41.5598184]}, "properties": {"timestamp": "2020-10-24 02:00:23", "individual": "Brigitte A9V53 (eobs 8019)"}}, {"type": "Feature", "geometry": {"type": "Point", "coordinates": [0.6421003, 41.5884777]}, "properties": {"timestamp": "2020-10-25 02:00:23", "individual": "Brigitte A9V53 (eobs 8019)"}}, {"type": "Feature", "geometry": {"type": "Point", "coordinates": [0.60449, 41.6181591]}, "properties": {"timestamp": "2020-10-26 02:00:23", "individual": "Brigitte A9V53 (eobs 8019)"}}, {"type": "Feature", "geometry": {"type": "Point", "coordinates": [0.6230962, 41.6129648]}, "properties": {"timestamp": "2020-10-27 02:00:23", "individual": "Brigitte A9V53 (eobs 8019)"}}, {"type": "Feature", "geometry": {"type": "Point", "coordinates": [0.5272946, 41.5614132]}, "properties": {"timestamp": "2020-10-28 02:00:23", "individual": "Brigitte A9V53 (eobs 8019)"}}, {"type": "Feature", "geometry": {"type": "Point", "coordinates": [0.6306514, 41.5839129]}, "properties": {"timestamp": "2020-10-29 02:00:23", "individual": "Brigitte A9V53 (eobs 8019)"}}, {"type": "Feature", "geometry": {"type": "Point", "coordinates": [0.6337592, 41.5850714]}, "properties": {"timestamp": "2020-10-30 02:00:23", "individual": "Brigitte A9V53 (eobs 8019)"}}, {"type": "Feature", "geometry": {"type": "Point", "coordinates": [0.6339181, 41.585116]}, "properties": {"timestamp": "2020-10-31 02:00:23", "individual": "Brigitte A9V53 (eobs 8019)"}}, {"type": "Feature", "geometry": {"type": "Point", "coordinates": [0.6204748, 41.5784815]}, "properties": {"timestamp": "2020-11-01 02:00:23", "individual": "Brigitte A9V53 (eobs 8019)"}}, {"type": "Feature", "geometry": {"type": "Point", "coordinates": [0.4269773, 41.5252125]}, "properties": {"timestamp": "2020-11-02 02:00:23", "individual": "Brigitte A9V53 (eobs 8019)"}}, {"type": "Feature", "geometry": {"type": "Point", "coordinates": [0.6413081, 41.5406024]}, "properties": {"timestamp": "2020-11-03 02:00:23", "individual": "Brigitte A9V53 (eobs 8019)"}}, {"type": "Feature", "geometry": {"type": "Point", "coordinates": [0.6470207, 41.5908846]}, "properties": {"timestamp": "2020-11-04 02:00:23", "individual": "Brigitte A9V53 (eobs 8019)"}}, {"type": "Feature", "geometry": {"type": "Point", "coordinates": [0.6363973, 41.6098585]}, "properties": {"timestamp": "2020-11-05 02:00:23", "individual": "Brigitte A9V53 (eobs 8019)"}}, {"type": "Feature", "geometry": {"type": "Point", "coordinates": [0.6468063, 41.5910034]}, "properties": {"timestamp": "2020-11-06 02:00:23", "individual": "Brigitte A9V53 (eobs 8019)"}}, {"type": "Feature", "geometry": {"type": "Point", "coordinates": [0.5089861, 41.5106544]}, "properties": {"timestamp": "2020-11-07 02:00:23", "individual": "Brigitte A9V53 (eobs 8019)"}}, {"type": "Feature", "geometry": {"type": "Point", "coordinates": [0.6233022, 41.5602131]}, "properties": {"timestamp": "2020-11-08 02:00:23", "individual": "Brigitte A9V53 (eobs 8019)"}}, {"type": "Feature", "geometry": {"type": "Point", "coordinates": [0.6233839, 41.5599452]}, "properties": {"timestamp": "2020-11-09 02:00:39", "individual": "Brigitte A9V53 (eobs 8019)"}}, {"type": "Feature", "geometry": {"type": "Point", "coordinates": [0.6268356, 41.583096]}, "properties": {"timestamp": "2020-11-10 02:00:23", "individual": "Brigitte A9V53 (eobs 8019)"}}, {"type": "Feature", "geometry": {"type": "Point", "coordinates": [0.6469699, 41.5909655]}, "properties": {"timestamp": "2020-11-11 02:00:23", "individual": "Brigitte A9V53 (eobs 8019)"}}, {"type": "Feature", "geometry": {"type": "Point", "coordinates": [0.6232866, 41.6139234]}, "properties": {"timestamp": "2020-11-12 02:00:23", "individual": "Brigitte A9V53 (eobs 8019)"}}, {"type": "Feature", "geometry": {"type": "Point", "coordinates": [0.4638985, 41.5211806]}, "properties": {"timestamp": "2020-11-13 02:00:23", "individual": "Brigitte A9V53 (eobs 8019)"}}, {"type": "Feature", "geometry": {"type": "Point", "coordinates": [0.622369, 41.6151715]}, "properties": {"timestamp": "2020-11-14 02:00:23", "individual": "Brigitte A9V53 (eobs 8019)"}}, {"type": "Feature", "geometry": {"type": "Point", "coordinates": [0.5233412, 41.563541]}, "properties": {"timestamp": "2020-11-15 02:00:23", "individual": "Brigitte A9V53 (eobs 8019)"}}, {"type": "Feature", "geometry": {"type": "Point", "coordinates": [0.5270525, 41.5241153]}, "properties": {"timestamp": "2020-11-16 02:00:23", "individual": "Brigitte A9V53 (eobs 8019)"}}, {"type": "Feature", "geometry": {"type": "Point", "coordinates": [0.6342032, 41.6102392]}, "properties": {"timestamp": "2020-11-17 02:00:23", "individual": "Brigitte A9V53 (eobs 8019)"}}, {"type": "Feature", "geometry": {"type": "Point", "coordinates": [0.6341214, 41.610159]}, "properties": {"timestamp": "2020-11-18 02:00:23", "individual": "Brigitte A9V53 (eobs 8019)"}}, {"type": "Feature", "geometry": {"type": "Point", "coordinates": [0.634102, 41.6103904]}, "properties": {"timestamp": "2020-11-19 02:00:47", "individual": "Brigitte A9V53 (eobs 8019)"}}, {"type": "Feature", "geometry": {"type": "Point", "coordinates": [0.6340762, 41.6103752]}, "properties": {"timestamp": "2020-11-20 02:00:23", "individual": "Brigitte A9V53 (eobs 8019)"}}, {"type": "Feature", "geometry": {"type": "Point", "coordinates": [0.6341933, 41.6102272]}, "properties": {"timestamp": "2020-11-21 02:00:47", "individual": "Brigitte A9V53 (eobs 8019)"}}, {"type": "Feature", "geometry": {"type": "Point", "coordinates": [0.6337025, 41.5850638]}, "properties": {"timestamp": "2020-11-22 02:00:23", "individual": "Brigitte A9V53 (eobs 8019)"}}, {"type": "Feature", "geometry": {"type": "Point", "coordinates": [0.5733176, 41.579171]}, "properties": {"timestamp": "2020-11-23 02:00:23", "individual": "Brigitte A9V53 (eobs 8019)"}}, {"type": "Feature", "geometry": {"type": "Point", "coordinates": [0.6233469, 41.5602104]}, "properties": {"timestamp": "2020-11-24 02:00:23", "individual": "Brigitte A9V53 (eobs 8019)"}}, {"type": "Feature", "geometry": {"type": "Point", "coordinates": [0.6228, 41.557928]}, "properties": {"timestamp": "2020-11-25 02:00:23", "individual": "Brigitte A9V53 (eobs 8019)"}}, {"type": "Feature", "geometry": {"type": "Point", "coordinates": [0.6395845, 41.5438929]}, "properties": {"timestamp": "2020-11-26 02:00:23", "individual": "Brigitte A9V53 (eobs 8019)"}}, {"type": "Feature", "geometry": {"type": "Point", "coordinates": [0.6390599, 41.5440308]}, "properties": {"timestamp": "2020-11-27 02:00:23", "individual": "Brigitte A9V53 (eobs 8019)"}}, {"type": "Feature", "geometry": {"type": "Point", "coordinates": [0.6390652, 41.5440069]}, "properties": {"timestamp": "2020-11-28 02:00:23", "individual": "Brigitte A9V53 (eobs 8019)"}}, {"type": "Feature", "geometry": {"type": "Point", "coordinates": [0.6395406, 41.5438944]}, "properties": {"timestamp": "2020-11-29 02:00:23", "individual": "Brigitte A9V53 (eobs 8019)"}}, {"type": "Feature", "geometry": {"type": "Point", "coordinates": [0.642879, 41.5430635]}, "properties": {"timestamp": "2020-11-30 02:00:23", "individual": "Brigitte A9V53 (eobs 8019)"}}, {"type": "Feature", "geometry": {"type": "Point", "coordinates": [0.629468, 41.545382]}, "properties": {"timestamp": "2020-12-01 02:00:23", "individual": "Brigitte A9V53 (eobs 8019)"}}, {"type": "Feature", "geometry": {"type": "Point", "coordinates": [0.616214, 41.5958808]}, "properties": {"timestamp": "2020-12-02 02:00:23", "individual": "Brigitte A9V53 (eobs 8019)"}}, {"type": "Feature", "geometry": {"type": "Point", "coordinates": [0.616352, 41.5957353]}, "properties": {"timestamp": "2020-12-03 02:00:23", "individual": "Brigitte A9V53 (eobs 8019)"}}, {"type": "Feature", "geometry": {"type": "Point", "coordinates": [0.634072, 41.6103518]}, "properties": {"timestamp": "2020-12-04 02:00:53", "individual": "Brigitte A9V53 (eobs 8019)"}}, {"type": "Feature", "geometry": {"type": "Point", "coordinates": [0.4872481, 41.5159373]}, "properties": {"timestamp": "2020-12-05 02:00:39", "individual": "Brigitte A9V53 (eobs 8019)"}}, {"type": "Feature", "geometry": {"type": "Point", "coordinates": [0.4871795, 41.5160926]}, "properties": {"timestamp": "2020-12-06 02:00:23", "individual": "Brigitte A9V53 (eobs 8019)"}}, {"type": "Feature", "geometry": {"type": "Point", "coordinates": [0.4870767, 41.516287]}, "properties": {"timestamp": "2020-12-07 02:00:23", "individual": "Brigitte A9V53 (eobs 8019)"}}, {"type": "Feature", "geometry": {"type": "Point", "coordinates": [0.4874665, 41.5145834]}, "properties": {"timestamp": "2020-12-08 02:00:23", "individual": "Brigitte A9V53 (eobs 8019)"}}, {"type": "Feature", "geometry": {"type": "Point", "coordinates": [0.4870471, 41.5145141]}, "properties": {"timestamp": "2020-12-09 02:00:23", "individual": "Brigitte A9V53 (eobs 8019)"}}, {"type": "Feature", "geometry": {"type": "Point", "coordinates": [0.6161759, 41.5958507]}, "properties": {"timestamp": "2020-12-10 02:00:23", "individual": "Brigitte A9V53 (eobs 8019)"}}, {"type": "Feature", "geometry": {"type": "Point", "coordinates": [0.616196, 41.5958407]}, "properties": {"timestamp": "2020-12-11 02:00:23", "individual": "Brigitte A9V53 (eobs 8019)"}}, {"type": "Feature", "geometry": {"type": "Point", "coordinates": [0.638993, 41.5440463]}, "properties": {"timestamp": "2020-12-12 02:00:23", "individual": "Brigitte A9V53 (eobs 8019)"}}, {"type": "Feature", "geometry": {"type": "Point", "coordinates": [0.6213958, 41.6125444]}, "properties": {"timestamp": "2020-12-13 02:00:23", "individual": "Brigitte A9V53 (eobs 8019)"}}, {"type": "Feature", "geometry": {"type": "Point", "coordinates": [0.6390381, 41.5440318]}, "properties": {"timestamp": "2020-12-14 02:00:23", "individual": "Brigitte A9V53 (eobs 8019)"}}, {"type": "Feature", "geometry": {"type": "Point", "coordinates": [0.6390464, 41.5439634]}, "properties": {"timestamp": "2020-12-15 02:00:23", "individual": "Brigitte A9V53 (eobs 8019)"}}, {"type": "Feature", "geometry": {"type": "Point", "coordinates": [0.6396632, 41.54385]}, "properties": {"timestamp": "2020-12-16 02:00:23", "individual": "Brigitte A9V53 (eobs 8019)"}}, {"type": "Feature", "geometry": {"type": "Point", "coordinates": [0.6390966, 41.5440623]}, "properties": {"timestamp": "2020-12-17 02:00:23", "individual": "Brigitte A9V53 (eobs 8019)"}}, {"type": "Feature", "geometry": {"type": "Point", "coordinates": [0.6390329, 41.5439963]}, "properties": {"timestamp": "2020-12-18 02:00:23", "individual": "Brigitte A9V53 (eobs 8019)"}}, {"type": "Feature", "geometry": {"type": "Point", "coordinates": [0.5253155, 41.545818]}, "properties": {"timestamp": "2020-12-19 02:00:23", "individual": "Brigitte A9V53 (eobs 8019)"}}, {"type": "Feature", "geometry": {"type": "Point", "coordinates": [0.4936373, 41.5143913]}, "properties": {"timestamp": "2020-12-20 02:00:23", "individual": "Brigitte A9V53 (eobs 8019)"}}, {"type": "Feature", "geometry": {"type": "Point", "coordinates": [0.5558213, 41.5675632]}, "properties": {"timestamp": "2020-12-21 02:00:23", "individual": "Brigitte A9V53 (eobs 8019)"}}, {"type": "Feature", "geometry": {"type": "Point", "coordinates": [0.6389891, 41.5439948]}, "properties": {"timestamp": "2020-12-22 02:00:23", "individual": "Brigitte A9V53 (eobs 8019)"}}, {"type": "Feature", "geometry": {"type": "Point", "coordinates": [0.6213078, 41.5534209]}, "properties": {"timestamp": "2020-12-23 02:00:23", "individual": "Brigitte A9V53 (eobs 8019)"}}, {"type": "Feature", "geometry": {"type": "Point", "coordinates": [0.6163485, 41.5957829]}, "properties": {"timestamp": "2020-12-24 02:00:23", "individual": "Brigitte A9V53 (eobs 8019)"}}, {"type": "Feature", "geometry": {"type": "Point", "coordinates": [0.6396213, 41.5438629]}, "properties": {"timestamp": "2020-12-25 02:00:23", "individual": "Brigitte A9V53 (eobs 8019)"}}, {"type": "Feature", "geometry": {"type": "Point", "coordinates": [0.6389684, 41.5440236]}, "properties": {"timestamp": "2020-12-26 02:00:23", "individual": "Brigitte A9V53 (eobs 8019)"}}, {"type": "Feature", "geometry": {"type": "Point", "coordinates": [0.6393251, 41.5439956]}, "properties": {"timestamp": "2020-12-27 02:00:23", "individual": "Brigitte A9V53 (eobs 8019)"}}, {"type": "Feature", "geometry": {"type": "Point", "coordinates": [0.6390539, 41.5440307]}, "properties": {"timestamp": "2020-12-28 02:00:23", "individual": "Brigitte A9V53 (eobs 8019)"}}, {"type": "Feature", "geometry": {"type": "Point", "coordinates": [0.6393079, 41.5439967]}, "properties": {"timestamp": "2020-12-29 02:00:23", "individual": "Brigitte A9V53 (eobs 8019)"}}, {"type": "Feature", "geometry": {"type": "Point", "coordinates": [0.639331, 41.5439717]}, "properties": {"timestamp": "2020-12-30 02:00:23", "individual": "Brigitte A9V53 (eobs 8019)"}}, {"type": "Feature", "geometry": {"type": "Point", "coordinates": [0.6390375, 41.5440557]}, "properties": {"timestamp": "2020-12-31 02:00:23", "individual": "Brigitte A9V53 (eobs 8019)"}}, {"type": "Feature", "geometry": {"type": "Point", "coordinates": [0.6390499, 41.5439699]}, "properties": {"timestamp": "2021-01-01 02:00:23", "individual": "Brigitte A9V53 (eobs 8019)"}}, {"type": "Feature", "geometry": {"type": "Point", "coordinates": [0.6389882, 41.5440526]}, "properties": {"timestamp": "2021-01-02 02:00:23", "individual": "Brigitte A9V53 (eobs 8019)"}}, {"type": "Feature", "geometry": {"type": "Point", "coordinates": [0.6395094, 41.5438617]}, "properties": {"timestamp": "2021-01-03 02:00:23", "individual": "Brigitte A9V53 (eobs 8019)"}}, {"type": "Feature", "geometry": {"type": "Point", "coordinates": [0.6396086, 41.5437615]}, "properties": {"timestamp": "2021-01-04 02:00:23", "individual": "Brigitte A9V53 (eobs 8019)"}}, {"type": "Feature", "geometry": {"type": "Point", "coordinates": [0.63965, 41.543873]}, "properties": {"timestamp": "2021-01-05 02:00:22.999000", "individual": "Brigitte A9V53 (eobs 8019)"}}, {"type": "Feature", "geometry": {"type": "Point", "coordinates": [0.6395627, 41.5438318]}, "properties": {"timestamp": "2021-01-06 02:00:23", "individual": "Brigitte A9V53 (eobs 8019)"}}, {"type": "Feature", "geometry": {"type": "Point", "coordinates": [0.6388762, 41.5440655]}, "properties": {"timestamp": "2021-01-07 02:00:23", "individual": "Brigitte A9V53 (eobs 8019)"}}, {"type": "Feature", "geometry": {"type": "Point", "coordinates": [0.6396416, 41.5438126]}, "properties": {"timestamp": "2021-01-08 02:00:23", "individual": "Brigitte A9V53 (eobs 8019)"}}, {"type": "Feature", "geometry": {"type": "Point", "coordinates": [0.639642, 41.5439207]}, "properties": {"timestamp": "2021-01-09 02:00:23", "individual": "Brigitte A9V53 (eobs 8019)"}}, {"type": "Feature", "geometry": {"type": "Point", "coordinates": [0.6163993, 41.5378039]}, "properties": {"timestamp": "2021-01-10 02:00:23", "individual": "Brigitte A9V53 (eobs 8019)"}}, {"type": "Feature", "geometry": {"type": "Point", "coordinates": [0.6164207, 41.5378828]}, "properties": {"timestamp": "2021-01-11 02:00:23", "individual": "Brigitte A9V53 (eobs 8019)"}}, {"type": "Feature", "geometry": {"type": "Point", "coordinates": [0.6395862, 41.5438737]}, "properties": {"timestamp": "2021-01-12 02:00:23", "individual": "Brigitte A9V53 (eobs 8019)"}}, {"type": "Feature", "geometry": {"type": "Point", "coordinates": [0.6395368, 41.5438444]}, "properties": {"timestamp": "2021-01-13 02:00:23", "individual": "Brigitte A9V53 (eobs 8019)"}}, {"type": "Feature", "geometry": {"type": "Point", "coordinates": [0.6392569, 41.5439441]}, "properties": {"timestamp": "2021-01-14 02:00:23", "individual": "Brigitte A9V53 (eobs 8019)"}}, {"type": "Feature", "geometry": {"type": "Point", "coordinates": [0.6390871, 41.5439749]}, "properties": {"timestamp": "2021-01-15 02:00:23", "individual": "Brigitte A9V53 (eobs 8019)"}}, {"type": "Feature", "geometry": {"type": "Point", "coordinates": [0.6395466, 41.5439065]}, "properties": {"timestamp": "2021-01-16 02:00:23", "individual": "Brigitte A9V53 (eobs 8019)"}}, {"type": "Feature", "geometry": {"type": "Point", "coordinates": [0.6389549, 41.5439055]}, "properties": {"timestamp": "2021-01-17 02:00:23", "individual": "Brigitte A9V53 (eobs 8019)"}}, {"type": "Feature", "geometry": {"type": "Point", "coordinates": [0.6396416, 41.5439312]}, "properties": {"timestamp": "2021-01-18 02:00:23", "individual": "Brigitte A9V53 (eobs 8019)"}}, {"type": "Feature", "geometry": {"type": "Point", "coordinates": [0.6392868, 41.5439322]}, "properties": {"timestamp": "2021-01-19 02:00:23", "individual": "Brigitte A9V53 (eobs 8019)"}}, {"type": "Feature", "geometry": {"type": "Point", "coordinates": [0.6390892, 41.5440483]}, "properties": {"timestamp": "2021-01-20 02:00:23", "individual": "Brigitte A9V53 (eobs 8019)"}}, {"type": "Feature", "geometry": {"type": "Point", "coordinates": [0.6390737, 41.5440304]}, "properties": {"timestamp": "2021-01-21 02:00:23", "individual": "Brigitte A9V53 (eobs 8019)"}}, {"type": "Feature", "geometry": {"type": "Point", "coordinates": [0.6396422, 41.5439242]}, "properties": {"timestamp": "2021-01-22 02:00:23", "individual": "Brigitte A9V53 (eobs 8019)"}}, {"type": "Feature", "geometry": {"type": "Point", "coordinates": [0.6396659, 41.5438939]}, "properties": {"timestamp": "2021-01-23 02:00:23", "individual": "Brigitte A9V53 (eobs 8019)"}}, {"type": "Feature", "geometry": {"type": "Point", "coordinates": [0.639597, 41.5438969]}, "properties": {"timestamp": "2021-01-24 02:00:23", "individual": "Brigitte A9V53 (eobs 8019)"}}, {"type": "Feature", "geometry": {"type": "Point", "coordinates": [0.6396632, 41.5438823]}, "properties": {"timestamp": "2021-01-25 02:00:23", "individual": "Brigitte A9V53 (eobs 8019)"}}, {"type": "Feature", "geometry": {"type": "Point", "coordinates": [0.6394842, 41.5439233]}, "properties": {"timestamp": "2021-01-26 02:00:23", "individual": "Brigitte A9V53 (eobs 8019)"}}, {"type": "Feature", "geometry": {"type": "Point", "coordinates": [0.6394669, 41.5439431]}, "properties": {"timestamp": "2021-01-27 02:00:23", "individual": "Brigitte A9V53 (eobs 8019)"}}, {"type": "Feature", "geometry": {"type": "Point", "coordinates": [0.63947, 41.5439684]}, "properties": {"timestamp": "2021-01-28 02:00:23", "individual": "Brigitte A9V53 (eobs 8019)"}}, {"type": "Feature", "geometry": {"type": "Point", "coordinates": [0.6395077, 41.5439609]}, "properties": {"timestamp": "2021-01-29 02:00:41", "individual": "Brigitte A9V53 (eobs 8019)"}}, {"type": "Feature", "geometry": {"type": "Point", "coordinates": [0.639589, 41.5439135]}, "properties": {"timestamp": "2021-01-30 02:00:23", "individual": "Brigitte A9V53 (eobs 8019)"}}, {"type": "Feature", "geometry": {"type": "Point", "coordinates": [0.6161879, 41.5958702]}, "properties": {"timestamp": "2021-01-31 02:00:23", "individual": "Brigitte A9V53 (eobs 8019)"}}, {"type": "Feature", "geometry": {"type": "Point", "coordinates": [0.4873599, 41.514634]}, "properties": {"timestamp": "2021-02-01 02:00:23", "individual": "Brigitte A9V53 (eobs 8019)"}}, {"type": "Feature", "geometry": {"type": "Point", "coordinates": [0.4878122, 41.5146744]}, "properties": {"timestamp": "2021-02-02 02:00:23", "individual": "Brigitte A9V53 (eobs 8019)"}}, {"type": "Feature", "geometry": {"type": "Point", "coordinates": [0.6395575, 41.5438628]}, "properties": {"timestamp": "2021-02-03 02:00:23", "individual": "Brigitte A9V53 (eobs 8019)"}}, {"type": "Feature", "geometry": {"type": "Point", "coordinates": [0.6396539, 41.5438961]}, "properties": {"timestamp": "2021-02-04 02:00:23", "individual": "Brigitte A9V53 (eobs 8019)"}}, {"type": "Feature", "geometry": {"type": "Point", "coordinates": [0.6392016, 41.5439994]}, "properties": {"timestamp": "2021-02-05 02:00:23", "individual": "Brigitte A9V53 (eobs 8019)"}}, {"type": "Feature", "geometry": {"type": "Point", "coordinates": [0.6394848, 41.5439906]}, "properties": {"timestamp": "2021-02-06 02:00:23", "individual": "Brigitte A9V53 (eobs 8019)"}}, {"type": "Feature", "geometry": {"type": "Point", "coordinates": [0.6395607, 41.5439505]}, "properties": {"timestamp": "2021-02-07 02:00:23", "individual": "Brigitte A9V53 (eobs 8019)"}}, {"type": "Feature", "geometry": {"type": "Point", "coordinates": [0.6246444, 41.612945]}, "properties": {"timestamp": "2021-02-08 02:00:23", "individual": "Brigitte A9V53 (eobs 8019)"}}, {"type": "Feature", "geometry": {"type": "Point", "coordinates": [0.6396325, 41.5439259]}, "properties": {"timestamp": "2021-02-09 02:00:23", "individual": "Brigitte A9V53 (eobs 8019)"}}, {"type": "Feature", "geometry": {"type": "Point", "coordinates": [0.6392885, 41.5439927]}, "properties": {"timestamp": "2021-02-10 02:00:23", "individual": "Brigitte A9V53 (eobs 8019)"}}, {"type": "Feature", "geometry": {"type": "Point", "coordinates": [0.6044485, 41.6182016]}, "properties": {"timestamp": "2021-02-11 02:00:23", "individual": "Brigitte A9V53 (eobs 8019)"}}, {"type": "Feature", "geometry": {"type": "Point", "coordinates": [0.6044983, 41.6182727]}, "properties": {"timestamp": "2021-02-12 02:00:23", "individual": "Brigitte A9V53 (eobs 8019)"}}, {"type": "Feature", "geometry": {"type": "Point", "coordinates": [0.6045443, 41.6183512]}, "properties": {"timestamp": "2021-02-13 02:00:23", "individual": "Brigitte A9V53 (eobs 8019)"}}, {"type": "Feature", "geometry": {"type": "Point", "coordinates": [0.6044804, 41.6182913]}, "properties": {"timestamp": "2021-02-14 02:00:23", "individual": "Brigitte A9V53 (eobs 8019)"}}, {"type": "Feature", "geometry": {"type": "Point", "coordinates": [0.6045506, 41.6183491]}, "properties": {"timestamp": "2021-02-15 02:00:23", "individual": "Brigitte A9V53 (eobs 8019)"}}, {"type": "Feature", "geometry": {"type": "Point", "coordinates": [0.6044836, 41.6183008]}, "properties": {"timestamp": "2021-02-16 02:00:23", "individual": "Brigitte A9V53 (eobs 8019)"}}, {"type": "Feature", "geometry": {"type": "Point", "coordinates": [0.6044882, 41.6183828]}, "properties": {"timestamp": "2021-02-17 02:00:23", "individual": "Brigitte A9V53 (eobs 8019)"}}, {"type": "Feature", "geometry": {"type": "Point", "coordinates": [0.6045519, 41.618251]}, "properties": {"timestamp": "2021-02-18 02:00:23", "individual": "Brigitte A9V53 (eobs 8019)"}}, {"type": "Feature", "geometry": {"type": "Point", "coordinates": [0.6044593, 41.618211]}, "properties": {"timestamp": "2021-02-19 02:00:23", "individual": "Brigitte A9V53 (eobs 8019)"}}, {"type": "Feature", "geometry": {"type": "Point", "coordinates": [0.6045199, 41.6182586]}, "properties": {"timestamp": "2021-02-20 02:00:23", "individual": "Brigitte A9V53 (eobs 8019)"}}, {"type": "Feature", "geometry": {"type": "Point", "coordinates": [0.6044473, 41.6183228]}, "properties": {"timestamp": "2021-02-21 02:00:23", "individual": "Brigitte A9V53 (eobs 8019)"}}, {"type": "Feature", "geometry": {"type": "Point", "coordinates": [0.6045211, 41.618365]}, "properties": {"timestamp": "2021-02-22 02:00:23", "individual": "Brigitte A9V53 (eobs 8019)"}}, {"type": "Feature", "geometry": {"type": "Point", "coordinates": [0.6044909, 41.6181806]}, "properties": {"timestamp": "2021-02-23 02:00:23", "individual": "Brigitte A9V53 (eobs 8019)"}}, {"type": "Feature", "geometry": {"type": "Point", "coordinates": [0.6044026, 41.6182444]}, "properties": {"timestamp": "2021-02-24 02:00:23", "individual": "Brigitte A9V53 (eobs 8019)"}}, {"type": "Feature", "geometry": {"type": "Point", "coordinates": [0.6044274, 41.6182769]}, "properties": {"timestamp": "2021-02-25 02:00:23", "individual": "Brigitte A9V53 (eobs 8019)"}}, {"type": "Feature", "geometry": {"type": "Point", "coordinates": [0.6043878, 41.6181911]}, "properties": {"timestamp": "2021-02-26 02:00:23", "individual": "Brigitte A9V53 (eobs 8019)"}}, {"type": "Feature", "geometry": {"type": "Point", "coordinates": [0.6044375, 41.6183653]}, "properties": {"timestamp": "2021-02-27 02:00:23", "individual": "Brigitte A9V53 (eobs 8019)"}}, {"type": "Feature", "geometry": {"type": "Point", "coordinates": [0.6044029, 41.618241]}, "properties": {"timestamp": "2021-02-28 02:00:23", "individual": "Brigitte A9V53 (eobs 8019)"}}, {"type": "Feature", "geometry": {"type": "Point", "coordinates": [0.6044675, 41.6183132]}, "properties": {"timestamp": "2021-03-01 02:00:41", "individual": "Brigitte A9V53 (eobs 8019)"}}, {"type": "Feature", "geometry": {"type": "Point", "coordinates": [0.6392518, 41.5440544]}, "properties": {"timestamp": "2021-03-02 02:00:23", "individual": "Brigitte A9V53 (eobs 8019)"}}, {"type": "Feature", "geometry": {"type": "Point", "coordinates": [0.5498602, 41.5394377]}, "properties": {"timestamp": "2021-03-03 02:00:23", "individual": "Brigitte A9V53 (eobs 8019)"}}, {"type": "Feature", "geometry": {"type": "Point", "coordinates": [0.5616435, 41.5444692]}, "properties": {"timestamp": "2021-03-04 02:00:23", "individual": "Brigitte A9V53 (eobs 8019)"}}, {"type": "Feature", "geometry": {"type": "Point", "coordinates": [0.5402875, 41.5337746]}, "properties": {"timestamp": "2021-03-05 02:00:23", "individual": "Brigitte A9V53 (eobs 8019)"}}, {"type": "Feature", "geometry": {"type": "Point", "coordinates": [0.6237111, 41.614233]}, "properties": {"timestamp": "2021-03-06 02:00:23", "individual": "Brigitte A9V53 (eobs 8019)"}}, {"type": "Feature", "geometry": {"type": "Point", "coordinates": [0.6044106, 41.6183086]}, "properties": {"timestamp": "2021-03-07 02:00:23", "individual": "Brigitte A9V53 (eobs 8019)"}}, {"type": "Feature", "geometry": {"type": "Point", "coordinates": [0.5382776, 41.5323338]}, "properties": {"timestamp": "2021-03-08 02:00:23", "individual": "Brigitte A9V53 (eobs 8019)"}}, {"type": "Feature", "geometry": {"type": "Point", "coordinates": [0.540295, 41.5337914]}, "properties": {"timestamp": "2021-03-09 02:00:23", "individual": "Brigitte A9V53 (eobs 8019)"}}, {"type": "Feature", "geometry": {"type": "Point", "coordinates": [0.5382407, 41.5323666]}, "properties": {"timestamp": "2021-03-10 02:00:23", "individual": "Brigitte A9V53 (eobs 8019)"}}, {"type": "Feature", "geometry": {"type": "Point", "coordinates": [0.5760273, 41.5509216]}, "properties": {"timestamp": "2021-03-11 02:00:23", "individual": "Brigitte A9V53 (eobs 8019)"}}, {"type": "Feature", "geometry": {"type": "Point", "coordinates": [0.5760222, 41.5508659]}, "properties": {"timestamp": "2021-03-12 02:00:23", "individual": "Brigitte A9V53 (eobs 8019)"}}, {"type": "Feature", "geometry": {"type": "Point", "coordinates": [0.5578148, 41.5640688]}, "properties": {"timestamp": "2021-03-13 02:00:23", "individual": "Brigitte A9V53 (eobs 8019)"}}, {"type": "Feature", "geometry": {"type": "Point", "coordinates": [0.5578254, 41.5640406]}, "properties": {"timestamp": "2021-03-14 02:00:23", "individual": "Brigitte A9V53 (eobs 8019)"}}, {"type": "Feature", "geometry": {"type": "Point", "coordinates": [0.5578001, 41.5640865]}, "properties": {"timestamp": "2021-03-15 02:00:23", "individual": "Brigitte A9V53 (eobs 8019)"}}, {"type": "Feature", "geometry": {"type": "Point", "coordinates": [0.553731, 41.5612061]}, "properties": {"timestamp": "2021-03-16 02:00:23", "individual": "Brigitte A9V53 (eobs 8019)"}}, {"type": "Feature", "geometry": {"type": "Point", "coordinates": [0.4918344, 41.5129742]}, "properties": {"timestamp": "2021-03-17 02:00:23", "individual": "Brigitte A9V53 (eobs 8019)"}}, {"type": "Feature", "geometry": {"type": "Point", "coordinates": [0.5578466, 41.5641174]}, "properties": {"timestamp": "2021-03-18 02:00:23", "individual": "Brigitte A9V53 (eobs 8019)"}}, {"type": "Feature", "geometry": {"type": "Point", "coordinates": [0.6045864, 41.6183952]}, "properties": {"timestamp": "2021-03-19 02:00:23", "individual": "Brigitte A9V53 (eobs 8019)"}}, {"type": "Feature", "geometry": {"type": "Point", "coordinates": [0.6046859, 41.6184012]}, "properties": {"timestamp": "2021-03-20 02:00:23", "individual": "Brigitte A9V53 (eobs 8019)"}}, {"type": "Feature", "geometry": {"type": "Point", "coordinates": [0.5578381, 41.5640822]}, "properties": {"timestamp": "2021-03-21 02:00:23", "individual": "Brigitte A9V53 (eobs 8019)"}}, {"type": "Feature", "geometry": {"type": "Point", "coordinates": [0.5552018, 41.5655639]}, "properties": {"timestamp": "2021-03-22 02:00:23", "individual": "Brigitte A9V53 (eobs 8019)"}}, {"type": "Feature", "geometry": {"type": "Point", "coordinates": [0.5578072, 41.5641373]}, "properties": {"timestamp": "2021-03-23 02:00:38", "individual": "Brigitte A9V53 (eobs 8019)"}}, {"type": "Feature", "geometry": {"type": "Point", "coordinates": [0.5239413, 41.5457069]}, "properties": {"timestamp": "2021-03-24 02:00:23", "individual": "Brigitte A9V53 (eobs 8019)"}}, {"type": "Feature", "geometry": {"type": "Point", "coordinates": [0.5529673, 41.5621746]}, "properties": {"timestamp": "2021-03-25 02:00:23", "individual": "Brigitte A9V53 (eobs 8019)"}}, {"type": "Feature", "geometry": {"type": "Point", "coordinates": [0.5238473, 41.5457872]}, "properties": {"timestamp": "2021-03-26 02:00:23", "individual": "Brigitte A9V53 (eobs 8019)"}}, {"type": "Feature", "geometry": {"type": "Point", "coordinates": [0.5255388, 41.5462184]}, "properties": {"timestamp": "2021-03-27 02:00:23", "individual": "Brigitte A9V53 (eobs 8019)"}}, {"type": "Feature", "geometry": {"type": "Point", "coordinates": [0.525992, 41.546568]}, "properties": {"timestamp": "2021-03-28 02:00:23", "individual": "Brigitte A9V53 (eobs 8019)"}}, {"type": "Feature", "geometry": {"type": "Point", "coordinates": [0.5255646, 41.5461968]}, "properties": {"timestamp": "2021-03-29 02:00:41", "individual": "Brigitte A9V53 (eobs 8019)"}}, {"type": "Feature", "geometry": {"type": "Point", "coordinates": [0.525512, 41.5462923]}, "properties": {"timestamp": "2021-03-30 02:00:23", "individual": "Brigitte A9V53 (eobs 8019)"}}, {"type": "Feature", "geometry": {"type": "Point", "coordinates": [0.525521, 41.5462682]}, "properties": {"timestamp": "2021-03-31 02:00:23", "individual": "Brigitte A9V53 (eobs 8019)"}}, {"type": "Feature", "geometry": {"type": "Point", "coordinates": [0.5254992, 41.5463637]}, "properties": {"timestamp": "2021-04-01 02:00:23", "individual": "Brigitte A9V53 (eobs 8019)"}}, {"type": "Feature", "geometry": {"type": "Point", "coordinates": [0.5255331, 41.5463225]}, "properties": {"timestamp": "2021-04-02 02:00:23", "individual": "Brigitte A9V53 (eobs 8019)"}}, {"type": "Feature", "geometry": {"type": "Point", "coordinates": [0.5254707, 41.5462973]}, "properties": {"timestamp": "2021-04-03 02:00:23", "individual": "Brigitte A9V53 (eobs 8019)"}}, {"type": "Feature", "geometry": {"type": "Point", "coordinates": [0.5240728, 41.5457338]}, "properties": {"timestamp": "2021-04-04 02:00:23", "individual": "Brigitte A9V53 (eobs 8019)"}}, {"type": "Feature", "geometry": {"type": "Point", "coordinates": [0.5255447, 41.5463315]}, "properties": {"timestamp": "2021-04-05 02:00:41", "individual": "Brigitte A9V53 (eobs 8019)"}}, {"type": "Feature", "geometry": {"type": "Point", "coordinates": [0.5255329, 41.546187]}, "properties": {"timestamp": "2021-04-06 02:00:23", "individual": "Brigitte A9V53 (eobs 8019)"}}, {"type": "Feature", "geometry": {"type": "Point", "coordinates": [0.5581174, 41.5639292]}, "properties": {"timestamp": "2021-04-07 02:00:23", "individual": "Brigitte A9V53 (eobs 8019)"}}, {"type": "Feature", "geometry": {"type": "Point", "coordinates": [0.5583653, 41.5639176]}, "properties": {"timestamp": "2021-04-08 02:00:23", "individual": "Brigitte A9V53 (eobs 8019)"}}, {"type": "Feature", "geometry": {"type": "Point", "coordinates": [0.5581353, 41.563917]}, "properties": {"timestamp": "2021-04-09 02:00:23", "individual": "Brigitte A9V53 (eobs 8019)"}}, {"type": "Feature", "geometry": {"type": "Point", "coordinates": [0.5581263, 41.5639175]}, "properties": {"timestamp": "2021-04-10 02:00:23", "individual": "Brigitte A9V53 (eobs 8019)"}}, {"type": "Feature", "geometry": {"type": "Point", "coordinates": [0.5577887, 41.5641131]}, "properties": {"timestamp": "2021-04-11 02:00:23", "individual": "Brigitte A9V53 (eobs 8019)"}}, {"type": "Feature", "geometry": {"type": "Point", "coordinates": [0.5581197, 41.5639483]}, "properties": {"timestamp": "2021-04-12 02:00:23", "individual": "Brigitte A9V53 (eobs 8019)"}}, {"type": "Feature", "geometry": {"type": "Point", "coordinates": [0.5581278, 41.5639062]}, "properties": {"timestamp": "2021-04-13 02:00:23", "individual": "Brigitte A9V53 (eobs 8019)"}}, {"type": "Feature", "geometry": {"type": "Point", "coordinates": [0.5581298, 41.5639437]}, "properties": {"timestamp": "2021-04-14 02:00:23", "individual": "Brigitte A9V53 (eobs 8019)"}}, {"type": "Feature", "geometry": {"type": "Point", "coordinates": [0.5581371, 41.5638891]}, "properties": {"timestamp": "2021-04-15 02:00:23", "individual": "Brigitte A9V53 (eobs 8019)"}}, {"type": "Feature", "geometry": {"type": "Point", "coordinates": [0.5581221, 41.5639257]}, "properties": {"timestamp": "2021-04-16 02:00:23", "individual": "Brigitte A9V53 (eobs 8019)"}}, {"type": "Feature", "geometry": {"type": "Point", "coordinates": [0.5571362, 41.5614137]}, "properties": {"timestamp": "2021-04-17 02:00:23", "individual": "Brigitte A9V53 (eobs 8019)"}}, {"type": "Feature", "geometry": {"type": "Point", "coordinates": [0.5580537, 41.56399]}, "properties": {"timestamp": "2021-04-18 02:00:23", "individual": "Brigitte A9V53 (eobs 8019)"}}, {"type": "Feature", "geometry": {"type": "Point", "coordinates": [0.5581476, 41.5638804]}, "properties": {"timestamp": "2021-04-19 02:00:23", "individual": "Brigitte A9V53 (eobs 8019)"}}, {"type": "Feature", "geometry": {"type": "Point", "coordinates": [0.5586559, 41.5631447]}, "properties": {"timestamp": "2021-04-20 02:00:23", "individual": "Brigitte A9V53 (eobs 8019)"}}, {"type": "Feature", "geometry": {"type": "Point", "coordinates": [0.5586566, 41.5633459]}, "properties": {"timestamp": "2021-04-21 02:00:23", "individual": "Brigitte A9V53 (eobs 8019)"}}, {"type": "Feature", "geometry": {"type": "Point", "coordinates": [0.5585916, 41.5632459]}, "properties": {"timestamp": "2021-04-22 02:00:23", "individual": "Brigitte A9V53 (eobs 8019)"}}, {"type": "Feature", "geometry": {"type": "Point", "coordinates": [0.5586323, 41.5631488]}, "properties": {"timestamp": "2021-04-23 02:00:23", "individual": "Brigitte A9V53 (eobs 8019)"}}, {"type": "Feature", "geometry": {"type": "Point", "coordinates": [0.5582019, 41.5638764]}, "properties": {"timestamp": "2021-04-24 02:00:23", "individual": "Brigitte A9V53 (eobs 8019)"}}, {"type": "Feature", "geometry": {"type": "Point", "coordinates": [0.557823, 41.5641302]}, "properties": {"timestamp": "2021-04-25 02:00:23", "individual": "Brigitte A9V53 (eobs 8019)"}}, {"type": "Feature", "geometry": {"type": "Point", "coordinates": [0.5250778, 41.5461928]}, "properties": {"timestamp": "2021-04-26 02:00:23", "individual": "Brigitte A9V53 (eobs 8019)"}}, {"type": "Feature", "geometry": {"type": "Point", "coordinates": [0.5255652, 41.5462455]}, "properties": {"timestamp": "2021-04-27 02:00:23", "individual": "Brigitte A9V53 (eobs 8019)"}}, {"type": "Feature", "geometry": {"type": "Point", "coordinates": [0.5610144, 41.5621104]}, "properties": {"timestamp": "2021-04-28 02:00:41", "individual": "Brigitte A9V53 (eobs 8019)"}}, {"type": "Feature", "geometry": {"type": "Point", "coordinates": [0.5585641, 41.5630836]}, "properties": {"timestamp": "2021-04-29 02:00:23", "individual": "Brigitte A9V53 (eobs 8019)"}}, {"type": "Feature", "geometry": {"type": "Point", "coordinates": [0.5586899, 41.5631263]}, "properties": {"timestamp": "2021-04-30 02:00:23", "individual": "Brigitte A9V53 (eobs 8019)"}}, {"type": "Feature", "geometry": {"type": "Point", "coordinates": [0.5584993, 41.563074]}, "properties": {"timestamp": "2021-05-01 02:00:41", "individual": "Brigitte A9V53 (eobs 8019)"}}, {"type": "Feature", "geometry": {"type": "Point", "coordinates": [0.5585518, 41.5639347]}, "properties": {"timestamp": "2021-05-02 02:00:41", "individual": "Brigitte A9V53 (eobs 8019)"}}, {"type": "Feature", "geometry": {"type": "Point", "coordinates": [0.5585444, 41.5631347]}, "properties": {"timestamp": "2021-05-03 02:00:23", "individual": "Brigitte A9V53 (eobs 8019)"}}, {"type": "Feature", "geometry": {"type": "Point", "coordinates": [0.5586692, 41.5631596]}, "properties": {"timestamp": "2021-05-04 02:00:23", "individual": "Brigitte A9V53 (eobs 8019)"}}, {"type": "Feature", "geometry": {"type": "Point", "coordinates": [0.5581401, 41.5639527]}, "properties": {"timestamp": "2021-05-05 02:00:23", "individual": "Brigitte A9V53 (eobs 8019)"}}, {"type": "Feature", "geometry": {"type": "Point", "coordinates": [0.5604873, 41.5622907]}, "properties": {"timestamp": "2021-05-06 02:00:23", "individual": "Brigitte A9V53 (eobs 8019)"}}, {"type": "Feature", "geometry": {"type": "Point", "coordinates": [0.6406078, 41.6346654]}, "properties": {"timestamp": "2021-05-07 02:00:47", "individual": "Brigitte A9V53 (eobs 8019)"}}, {"type": "Feature", "geometry": {"type": "Point", "coordinates": [0.8810826, 41.636112]}, "properties": {"timestamp": "2021-05-08 02:00:23", "individual": "Brigitte A9V53 (eobs 8019)"}}, {"type": "Feature", "geometry": {"type": "Point", "coordinates": [0.9512179, 41.6571971]}, "properties": {"timestamp": "2021-05-09 02:00:23", "individual": "Brigitte A9V53 (eobs 8019)"}}, {"type": "Feature", "geometry": {"type": "Point", "coordinates": [0.9322269, 41.6391522]}, "properties": {"timestamp": "2021-05-10 02:00:23", "individual": "Brigitte A9V53 (eobs 8019)"}}, {"type": "Feature", "geometry": {"type": "Point", "coordinates": [0.7947386, 41.647056]}, "properties": {"timestamp": "2021-05-11 02:00:23", "individual": "Brigitte A9V53 (eobs 8019)"}}, {"type": "Feature", "geometry": {"type": "Point", "coordinates": [0.7916433, 41.6374201]}, "properties": {"timestamp": "2021-05-12 02:00:23", "individual": "Brigitte A9V53 (eobs 8019)"}}, {"type": "Feature", "geometry": {"type": "Point", "coordinates": [0.7920304, 41.6378571]}, "properties": {"timestamp": "2021-05-13 02:00:23", "individual": "Brigitte A9V53 (eobs 8019)"}}, {"type": "Feature", "geometry": {"type": "Point", "coordinates": [0.7614, 41.6519424]}, "properties": {"timestamp": "2021-05-14 02:00:23", "individual": "Brigitte A9V53 (eobs 8019)"}}, {"type": "Feature", "geometry": {"type": "Point", "coordinates": [0.7920276, 41.6378574]}, "properties": {"timestamp": "2021-05-15 02:00:23", "individual": "Brigitte A9V53 (eobs 8019)"}}, {"type": "Feature", "geometry": {"type": "Point", "coordinates": [0.7627204, 41.6534491]}, "properties": {"timestamp": "2021-05-16 02:00:23", "individual": "Brigitte A9V53 (eobs 8019)"}}, {"type": "Feature", "geometry": {"type": "Point", "coordinates": [0.7489798, 41.6617987]}, "properties": {"timestamp": "2021-05-17 02:00:23", "individual": "Brigitte A9V53 (eobs 8019)"}}, {"type": "Feature", "geometry": {"type": "Point", "coordinates": [0.7679361, 41.6986749]}, "properties": {"timestamp": "2021-05-18 02:00:23", "individual": "Brigitte A9V53 (eobs 8019)"}}, {"type": "Feature", "geometry": {"type": "Point", "coordinates": [0.7634473, 41.6523732]}, "properties": {"timestamp": "2021-05-19 02:00:23", "individual": "Brigitte A9V53 (eobs 8019)"}}, {"type": "Feature", "geometry": {"type": "Point", "coordinates": [0.7613892, 41.6519313]}, "properties": {"timestamp": "2021-05-20 02:00:23", "individual": "Brigitte A9V53 (eobs 8019)"}}, {"type": "Feature", "geometry": {"type": "Point", "coordinates": [0.761407, 41.6519418]}, "properties": {"timestamp": "2021-05-21 02:00:23", "individual": "Brigitte A9V53 (eobs 8019)"}}, {"type": "Feature", "geometry": {"type": "Point", "coordinates": [0.7313973, 41.6423801]}, "properties": {"timestamp": "2021-05-22 02:00:23", "individual": "Brigitte A9V53 (eobs 8019)"}}, {"type": "Feature", "geometry": {"type": "Point", "coordinates": [0.7417481, 41.6793269]}, "properties": {"timestamp": "2021-05-23 02:00:23", "individual": "Brigitte A9V53 (eobs 8019)"}}, {"type": "Feature", "geometry": {"type": "Point", "coordinates": [0.7384488, 41.6430466]}, "properties": {"timestamp": "2021-05-24 02:00:23", "individual": "Brigitte A9V53 (eobs 8019)"}}, {"type": "Feature", "geometry": {"type": "Point", "coordinates": [0.748823, 41.7029586]}, "properties": {"timestamp": "2021-05-25 02:00:23", "individual": "Brigitte A9V53 (eobs 8019)"}}, {"type": "Feature", "geometry": {"type": "Point", "coordinates": [0.8719555, 41.6649035]}, "properties": {"timestamp": "2021-05-26 02:00:23", "individual": "Brigitte A9V53 (eobs 8019)"}}, {"type": "Feature", "geometry": {"type": "Point", "coordinates": [0.9324583, 41.6396304]}, "properties": {"timestamp": "2021-05-27 02:00:41", "individual": "Brigitte A9V53 (eobs 8019)"}}, {"type": "Feature", "geometry": {"type": "Point", "coordinates": [0.9325262, 41.6396351]}, "properties": {"timestamp": "2021-05-28 02:00:23", "individual": "Brigitte A9V53 (eobs 8019)"}}, {"type": "Feature", "geometry": {"type": "Point", "coordinates": [0.7043686, 41.6896395]}, "properties": {"timestamp": "2021-05-29 02:00:23", "individual": "Brigitte A9V53 (eobs 8019)"}}, {"type": "Feature", "geometry": {"type": "Point", "coordinates": [0.7062136, 41.6666299]}, "properties": {"timestamp": "2021-05-30 02:00:23", "individual": "Brigitte A9V53 (eobs 8019)"}}, {"type": "Feature", "geometry": {"type": "Point", "coordinates": [0.7368125, 41.6409691]}, "properties": {"timestamp": "2021-05-31 02:00:23", "individual": "Brigitte A9V53 (eobs 8019)"}}, {"type": "Feature", "geometry": {"type": "Point", "coordinates": [0.7948505, 41.6302711]}, "properties": {"timestamp": "2021-06-01 02:00:23", "individual": "Brigitte A9V53 (eobs 8019)"}}, {"type": "Feature", "geometry": {"type": "Point", "coordinates": [0.7576162, 41.7105585]}, "properties": {"timestamp": "2021-06-02 02:00:23", "individual": "Brigitte A9V53 (eobs 8019)"}}, {"type": "Feature", "geometry": {"type": "Point", "coordinates": [0.7694491, 41.7000266]}, "properties": {"timestamp": "2021-06-03 02:00:23", "individual": "Brigitte A9V53 (eobs 8019)"}}, {"type": "Feature", "geometry": {"type": "Point", "coordinates": [0.795104, 41.6285166]}, "properties": {"timestamp": "2021-06-04 02:00:23", "individual": "Brigitte A9V53 (eobs 8019)"}}, {"type": "Feature", "geometry": {"type": "Point", "coordinates": [0.7950891, 41.6284965]}, "properties": {"timestamp": "2021-06-05 02:00:23", "individual": "Brigitte A9V53 (eobs 8019)"}}, {"type": "Feature", "geometry": {"type": "Point", "coordinates": [0.8437461, 41.6039723]}, "properties": {"timestamp": "2021-06-06 02:00:23", "individual": "Brigitte A9V53 (eobs 8019)"}}, {"type": "Feature", "geometry": {"type": "Point", "coordinates": [0.9210557, 41.6455861]}, "properties": {"timestamp": "2021-06-07 02:00:23", "individual": "Brigitte A9V53 (eobs 8019)"}}, {"type": "Feature", "geometry": {"type": "Point", "coordinates": [1.0436445, 41.7098793]}, "properties": {"timestamp": "2021-06-08 02:00:23", "individual": "Brigitte A9V53 (eobs 8019)"}}, {"type": "Feature", "geometry": {"type": "Point", "coordinates": [1.0280548, 41.7158565]}, "properties": {"timestamp": "2021-06-09 02:00:23", "individual": "Brigitte A9V53 (eobs 8019)"}}, {"type": "Feature", "geometry": {"type": "Point", "coordinates": [0.9391382, 41.6796622]}, "properties": {"timestamp": "2021-06-10 02:00:23", "individual": "Brigitte A9V53 (eobs 8019)"}}, {"type": "Feature", "geometry": {"type": "Point", "coordinates": [0.9391719, 41.6796531]}, "properties": {"timestamp": "2021-06-11 02:00:23", "individual": "Brigitte A9V53 (eobs 8019)"}}, {"type": "Feature", "geometry": {"type": "Point", "coordinates": [0.938506, 41.6793719]}, "properties": {"timestamp": "2021-06-12 02:00:23", "individual": "Brigitte A9V53 (eobs 8019)"}}, {"type": "Feature", "geometry": {"type": "Point", "coordinates": [0.9680846, 41.6642637]}, "properties": {"timestamp": "2021-06-13 02:00:23", "individual": "Brigitte A9V53 (eobs 8019)"}}, {"type": "Feature", "geometry": {"type": "Point", "coordinates": [0.8549613, 41.6258916]}, "properties": {"timestamp": "2021-06-14 02:00:23", "individual": "Brigitte A9V53 (eobs 8019)"}}, {"type": "Feature", "geometry": {"type": "Point", "coordinates": [0.7950503, 41.6284972]}, "properties": {"timestamp": "2021-06-15 02:00:23", "individual": "Brigitte A9V53 (eobs 8019)"}}, {"type": "Feature", "geometry": {"type": "Point", "coordinates": [0.846531, 41.6047207]}, "properties": {"timestamp": "2021-06-16 02:00:23", "individual": "Brigitte A9V53 (eobs 8019)"}}, {"type": "Feature", "geometry": {"type": "Point", "coordinates": [0.845712, 41.6054696]}, "properties": {"timestamp": "2021-06-17 02:00:23", "individual": "Brigitte A9V53 (eobs 8019)"}}, {"type": "Feature", "geometry": {"type": "Point", "coordinates": [0.8456957, 41.6054254]}, "properties": {"timestamp": "2021-06-18 02:00:23", "individual": "Brigitte A9V53 (eobs 8019)"}}, {"type": "Feature", "geometry": {"type": "Point", "coordinates": [0.9380705, 41.679232]}, "properties": {"timestamp": "2021-06-19 02:00:23", "individual": "Brigitte A9V53 (eobs 8019)"}}, {"type": "Feature", "geometry": {"type": "Point", "coordinates": [0.9381816, 41.6791796]}, "properties": {"timestamp": "2021-06-20 02:00:23", "individual": "Brigitte A9V53 (eobs 8019)"}}, {"type": "Feature", "geometry": {"type": "Point", "coordinates": [0.9457804, 41.6679643]}, "properties": {"timestamp": "2021-06-21 02:00:23", "individual": "Brigitte A9V53 (eobs 8019)"}}, {"type": "Feature", "geometry": {"type": "Point", "coordinates": [0.9379549, 41.679057]}, "properties": {"timestamp": "2021-06-22 02:00:23", "individual": "Brigitte A9V53 (eobs 8019)"}}, {"type": "Feature", "geometry": {"type": "Point", "coordinates": [0.9376874, 41.6789954]}, "properties": {"timestamp": "2021-06-23 02:00:23", "individual": "Brigitte A9V53 (eobs 8019)"}}, {"type": "Feature", "geometry": {"type": "Point", "coordinates": [0.9367694, 41.6773766]}, "properties": {"timestamp": "2021-06-24 02:00:53", "individual": "Brigitte A9V53 (eobs 8019)"}}, {"type": "Feature", "geometry": {"type": "Point", "coordinates": [0.9599778, 41.5729156]}, "properties": {"timestamp": "2021-06-25 02:00:23", "individual": "Brigitte A9V53 (eobs 8019)"}}, {"type": "Feature", "geometry": {"type": "Point", "coordinates": [0.9605932, 41.573009]}, "properties": {"timestamp": "2021-06-26 02:00:23", "individual": "Brigitte A9V53 (eobs 8019)"}}, {"type": "Feature", "geometry": {"type": "Point", "coordinates": [0.9605575, 41.5730183]}, "properties": {"timestamp": "2021-06-27 02:00:23", "individual": "Brigitte A9V53 (eobs 8019)"}}, {"type": "Feature", "geometry": {"type": "Point", "coordinates": [0.9607931, 41.5730445]}, "properties": {"timestamp": "2021-06-28 02:00:23", "individual": "Brigitte A9V53 (eobs 8019)"}}, {"type": "Feature", "geometry": {"type": "Point", "coordinates": [0.9603289, 41.572896]}, "properties": {"timestamp": "2021-06-29 02:00:23", "individual": "Brigitte A9V53 (eobs 8019)"}}, {"type": "Feature", "geometry": {"type": "Point", "coordinates": [0.989141, 41.5950362]}, "properties": {"timestamp": "2021-06-30 02:00:23", "individual": "Brigitte A9V53 (eobs 8019)"}}, {"type": "Feature", "geometry": {"type": "Point", "coordinates": [0.9652673, 41.5726463]}, "properties": {"timestamp": "2021-07-01 02:00:23", "individual": "Brigitte A9V53 (eobs 8019)"}}, {"type": "Feature", "geometry": {"type": "Point", "coordinates": [0.9605701, 41.5730267]}, "properties": {"timestamp": "2021-07-02 02:00:23", "individual": "Brigitte A9V53 (eobs 8019)"}}, {"type": "Feature", "geometry": {"type": "Point", "coordinates": [0.9644108, 41.5726779]}, "properties": {"timestamp": "2021-07-03 02:00:23", "individual": "Brigitte A9V53 (eobs 8019)"}}, {"type": "Feature", "geometry": {"type": "Point", "coordinates": [0.960487, 41.5730152]}, "properties": {"timestamp": "2021-07-04 02:00:23", "individual": "Brigitte A9V53 (eobs 8019)"}}, {"type": "Feature", "geometry": {"type": "Point", "coordinates": [1.0406716, 41.6275327]}, "properties": {"timestamp": "2021-07-05 02:00:23", "individual": "Brigitte A9V53 (eobs 8019)"}}, {"type": "Feature", "geometry": {"type": "Point", "coordinates": [1.0267408, 41.5822005]}, "properties": {"timestamp": "2021-07-06 02:00:23", "individual": "Brigitte A9V53 (eobs 8019)"}}, {"type": "Feature", "geometry": {"type": "Point", "coordinates": [1.1556794, 41.6700882]}, "properties": {"timestamp": "2021-07-07 02:00:23", "individual": "Brigitte A9V53 (eobs 8019)"}}, {"type": "Feature", "geometry": {"type": "Point", "coordinates": [0.9920092, 41.5800159]}, "properties": {"timestamp": "2021-07-08 02:00:23", "individual": "Brigitte A9V53 (eobs 8019)"}}, {"type": "Feature", "geometry": {"type": "Point", "coordinates": [0.9900191, 41.5815202]}, "properties": {"timestamp": "2021-07-09 02:00:23", "individual": "Brigitte A9V53 (eobs 8019)"}}, {"type": "Feature", "geometry": {"type": "Point", "coordinates": [0.9899879, 41.5815174]}, "properties": {"timestamp": "2021-07-10 02:00:23", "individual": "Brigitte A9V53 (eobs 8019)"}}, {"type": "Feature", "geometry": {"type": "Point", "coordinates": [0.9940149, 41.5785137]}, "properties": {"timestamp": "2021-07-11 02:00:23", "individual": "Brigitte A9V53 (eobs 8019)"}}, {"type": "Feature", "geometry": {"type": "Point", "coordinates": [0.8459179, 41.6042734]}, "properties": {"timestamp": "2021-07-12 02:00:23", "individual": "Brigitte A9V53 (eobs 8019)"}}, {"type": "Feature", "geometry": {"type": "Point", "coordinates": [0.8459166, 41.6042837]}, "properties": {"timestamp": "2021-07-13 02:00:23", "individual": "Brigitte A9V53 (eobs 8019)"}}, {"type": "Feature", "geometry": {"type": "Point", "coordinates": [0.933787, 41.6459755]}, "properties": {"timestamp": "2021-07-14 02:00:23", "individual": "Brigitte A9V53 (eobs 8019)"}}, {"type": "Feature", "geometry": {"type": "Point", "coordinates": [0.8454776, 41.6039625]}, "properties": {"timestamp": "2021-07-15 02:00:23", "individual": "Brigitte A9V53 (eobs 8019)"}}, {"type": "Feature", "geometry": {"type": "Point", "coordinates": [0.8465665, 41.6046821]}, "properties": {"timestamp": "2021-07-16 02:00:23", "individual": "Brigitte A9V53 (eobs 8019)"}}, {"type": "Feature", "geometry": {"type": "Point", "coordinates": [0.8463761, 41.6058609]}, "properties": {"timestamp": "2021-07-17 02:00:23", "individual": "Brigitte A9V53 (eobs 8019)"}}, {"type": "Feature", "geometry": {"type": "Point", "coordinates": [0.8454808, 41.6039676]}, "properties": {"timestamp": "2021-07-18 02:00:23", "individual": "Brigitte A9V53 (eobs 8019)"}}, {"type": "Feature", "geometry": {"type": "Point", "coordinates": [0.7906314, 41.6256159]}, "properties": {"timestamp": "2021-07-19 02:00:23", "individual": "Brigitte A9V53 (eobs 8019)"}}, {"type": "Feature", "geometry": {"type": "Point", "coordinates": [0.7909597, 41.6263001]}, "properties": {"timestamp": "2021-07-20 02:00:23", "individual": "Brigitte A9V53 (eobs 8019)"}}, {"type": "Feature", "geometry": {"type": "Point", "coordinates": [0.7860195, 41.5708843]}, "properties": {"timestamp": "2021-07-21 02:00:23", "individual": "Brigitte A9V53 (eobs 8019)"}}, {"type": "Feature", "geometry": {"type": "Point", "coordinates": [0.84638, 41.6058764]}, "properties": {"timestamp": "2021-07-22 02:00:23", "individual": "Brigitte A9V53 (eobs 8019)"}}, {"type": "Feature", "geometry": {"type": "Point", "coordinates": [0.8454599, 41.6040174]}, "properties": {"timestamp": "2021-07-23 02:00:23", "individual": "Brigitte A9V53 (eobs 8019)"}}, {"type": "Feature", "geometry": {"type": "Point", "coordinates": [0.8454753, 41.6040382]}, "properties": {"timestamp": "2021-07-24 02:00:23", "individual": "Brigitte A9V53 (eobs 8019)"}}, {"type": "Feature", "geometry": {"type": "Point", "coordinates": [0.8454491, 41.6040685]}, "properties": {"timestamp": "2021-07-25 02:00:23", "individual": "Brigitte A9V53 (eobs 8019)"}}, {"type": "Feature", "geometry": {"type": "Point", "coordinates": [0.7441627, 41.5937479]}, "properties": {"timestamp": "2021-07-26 02:00:23", "individual": "Brigitte A9V53 (eobs 8019)"}}, {"type": "Feature", "geometry": {"type": "Point", "coordinates": [0.7441366, 41.5937532]}, "properties": {"timestamp": "2021-07-27 02:00:41", "individual": "Brigitte A9V53 (eobs 8019)"}}, {"type": "Feature", "geometry": {"type": "Point", "coordinates": [0.74413, 41.5937526]}, "properties": {"timestamp": "2021-07-28 02:00:23", "individual": "Brigitte A9V53 (eobs 8019)"}}, {"type": "Feature", "geometry": {"type": "Point", "coordinates": [0.6844136, 41.618723]}, "properties": {"timestamp": "2021-07-29 02:00:23", "individual": "Brigitte A9V53 (eobs 8019)"}}, {"type": "Feature", "geometry": {"type": "Point", "coordinates": [0.6718626, 41.5866578]}, "properties": {"timestamp": "2021-07-30 02:00:23", "individual": "Brigitte A9V53 (eobs 8019)"}}, {"type": "Feature", "geometry": {"type": "Point", "coordinates": [0.6432466, 41.6232899]}, "properties": {"timestamp": "2021-07-31 02:00:23", "individual": "Brigitte A9V53 (eobs 8019)"}}, {"type": "Feature", "geometry": {"type": "Point", "coordinates": [0.7895026, 41.6265215]}, "properties": {"timestamp": "2021-08-01 02:00:23", "individual": "Brigitte A9V53 (eobs 8019)"}}, {"type": "Feature", "geometry": {"type": "Point", "coordinates": [0.6750002, 41.5846654]}, "properties": {"timestamp": "2021-08-02 02:00:23", "individual": "Brigitte A9V53 (eobs 8019)"}}, {"type": "Feature", "geometry": {"type": "Point", "coordinates": [0.8472401, 41.6051385]}, "properties": {"timestamp": "2021-08-03 02:00:23", "individual": "Brigitte A9V53 (eobs 8019)"}}, {"type": "Feature", "geometry": {"type": "Point", "coordinates": [0.8454382, 41.6040698]}, "properties": {"timestamp": "2021-08-04 02:00:23", "individual": "Brigitte A9V53 (eobs 8019)"}}, {"type": "Feature", "geometry": {"type": "Point", "coordinates": [0.9445302, 41.6695174]}, "properties": {"timestamp": "2021-08-05 02:00:23", "individual": "Brigitte A9V53 (eobs 8019)"}}, {"type": "Feature", "geometry": {"type": "Point", "coordinates": [1.0245398, 41.6288766]}, "properties": {"timestamp": "2021-08-06 02:00:23", "individual": "Brigitte A9V53 (eobs 8019)"}}, {"type": "Feature", "geometry": {"type": "Point", "coordinates": [1.1575273, 41.6715093]}, "properties": {"timestamp": "2021-08-07 02:00:23", "individual": "Brigitte A9V53 (eobs 8019)"}}, {"type": "Feature", "geometry": {"type": "Point", "coordinates": [1.0242166, 41.6288228]}, "properties": {"timestamp": "2021-08-08 02:00:23", "individual": "Brigitte A9V53 (eobs 8019)"}}, {"type": "Feature", "geometry": {"type": "Point", "coordinates": [0.9037859, 41.6883134]}, "properties": {"timestamp": "2021-08-09 02:00:41", "individual": "Brigitte A9V53 (eobs 8019)"}}, {"type": "Feature", "geometry": {"type": "Point", "coordinates": [0.9324833, 41.6396681]}, "properties": {"timestamp": "2021-08-10 02:00:23", "individual": "Brigitte A9V53 (eobs 8019)"}}, {"type": "Feature", "geometry": {"type": "Point", "coordinates": [0.9325854, 41.6396995]}, "properties": {"timestamp": "2021-08-11 02:00:23", "individual": "Brigitte A9V53 (eobs 8019)"}}, {"type": "Feature", "geometry": {"type": "Point", "coordinates": [0.9535665, 41.6613587]}, "properties": {"timestamp": "2021-08-12 02:00:23", "individual": "Brigitte A9V53 (eobs 8019)"}}, {"type": "Feature", "geometry": {"type": "Point", "coordinates": [0.9485031, 41.6658072]}, "properties": {"timestamp": "2021-08-13 02:00:23", "individual": "Brigitte A9V53 (eobs 8019)"}}, {"type": "Feature", "geometry": {"type": "Point", "coordinates": [0.9846368, 41.679717]}, "properties": {"timestamp": "2021-08-14 02:00:23", "individual": "Brigitte A9V53 (eobs 8019)"}}, {"type": "Feature", "geometry": {"type": "Point", "coordinates": [0.9413617, 41.669587]}, "properties": {"timestamp": "2021-08-15 02:00:23", "individual": "Brigitte A9V53 (eobs 8019)"}}, {"type": "Feature", "geometry": {"type": "Point", "coordinates": [0.9445172, 41.6695062]}, "properties": {"timestamp": "2021-08-16 02:00:23", "individual": "Brigitte A9V53 (eobs 8019)"}}, {"type": "Feature", "geometry": {"type": "Point", "coordinates": [0.9700295, 41.6739224]}, "properties": {"timestamp": "2021-08-17 02:00:23", "individual": "Brigitte A9V53 (eobs 8019)"}}, {"type": "Feature", "geometry": {"type": "Point", "coordinates": [0.94358, 41.6688401]}, "properties": {"timestamp": "2021-08-18 02:00:23", "individual": "Brigitte A9V53 (eobs 8019)"}}, {"type": "Feature", "geometry": {"type": "Point", "coordinates": [0.9550342, 41.6671142]}, "properties": {"timestamp": "2021-08-19 02:00:41", "individual": "Brigitte A9V53 (eobs 8019)"}}, {"type": "Feature", "geometry": {"type": "Point", "coordinates": [0.9435066, 41.6698267]}, "properties": {"timestamp": "2021-08-20 02:00:23", "individual": "Brigitte A9V53 (eobs 8019)"}}, {"type": "Feature", "geometry": {"type": "Point", "coordinates": [0.9456454, 41.6686667]}, "properties": {"timestamp": "2021-08-21 02:00:23", "individual": "Brigitte A9V53 (eobs 8019)"}}, {"type": "Feature", "geometry": {"type": "Point", "coordinates": [0.9445346, 41.6695695]}, "properties": {"timestamp": "2021-08-22 02:00:23", "individual": "Brigitte A9V53 (eobs 8019)"}}, {"type": "Feature", "geometry": {"type": "Point", "coordinates": [0.8090808, 41.6121041]}, "properties": {"timestamp": "2021-08-23 02:00:23", "individual": "Brigitte A9V53 (eobs 8019)"}}, {"type": "Feature", "geometry": {"type": "Point", "coordinates": [0.7695222, 41.6108472]}, "properties": {"timestamp": "2021-08-24 02:00:23", "individual": "Brigitte A9V53 (eobs 8019)"}}, {"type": "Feature", "geometry": {"type": "Point", "coordinates": [0.7438364, 41.5946177]}, "properties": {"timestamp": "2021-08-25 02:00:23", "individual": "Brigitte A9V53 (eobs 8019)"}}, {"type": "Feature", "geometry": {"type": "Point", "coordinates": [0.7438379, 41.5945906]}, "properties": {"timestamp": "2021-08-26 02:00:23", "individual": "Brigitte A9V53 (eobs 8019)"}}, {"type": "Feature", "geometry": {"type": "Point", "coordinates": [0.5583735, 41.5633532]}, "properties": {"timestamp": "2021-08-27 02:00:23", "individual": "Brigitte A9V53 (eobs 8019)"}}, {"type": "Feature", "geometry": {"type": "Point", "coordinates": [0.7437992, 41.5946355]}, "properties": {"timestamp": "2021-08-28 02:00:23", "individual": "Brigitte A9V53 (eobs 8019)"}}, {"type": "Feature", "geometry": {"type": "Point", "coordinates": [0.7438398, 41.5946118]}, "properties": {"timestamp": "2021-08-29 02:00:23", "individual": "Brigitte A9V53 (eobs 8019)"}}, {"type": "Feature", "geometry": {"type": "Point", "coordinates": [0.7907909, 41.6259848]}, "properties": {"timestamp": "2021-08-30 02:00:23", "individual": "Brigitte A9V53 (eobs 8019)"}}, {"type": "Feature", "geometry": {"type": "Point", "coordinates": [0.6685535, 41.6109131]}, "properties": {"timestamp": "2021-08-31 02:00:23", "individual": "Brigitte A9V53 (eobs 8019)"}}, {"type": "Feature", "geometry": {"type": "Point", "coordinates": [0.5589709, 41.5626751]}, "properties": {"timestamp": "2021-09-01 02:00:23", "individual": "Brigitte A9V53 (eobs 8019)"}}, {"type": "Feature", "geometry": {"type": "Point", "coordinates": [0.5799129, 41.5491936]}, "properties": {"timestamp": "2021-09-02 02:00:23", "individual": "Brigitte A9V53 (eobs 8019)"}}, {"type": "Feature", "geometry": {"type": "Point", "coordinates": [0.5798769, 41.5492224]}, "properties": {"timestamp": "2021-09-03 02:00:23", "individual": "Brigitte A9V53 (eobs 8019)"}}, {"type": "Feature", "geometry": {"type": "Point", "coordinates": [0.5798411, 41.5492276]}, "properties": {"timestamp": "2021-09-04 02:00:23", "individual": "Brigitte A9V53 (eobs 8019)"}}, {"type": "Feature", "geometry": {"type": "Point", "coordinates": [0.5798497, 41.5492036]}, "properties": {"timestamp": "2021-09-05 02:00:41", "individual": "Brigitte A9V53 (eobs 8019)"}}, {"type": "Feature", "geometry": {"type": "Point", "coordinates": [0.5799042, 41.5492072]}, "properties": {"timestamp": "2021-09-06 02:00:23", "individual": "Brigitte A9V53 (eobs 8019)"}}, {"type": "Feature", "geometry": {"type": "Point", "coordinates": [-0.38266, 41.9694112]}, "properties": {"timestamp": "2021-09-07 02:00:23", "individual": "Brigitte A9V53 (eobs 8019)"}}, {"type": "Feature", "geometry": {"type": "Point", "coordinates": [-0.8717133, 41.6387371]}, "properties": {"timestamp": "2021-09-08 02:00:23", "individual": "Brigitte A9V53 (eobs 8019)"}}, {"type": "Feature", "geometry": {"type": "Point", "coordinates": [-0.837091, 41.593209]}, "properties": {"timestamp": "2021-09-09 02:00:23", "individual": "Brigitte A9V53 (eobs 8019)"}}, {"type": "Feature", "geometry": {"type": "Point", "coordinates": [-0.8371352, 41.5932208]}, "properties": {"timestamp": "2021-09-10 02:00:23", "individual": "Brigitte A9V53 (eobs 8019)"}}, {"type": "Feature", "geometry": {"type": "Point", "coordinates": [-0.8395048, 41.5823064]}, "properties": {"timestamp": "2021-09-11 02:00:23", "individual": "Brigitte A9V53 (eobs 8019)"}}, {"type": "Feature", "geometry": {"type": "Point", "coordinates": [-0.8394718, 41.5823654]}, "properties": {"timestamp": "2021-09-12 02:00:23", "individual": "Brigitte A9V53 (eobs 8019)"}}, {"type": "Feature", "geometry": {"type": "Point", "coordinates": [-0.8347121, 41.5863643]}, "properties": {"timestamp": "2021-09-13 02:00:23", "individual": "Brigitte A9V53 (eobs 8019)"}}, {"type": "Feature", "geometry": {"type": "Point", "coordinates": [-0.8395012, 41.5823632]}, "properties": {"timestamp": "2021-09-14 02:00:23", "individual": "Brigitte A9V53 (eobs 8019)"}}, {"type": "Feature", "geometry": {"type": "Point", "coordinates": [-0.8562093, 41.5609792]}, "properties": {"timestamp": "2021-09-15 02:00:23", "individual": "Brigitte A9V53 (eobs 8019)"}}, {"type": "Feature", "geometry": {"type": "Point", "coordinates": [-0.8394118, 41.5823547]}, "properties": {"timestamp": "2021-09-16 02:00:23", "individual": "Brigitte A9V53 (eobs 8019)"}}, {"type": "Feature", "geometry": {"type": "Point", "coordinates": [-0.8485459, 41.569292]}, "properties": {"timestamp": "2021-09-17 02:00:23", "individual": "Brigitte A9V53 (eobs 8019)"}}, {"type": "Feature", "geometry": {"type": "Point", "coordinates": [-0.8436858, 41.5815079]}, "properties": {"timestamp": "2021-09-18 02:00:23", "individual": "Brigitte A9V53 (eobs 8019)"}}, {"type": "Feature", "geometry": {"type": "Point", "coordinates": [-0.835832, 41.5845594]}, "properties": {"timestamp": "2021-09-19 02:00:41", "individual": "Brigitte A9V53 (eobs 8019)"}}, {"type": "Feature", "geometry": {"type": "Point", "coordinates": [-0.8414144, 41.582369]}, "properties": {"timestamp": "2021-09-20 02:00:23", "individual": "Brigitte A9V53 (eobs 8019)"}}, {"type": "Feature", "geometry": {"type": "Point", "coordinates": [-0.8256356, 41.5938017]}, "properties": {"timestamp": "2021-09-21 02:00:23", "individual": "Brigitte A9V53 (eobs 8019)"}}, {"type": "Feature", "geometry": {"type": "Point", "coordinates": [-0.8392545, 41.5822866]}, "properties": {"timestamp": "2021-09-22 02:00:23", "individual": "Brigitte A9V53 (eobs 8019)"}}, {"type": "Feature", "geometry": {"type": "Point", "coordinates": [-0.8394101, 41.5824355]}, "properties": {"timestamp": "2021-09-23 02:00:23", "individual": "Brigitte A9V53 (eobs 8019)"}}, {"type": "Feature", "geometry": {"type": "Point", "coordinates": [-0.8486391, 41.5669468]}, "properties": {"timestamp": "2021-09-24 02:00:23", "individual": "Brigitte A9V53 (eobs 8019)"}}, {"type": "Feature", "geometry": {"type": "Point", "coordinates": [-0.8495949, 41.5678255]}, "properties": {"timestamp": "2021-09-25 02:00:23", "individual": "Brigitte A9V53 (eobs 8019)"}}, {"type": "Feature", "geometry": {"type": "Point", "coordinates": [-0.8455189, 41.5675875]}, "properties": {"timestamp": "2021-09-26 02:00:23", "individual": "Brigitte A9V53 (eobs 8019)"}}, {"type": "Feature", "geometry": {"type": "Point", "coordinates": [-0.8493718, 41.5679901]}, "properties": {"timestamp": "2021-09-27 02:00:23", "individual": "Brigitte A9V53 (eobs 8019)"}}, {"type": "Feature", "geometry": {"type": "Point", "coordinates": [-0.8484901, 41.5689948]}, "properties": {"timestamp": "2021-09-28 02:00:23", "individual": "Brigitte A9V53 (eobs 8019)"}}, {"type": "Feature", "geometry": {"type": "Point", "coordinates": [-0.8434725, 41.581636]}, "properties": {"timestamp": "2021-09-29 02:00:23", "individual": "Brigitte A9V53 (eobs 8019)"}}, {"type": "Feature", "geometry": {"type": "Point", "coordinates": [-0.8414065, 41.5824683]}, "properties": {"timestamp": "2021-09-30 02:00:23", "individual": "Brigitte A9V53 (eobs 8019)"}}, {"type": "Feature", "geometry": {"type": "Point", "coordinates": [-0.8495291, 41.5677905]}, "properties": {"timestamp": "2021-10-01 02:00:23", "individual": "Brigitte A9V53 (eobs 8019)"}}, {"type": "Feature", "geometry": {"type": "Point", "coordinates": [-0.849582, 41.5678216]}, "properties": {"timestamp": "2021-10-02 02:00:23", "individual": "Brigitte A9V53 (eobs 8019)"}}, {"type": "Feature", "geometry": {"type": "Point", "coordinates": [-0.8392449, 41.5822397]}, "properties": {"timestamp": "2021-10-03 02:00:23", "individual": "Brigitte A9V53 (eobs 8019)"}}, {"type": "Feature", "geometry": {"type": "Point", "coordinates": [-0.8486636, 41.5691032]}, "properties": {"timestamp": "2021-10-04 02:00:23", "individual": "Brigitte A9V53 (eobs 8019)"}}, {"type": "Feature", "geometry": {"type": "Point", "coordinates": [-0.8482381, 41.5691987]}, "properties": {"timestamp": "2021-10-05 02:00:23", "individual": "Brigitte A9V53 (eobs 8019)"}}, {"type": "Feature", "geometry": {"type": "Point", "coordinates": [-0.840871, 41.5798912]}, "properties": {"timestamp": "2021-10-06 02:00:23", "individual": "Brigitte A9V53 (eobs 8019)"}}, {"type": "Feature", "geometry": {"type": "Point", "coordinates": [-0.8407468, 41.5764486]}, "properties": {"timestamp": "2021-10-07 02:00:23", "individual": "Brigitte A9V53 (eobs 8019)"}}, {"type": "Feature", "geometry": {"type": "Point", "coordinates": [-0.8395621, 41.5820161]}, "properties": {"timestamp": "2021-10-08 02:00:23", "individual": "Brigitte A9V53 (eobs 8019)"}}, {"type": "Feature", "geometry": {"type": "Point", "coordinates": [-0.8495526, 41.5677138]}, "properties": {"timestamp": "2021-10-09 02:00:23", "individual": "Brigitte A9V53 (eobs 8019)"}}, {"type": "Feature", "geometry": {"type": "Point", "coordinates": [-0.8394171, 41.5821423]}, "properties": {"timestamp": "2021-10-10 02:00:23", "individual": "Brigitte A9V53 (eobs 8019)"}}, {"type": "Feature", "geometry": {"type": "Point", "coordinates": [-0.8393941, 41.5822637]}, "properties": {"timestamp": "2021-10-11 02:00:23", "individual": "Brigitte A9V53 (eobs 8019)"}}, {"type": "Feature", "geometry": {"type": "Point", "coordinates": [-0.8493715, 41.5678568]}, "properties": {"timestamp": "2021-10-12 02:00:41", "individual": "Brigitte A9V53 (eobs 8019)"}}, {"type": "Feature", "geometry": {"type": "Point", "coordinates": [-0.843481, 41.5815221]}, "properties": {"timestamp": "2021-10-13 02:00:23", "individual": "Brigitte A9V53 (eobs 8019)"}}, {"type": "Feature", "geometry": {"type": "Point", "coordinates": [-0.8392837, 41.5822559]}, "properties": {"timestamp": "2021-10-14 02:00:23", "individual": "Brigitte A9V53 (eobs 8019)"}}, {"type": "Feature", "geometry": {"type": "Point", "coordinates": [-0.8432331, 41.5817563]}, "properties": {"timestamp": "2021-10-15 02:00:23", "individual": "Brigitte A9V53 (eobs 8019)"}}, {"type": "Feature", "geometry": {"type": "Point", "coordinates": [-0.8409791, 41.6259205]}, "properties": {"timestamp": "2021-10-16 02:00:23", "individual": "Brigitte A9V53 (eobs 8019)"}}, {"type": "Feature", "geometry": {"type": "Point", "coordinates": [-0.8505512, 41.5682465]}, "properties": {"timestamp": "2021-10-17 02:00:41", "individual": "Brigitte A9V53 (eobs 8019)"}}, {"type": "Feature", "geometry": {"type": "Point", "coordinates": [-0.8393059, 41.5823706]}, "properties": {"timestamp": "2021-10-18 02:00:23", "individual": "Brigitte A9V53 (eobs 8019)"}}, {"type": "Feature", "geometry": {"type": "Point", "coordinates": [-0.8397629, 41.5821367]}, "properties": {"timestamp": "2021-10-19 02:00:23", "individual": "Brigitte A9V53 (eobs 8019)"}}, {"type": "Feature", "geometry": {"type": "Point", "coordinates": [-0.8395881, 41.5821427]}, "properties": {"timestamp": "2021-10-20 02:00:23", "individual": "Brigitte A9V53 (eobs 8019)"}}, {"type": "Feature", "geometry": {"type": "Point", "coordinates": [-0.8413771, 41.5824384]}, "properties": {"timestamp": "2021-10-21 02:00:23", "individual": "Brigitte A9V53 (eobs 8019)"}}, {"type": "Feature", "geometry": {"type": "Point", "coordinates": [-0.8387184, 41.6338763]}, "properties": {"timestamp": "2021-10-22 02:00:23", "individual": "Brigitte A9V53 (eobs 8019)"}}, {"type": "Feature", "geometry": {"type": "Point", "coordinates": [-0.8391777, 41.6339091]}, "properties": {"timestamp": "2021-10-23 02:00:23", "individual": "Brigitte A9V53 (eobs 8019)"}}, {"type": "Feature", "geometry": {"type": "Point", "coordinates": [-0.8394461, 41.5822256]}, "properties": {"timestamp": "2021-10-24 02:00:23", "individual": "Brigitte A9V53 (eobs 8019)"}}, {"type": "Feature", "geometry": {"type": "Point", "coordinates": [-0.8495766, 41.5677415]}, "properties": {"timestamp": "2021-10-25 02:00:23", "individual": "Brigitte A9V53 (eobs 8019)"}}, {"type": "Feature", "geometry": {"type": "Point", "coordinates": [-0.839822, 41.5822499]}, "properties": {"timestamp": "2021-10-26 02:00:23", "individual": "Brigitte A9V53 (eobs 8019)"}}, {"type": "Feature", "geometry": {"type": "Point", "coordinates": [-0.8304978, 41.6132638]}, "properties": {"timestamp": "2021-10-27 02:00:23", "individual": "Brigitte A9V53 (eobs 8019)"}}, {"type": "Feature", "geometry": {"type": "Point", "coordinates": [-0.8398334, 41.582612]}, "properties": {"timestamp": "2021-10-28 02:00:23", "individual": "Brigitte A9V53 (eobs 8019)"}}, {"type": "Feature", "geometry": {"type": "Point", "coordinates": [-0.839868, 41.5820122]}, "properties": {"timestamp": "2021-10-29 02:00:23", "individual": "Brigitte A9V53 (eobs 8019)"}}, {"type": "Feature", "geometry": {"type": "Point", "coordinates": [-0.8397266, 41.5821782]}, "properties": {"timestamp": "2021-10-30 02:00:23", "individual": "Brigitte A9V53 (eobs 8019)"}}, {"type": "Feature", "geometry": {"type": "Point", "coordinates": [-0.8505158, 41.5683035]}, "properties": {"timestamp": "2021-10-31 02:00:23", "individual": "Brigitte A9V53 (eobs 8019)"}}, {"type": "Feature", "geometry": {"type": "Point", "coordinates": [-0.840022, 41.5822291]}, "properties": {"timestamp": "2021-11-01 02:00:23", "individual": "Brigitte A9V53 (eobs 8019)"}}, {"type": "Feature", "geometry": {"type": "Point", "coordinates": [-0.8436795, 41.5815519]}, "properties": {"timestamp": "2021-11-02 02:00:23", "individual": "Brigitte A9V53 (eobs 8019)"}}, {"type": "Feature", "geometry": {"type": "Point", "coordinates": [-0.8387819, 41.5825215]}, "properties": {"timestamp": "2021-11-03 02:00:23", "individual": "Brigitte A9V53 (eobs 8019)"}}, {"type": "Feature", "geometry": {"type": "Point", "coordinates": [-0.8433275, 41.581691]}, "properties": {"timestamp": "2021-11-04 02:00:41", "individual": "Brigitte A9V53 (eobs 8019)"}}, {"type": "Feature", "geometry": {"type": "Point", "coordinates": [-0.5477986, 41.5112505]}, "properties": {"timestamp": "2021-11-05 02:00:23", "individual": "Brigitte A9V53 (eobs 8019)"}}, {"type": "Feature", "geometry": {"type": "Point", "coordinates": [-0.5476274, 41.5111888]}, "properties": {"timestamp": "2021-11-06 02:00:23", "individual": "Brigitte A9V53 (eobs 8019)"}}, {"type": "Feature", "geometry": {"type": "Point", "coordinates": [-0.5474802, 41.5111823]}, "properties": {"timestamp": "2021-11-07 02:00:23", "individual": "Brigitte A9V53 (eobs 8019)"}}, {"type": "Feature", "geometry": {"type": "Point", "coordinates": [-0.547761, 41.5112418]}, "properties": {"timestamp": "2021-11-08 02:00:23", "individual": "Brigitte A9V53 (eobs 8019)"}}, {"type": "Feature", "geometry": {"type": "Point", "coordinates": [7.8121891, 48.0791513]}, "properties": {"timestamp": "2019-08-07 08:20:06", "individual": "Debora + / DER AU848 (e-obs 7048)"}}, {"type": "Feature", "geometry": {"type": "Point", "coordinates": [7.8122593, 48.0791525]}, "properties": {"timestamp": "2019-08-08 02:15:12", "individual": "Debora + / DER AU848 (e-obs 7048)"}}, {"type": "Feature", "geometry": {"type": "Point", "coordinates": [7.8122487, 48.079144]}, "properties": {"timestamp": "2019-08-09 02:00:23", "individual": "Debora + / DER AU848 (e-obs 7048)"}}, {"type": "Feature", "geometry": {"type": "Point", "coordinates": [7.8120461, 48.0793868]}, "properties": {"timestamp": "2019-08-10 02:00:47", "individual": "Debora + / DER AU848 (e-obs 7048)"}}, {"type": "Feature", "geometry": {"type": "Point", "coordinates": [7.8121365, 48.0792604]}, "properties": {"timestamp": "2019-08-11 02:00:41", "individual": "Debora + / DER AU848 (e-obs 7048)"}}, {"type": "Feature", "geometry": {"type": "Point", "coordinates": [7.812224, 48.0790658]}, "properties": {"timestamp": "2019-08-12 02:00:23", "individual": "Debora + / DER AU848 (e-obs 7048)"}}, {"type": "Feature", "geometry": {"type": "Point", "coordinates": [7.8121702, 48.0791025]}, "properties": {"timestamp": "2019-08-13 02:00:41", "individual": "Debora + / DER AU848 (e-obs 7048)"}}, {"type": "Feature", "geometry": {"type": "Point", "coordinates": [7.8122831, 48.0790316]}, "properties": {"timestamp": "2019-08-14 02:00:23", "individual": "Debora + / DER AU848 (e-obs 7048)"}}, {"type": "Feature", "geometry": {"type": "Point", "coordinates": [7.8122526, 48.0792271]}, "properties": {"timestamp": "2019-08-15 02:00:23", "individual": "Debora + / DER AU848 (e-obs 7048)"}}, {"type": "Feature", "geometry": {"type": "Point", "coordinates": [7.8126566, 48.0792427]}, "properties": {"timestamp": "2019-08-16 02:00:23", "individual": "Debora + / DER AU848 (e-obs 7048)"}}, {"type": "Feature", "geometry": {"type": "Point", "coordinates": [7.8126627, 48.0792436]}, "properties": {"timestamp": "2019-08-17 02:00:23", "individual": "Debora + / DER AU848 (e-obs 7048)"}}, {"type": "Feature", "geometry": {"type": "Point", "coordinates": [7.8126069, 48.0792738]}, "properties": {"timestamp": "2019-08-18 02:00:23", "individual": "Debora + / DER AU848 (e-obs 7048)"}}, {"type": "Feature", "geometry": {"type": "Point", "coordinates": [7.8126932, 48.079228]}, "properties": {"timestamp": "2019-08-19 02:00:23", "individual": "Debora + / DER AU848 (e-obs 7048)"}}, {"type": "Feature", "geometry": {"type": "Point", "coordinates": [7.8126479, 48.0792214]}, "properties": {"timestamp": "2019-08-20 02:00:23", "individual": "Debora + / DER AU848 (e-obs 7048)"}}, {"type": "Feature", "geometry": {"type": "Point", "coordinates": [7.8126344, 48.0792523]}, "properties": {"timestamp": "2019-08-21 02:00:23", "individual": "Debora + / DER AU848 (e-obs 7048)"}}, {"type": "Feature", "geometry": {"type": "Point", "coordinates": [7.8126472, 48.0792238]}, "properties": {"timestamp": "2019-08-22 02:00:23", "individual": "Debora + / DER AU848 (e-obs 7048)"}}, {"type": "Feature", "geometry": {"type": "Point", "coordinates": [7.8244734, 48.0757699]}, "properties": {"timestamp": "2019-08-23 02:00:23", "individual": "Debora + / DER AU848 (e-obs 7048)"}}, {"type": "Feature", "geometry": {"type": "Point", "coordinates": [5.3916307, 46.5990298]}, "properties": {"timestamp": "2019-08-24 02:00:23", "individual": "Debora + / DER AU848 (e-obs 7048)"}}, {"type": "Feature", "geometry": {"type": "Point", "coordinates": [5.0157183, 45.9801823]}, "properties": {"timestamp": "2019-08-25 02:00:39", "individual": "Debora + / DER AU848 (e-obs 7048)"}}, {"type": "Feature", "geometry": {"type": "Point", "coordinates": [5.0717269, 45.9560364]}, "properties": {"timestamp": "2019-08-26 02:00:23", "individual": "Debora + / DER AU848 (e-obs 7048)"}}, {"type": "Feature", "geometry": {"type": "Point", "coordinates": [4.7455574, 44.5382189]}, "properties": {"timestamp": "2019-08-27 02:00:23", "individual": "Debora + / DER AU848 (e-obs 7048)"}}, {"type": "Feature", "geometry": {"type": "Point", "coordinates": [4.3008883, 43.7840459]}, "properties": {"timestamp": "2019-08-28 02:00:23", "individual": "Debora + / DER AU848 (e-obs 7048)"}}, {"type": "Feature", "geometry": {"type": "Point", "coordinates": [2.9420297, 43.1265194]}, "properties": {"timestamp": "2019-08-29 02:00:23", "individual": "Debora + / DER AU848 (e-obs 7048)"}}, {"type": "Feature", "geometry": {"type": "Point", "coordinates": [2.9497285, 43.1280453]}, "properties": {"timestamp": "2019-08-30 02:00:23", "individual": "Debora + / DER AU848 (e-obs 7048)"}}, {"type": "Feature", "geometry": {"type": "Point", "coordinates": [3.0136857, 43.118385]}, "properties": {"timestamp": "2019-08-31 02:00:23", "individual": "Debora + / DER AU848 (e-obs 7048)"}}, {"type": "Feature", "geometry": {"type": "Point", "coordinates": [2.9386086, 43.1319874]}, "properties": {"timestamp": "2019-09-01 02:00:23", "individual": "Debora + / DER AU848 (e-obs 7048)"}}, {"type": "Feature", "geometry": {"type": "Point", "coordinates": [2.9563866, 43.0651948]}, "properties": {"timestamp": "2019-09-02 02:00:23", "individual": "Debora + / DER AU848 (e-obs 7048)"}}, {"type": "Feature", "geometry": {"type": "Point", "coordinates": [2.9572268, 43.0675566]}, "properties": {"timestamp": "2019-09-03 02:00:23", "individual": "Debora + / DER AU848 (e-obs 7048)"}}, {"type": "Feature", "geometry": {"type": "Point", "coordinates": [2.7674002, 42.1443607]}, "properties": {"timestamp": "2019-09-04 02:00:23", "individual": "Debora + / DER AU848 (e-obs 7048)"}}, {"type": "Feature", "geometry": {"type": "Point", "coordinates": [1.8614542, 41.763632]}, "properties": {"timestamp": "2019-09-05 02:00:23", "individual": "Debora + / DER AU848 (e-obs 7048)"}}, {"type": "Feature", "geometry": {"type": "Point", "coordinates": [1.8591666, 41.7635893]}, "properties": {"timestamp": "2019-09-06 02:00:23", "individual": "Debora + / DER AU848 (e-obs 7048)"}}, {"type": "Feature", "geometry": {"type": "Point", "coordinates": [1.8612889, 41.7634933]}, "properties": {"timestamp": "2019-09-07 02:00:23", "individual": "Debora + / DER AU848 (e-obs 7048)"}}, {"type": "Feature", "geometry": {"type": "Point", "coordinates": [1.8455248, 41.7655609]}, "properties": {"timestamp": "2019-09-08 02:00:23", "individual": "Debora + / DER AU848 (e-obs 7048)"}}, {"type": "Feature", "geometry": {"type": "Point", "coordinates": [7.8122239, 48.0791223]}, "properties": {"timestamp": "2020-08-10 09:30:53", "individual": "Emanuel A9V72 (eobs 7344)"}}, {"type": "Feature", "geometry": {"type": "Point", "coordinates": [7.8120989, 48.0792211]}, "properties": {"timestamp": "2020-08-11 00:00:13", "individual": "Emanuel A9V72 (eobs 7344)"}}, {"type": "Feature", "geometry": {"type": "Point", "coordinates": [7.8121941, 48.078968]}, "properties": {"timestamp": "2020-08-12 00:00:23", "individual": "Emanuel A9V72 (eobs 7344)"}}, {"type": "Feature", "geometry": {"type": "Point", "coordinates": [7.8120084, 48.0792198]}, "properties": {"timestamp": "2020-08-13 00:00:33", "individual": "Emanuel A9V72 (eobs 7344)"}}, {"type": "Feature", "geometry": {"type": "Point", "coordinates": [7.8121386, 48.0791503]}, "properties": {"timestamp": "2020-08-14 02:15:47", "individual": "Emanuel A9V72 (eobs 7344)"}}, {"type": "Feature", "geometry": {"type": "Point", "coordinates": [7.812147, 48.0792523]}, "properties": {"timestamp": "2020-08-15 02:15:53", "individual": "Emanuel A9V72 (eobs 7344)"}}, {"type": "Feature", "geometry": {"type": "Point", "coordinates": [7.8121637, 48.0791408]}, "properties": {"timestamp": "2020-08-16 02:15:53", "individual": "Emanuel A9V72 (eobs 7344)"}}, {"type": "Feature", "geometry": {"type": "Point", "coordinates": [7.8120887, 48.0792249]}, "properties": {"timestamp": "2020-08-17 02:15:53", "individual": "Emanuel A9V72 (eobs 7344)"}}, {"type": "Feature", "geometry": {"type": "Point", "coordinates": [7.8121774, 48.0792087]}, "properties": {"timestamp": "2020-08-18 02:15:53", "individual": "Emanuel A9V72 (eobs 7344)"}}, {"type": "Feature", "geometry": {"type": "Point", "coordinates": [7.8122266, 48.0792639]}, "properties": {"timestamp": "2020-08-19 02:15:53", "individual": "Emanuel A9V72 (eobs 7344)"}}, {"type": "Feature", "geometry": {"type": "Point", "coordinates": [7.8121731, 48.0791915]}, "properties": {"timestamp": "2020-08-20 02:15:53", "individual": "Emanuel A9V72 (eobs 7344)"}}, {"type": "Feature", "geometry": {"type": "Point", "coordinates": [7.8122202, 48.0791478]}, "properties": {"timestamp": "2020-08-21 02:15:47", "individual": "Emanuel A9V72 (eobs 7344)"}}, {"type": "Feature", "geometry": {"type": "Point", "coordinates": [7.1454646, 47.4810992]}, "properties": {"timestamp": "2020-08-22 02:15:23", "individual": "Emanuel A9V72 (eobs 7344)"}}, {"type": "Feature", "geometry": {"type": "Point", "coordinates": [7.1640716, 47.5093026]}, "properties": {"timestamp": "2020-08-23 02:15:53", "individual": "Emanuel A9V72 (eobs 7344)"}}, {"type": "Feature", "geometry": {"type": "Point", "coordinates": [7.5462591, 47.4074634]}, "properties": {"timestamp": "2020-08-24 02:15:23", "individual": "Emanuel A9V72 (eobs 7344)"}}, {"type": "Feature", "geometry": {"type": "Point", "coordinates": [8.0175351, 47.1498914]}, "properties": {"timestamp": "2020-08-25 02:15:23", "individual": "Emanuel A9V72 (eobs 7344)"}}, {"type": "Feature", "geometry": {"type": "Point", "coordinates": [7.1910486, 46.973307]}, "properties": {"timestamp": "2020-08-26 02:15:41", "individual": "Emanuel A9V72 (eobs 7344)"}}, {"type": "Feature", "geometry": {"type": "Point", "coordinates": [6.0244575, 46.1353175]}, "properties": {"timestamp": "2020-08-27 02:15:41", "individual": "Emanuel A9V72 (eobs 7344)"}}, {"type": "Feature", "geometry": {"type": "Point", "coordinates": [6.028429, 46.1294369]}, "properties": {"timestamp": "2020-08-28 02:15:41", "individual": "Emanuel A9V72 (eobs 7344)"}}, {"type": "Feature", "geometry": {"type": "Point", "coordinates": [7.8123274, 48.079237]}, "properties": {"timestamp": "2019-08-07 08:00:15", "individual": "Florian + / DER A2G19 (e-obs 7047)"}}, {"type": "Feature", "geometry": {"type": "Point", "coordinates": [7.8120839, 48.079271]}, "properties": {"timestamp": "2019-08-08 02:00:41", "individual": "Florian + / DER A2G19 (e-obs 7047)"}}, {"type": "Feature", "geometry": {"type": "Point", "coordinates": [7.8120607, 48.0791584]}, "properties": {"timestamp": "2019-08-09 02:00:41", "individual": "Florian + / DER A2G19 (e-obs 7047)"}}, {"type": "Feature", "geometry": {"type": "Point", "coordinates": [7.8122352, 48.0791879]}, "properties": {"timestamp": "2019-08-10 02:00:41", "individual": "Florian + / DER A2G19 (e-obs 7047)"}}, {"type": "Feature", "geometry": {"type": "Point", "coordinates": [7.8122969, 48.0792315]}, "properties": {"timestamp": "2019-08-11 02:00:47", "individual": "Florian + / DER A2G19 (e-obs 7047)"}}, {"type": "Feature", "geometry": {"type": "Point", "coordinates": [7.8118167, 48.0796794]}, "properties": {"timestamp": "2019-08-12 02:00:23", "individual": "Florian + / DER A2G19 (e-obs 7047)"}}, {"type": "Feature", "geometry": {"type": "Point", "coordinates": [7.8122243, 48.0791516]}, "properties": {"timestamp": "2019-08-13 02:00:23", "individual": "Florian + / DER A2G19 (e-obs 7047)"}}, {"type": "Feature", "geometry": {"type": "Point", "coordinates": [7.8121532, 48.0791994]}, "properties": {"timestamp": "2019-08-14 02:00:23", "individual": "Florian + / DER A2G19 (e-obs 7047)"}}, {"type": "Feature", "geometry": {"type": "Point", "coordinates": [7.8122294, 48.0791626]}, "properties": {"timestamp": "2019-08-15 02:00:23", "individual": "Florian + / DER A2G19 (e-obs 7047)"}}, {"type": "Feature", "geometry": {"type": "Point", "coordinates": [7.8122413, 48.0791385]}, "properties": {"timestamp": "2019-08-16 02:00:23", "individual": "Florian + / DER A2G19 (e-obs 7047)"}}, {"type": "Feature", "geometry": {"type": "Point", "coordinates": [7.811599, 48.0793235]}, "properties": {"timestamp": "2019-08-17 02:00:23", "individual": "Florian + / DER A2G19 (e-obs 7047)"}}, {"type": "Feature", "geometry": {"type": "Point", "coordinates": [7.8122915, 48.078983]}, "properties": {"timestamp": "2019-08-18 02:00:23", "individual": "Florian + / DER A2G19 (e-obs 7047)"}}, {"type": "Feature", "geometry": {"type": "Point", "coordinates": [7.8121589, 48.0791864]}, "properties": {"timestamp": "2019-08-19 02:00:23", "individual": "Florian + / DER A2G19 (e-obs 7047)"}}, {"type": "Feature", "geometry": {"type": "Point", "coordinates": [7.8122176, 48.079182]}, "properties": {"timestamp": "2019-08-20 02:00:23", "individual": "Florian + / DER A2G19 (e-obs 7047)"}}, {"type": "Feature", "geometry": {"type": "Point", "coordinates": [7.8121282, 48.0791946]}, "properties": {"timestamp": "2019-08-21 02:00:23", "individual": "Florian + / DER A2G19 (e-obs 7047)"}}, {"type": "Feature", "geometry": {"type": "Point", "coordinates": [7.8121674, 48.079208]}, "properties": {"timestamp": "2019-08-22 02:00:23", "individual": "Florian + / DER A2G19 (e-obs 7047)"}}, {"type": "Feature", "geometry": {"type": "Point", "coordinates": [7.8125653, 48.0792554]}, "properties": {"timestamp": "2019-08-23 02:00:23", "individual": "Florian + / DER A2G19 (e-obs 7047)"}}, {"type": "Feature", "geometry": {"type": "Point", "coordinates": [5.391967, 46.5973797]}, "properties": {"timestamp": "2019-08-24 02:00:23", "individual": "Florian + / DER A2G19 (e-obs 7047)"}}, {"type": "Feature", "geometry": {"type": "Point", "coordinates": [4.8116122, 45.3704672]}, "properties": {"timestamp": "2019-08-25 02:00:23", "individual": "Florian + / DER A2G19 (e-obs 7047)"}}, {"type": "Feature", "geometry": {"type": "Point", "coordinates": [4.4759123, 43.6778925]}, "properties": {"timestamp": "2019-08-26 02:00:23", "individual": "Florian + / DER A2G19 (e-obs 7047)"}}, {"type": "Feature", "geometry": {"type": "Point", "coordinates": [3.0482106, 43.2923797]}, "properties": {"timestamp": "2019-08-27 02:00:23", "individual": "Florian + / DER A2G19 (e-obs 7047)"}}, {"type": "Feature", "geometry": {"type": "Point", "coordinates": [2.9610529, 43.1059609]}, "properties": {"timestamp": "2019-08-28 02:00:23", "individual": "Florian + / DER A2G19 (e-obs 7047)"}}, {"type": "Feature", "geometry": {"type": "Point", "coordinates": [0.7288247, 41.6942985]}, "properties": {"timestamp": "2019-08-29 02:00:23", "individual": "Florian + / DER A2G19 (e-obs 7047)"}}, {"type": "Feature", "geometry": {"type": "Point", "coordinates": [0.4786304, 41.6762329]}, "properties": {"timestamp": "2019-08-30 02:00:23", "individual": "Florian + / DER A2G19 (e-obs 7047)"}}, {"type": "Feature", "geometry": {"type": "Point", "coordinates": [0.4053499, 41.7135104]}, "properties": {"timestamp": "2019-08-31 02:00:23", "individual": "Florian + / DER A2G19 (e-obs 7047)"}}, {"type": "Feature", "geometry": {"type": "Point", "coordinates": [0.3111332, 41.7569087]}, "properties": {"timestamp": "2019-09-01 02:00:23", "individual": "Florian + / DER A2G19 (e-obs 7047)"}}, {"type": "Feature", "geometry": {"type": "Point", "coordinates": [7.812136, 48.0791194]}, "properties": {"timestamp": "2020-08-10 09:01:47", "individual": "Heidi A9V51 (eobs 7994)"}}, {"type": "Feature", "geometry": {"type": "Point", "coordinates": [7.8121261, 48.0791878]}, "properties": {"timestamp": "2020-08-11 02:00:23", "individual": "Heidi A9V51 (eobs 7994)"}}, {"type": "Feature", "geometry": {"type": "Point", "coordinates": [7.8125708, 48.0790753]}, "properties": {"timestamp": "2020-08-12 02:00:47", "individual": "Heidi A9V51 (eobs 7994)"}}, {"type": "Feature", "geometry": {"type": "Point", "coordinates": [7.8120471, 48.0793165]}, "properties": {"timestamp": "2020-08-13 02:00:41", "individual": "Heidi A9V51 (eobs 7994)"}}, {"type": "Feature", "geometry": {"type": "Point", "coordinates": [7.8121767, 48.0791228]}, "properties": {"timestamp": "2020-08-14 02:00:23", "individual": "Heidi A9V51 (eobs 7994)"}}, {"type": "Feature", "geometry": {"type": "Point", "coordinates": [7.8121283, 48.0791646]}, "properties": {"timestamp": "2020-08-15 02:00:41", "individual": "Heidi A9V51 (eobs 7994)"}}, {"type": "Feature", "geometry": {"type": "Point", "coordinates": [7.8121404, 48.0792022]}, "properties": {"timestamp": "2020-08-16 02:00:41", "individual": "Heidi A9V51 (eobs 7994)"}}, {"type": "Feature", "geometry": {"type": "Point", "coordinates": [7.8126821, 48.0793268]}, "properties": {"timestamp": "2020-08-17 02:00:23", "individual": "Heidi A9V51 (eobs 7994)"}}, {"type": "Feature", "geometry": {"type": "Point", "coordinates": [7.8120388, 48.0791081]}, "properties": {"timestamp": "2020-08-18 02:00:23", "individual": "Heidi A9V51 (eobs 7994)"}}, {"type": "Feature", "geometry": {"type": "Point", "coordinates": [7.8121731, 48.0793549]}, "properties": {"timestamp": "2020-08-19 02:00:23", "individual": "Heidi A9V51 (eobs 7994)"}}, {"type": "Feature", "geometry": {"type": "Point", "coordinates": [7.8121462, 48.0792425]}, "properties": {"timestamp": "2020-08-20 02:00:23", "individual": "Heidi A9V51 (eobs 7994)"}}, {"type": "Feature", "geometry": {"type": "Point", "coordinates": [7.812223, 48.07919]}, "properties": {"timestamp": "2020-08-21 02:00:23", "individual": "Heidi A9V51 (eobs 7994)"}}, {"type": "Feature", "geometry": {"type": "Point", "coordinates": [7.1136342, 47.4674943]}, "properties": {"timestamp": "2020-08-22 02:00:23", "individual": "Heidi A9V51 (eobs 7994)"}}, {"type": "Feature", "geometry": {"type": "Point", "coordinates": [7.1728296, 47.4320995]}, "properties": {"timestamp": "2020-08-23 02:00:23", "individual": "Heidi A9V51 (eobs 7994)"}}, {"type": "Feature", "geometry": {"type": "Point", "coordinates": [7.1735235, 47.4317224]}, "properties": {"timestamp": "2020-08-24 02:00:23", "individual": "Heidi A9V51 (eobs 7994)"}}, {"type": "Feature", "geometry": {"type": "Point", "coordinates": [5.0372027, 45.9658217]}, "properties": {"timestamp": "2020-08-25 02:00:23", "individual": "Heidi A9V51 (eobs 7994)"}}, {"type": "Feature", "geometry": {"type": "Point", "coordinates": [4.9232237, 45.6891793]}, "properties": {"timestamp": "2020-08-26 02:00:23", "individual": "Heidi A9V51 (eobs 7994)"}}, {"type": "Feature", "geometry": {"type": "Point", "coordinates": [4.1077826, 43.6247987]}, "properties": {"timestamp": "2020-08-27 02:00:23", "individual": "Heidi A9V51 (eobs 7994)"}}, {"type": "Feature", "geometry": {"type": "Point", "coordinates": [2.8215551, 42.5222219]}, "properties": {"timestamp": "2020-08-28 02:00:23", "individual": "Heidi A9V51 (eobs 7994)"}}, {"type": "Feature", "geometry": {"type": "Point", "coordinates": [0.9315892, 41.6648281]}, "properties": {"timestamp": "2020-08-29 02:00:23", "individual": "Heidi A9V51 (eobs 7994)"}}, {"type": "Feature", "geometry": {"type": "Point", "coordinates": [0.1548965, 40.8760554]}, "properties": {"timestamp": "2020-08-30 02:00:23", "individual": "Heidi A9V51 (eobs 7994)"}}, {"type": "Feature", "geometry": {"type": "Point", "coordinates": [-1.5806924, 38.8195723]}, "properties": {"timestamp": "2020-08-31 02:00:23", "individual": "Heidi A9V51 (eobs 7994)"}}, {"type": "Feature", "geometry": {"type": "Point", "coordinates": [-3.3446898, 37.315849]}, "properties": {"timestamp": "2020-09-01 02:00:23", "individual": "Heidi A9V51 (eobs 7994)"}}, {"type": "Feature", "geometry": {"type": "Point", "coordinates": [-4.5323349, 36.7296939]}, "properties": {"timestamp": "2020-09-02 02:00:23", "individual": "Heidi A9V51 (eobs 7994)"}}, {"type": "Feature", "geometry": {"type": "Point", "coordinates": [-5.4484656, 36.2285509]}, "properties": {"timestamp": "2020-09-03 02:00:23", "individual": "Heidi A9V51 (eobs 7994)"}}, {"type": "Feature", "geometry": {"type": "Point", "coordinates": [-5.4531015, 36.2206722]}, "properties": {"timestamp": "2020-09-04 02:00:23", "individual": "Heidi A9V51 (eobs 7994)"}}, {"type": "Feature", "geometry": {"type": "Point", "coordinates": [-5.4510975, 36.2228537]}, "properties": {"timestamp": "2020-09-05 02:00:23", "individual": "Heidi A9V51 (eobs 7994)"}}, {"type": "Feature", "geometry": {"type": "Point", "coordinates": [-5.4307512, 36.2310062]}, "properties": {"timestamp": "2020-09-06 02:00:23", "individual": "Heidi A9V51 (eobs 7994)"}}, {"type": "Feature", "geometry": {"type": "Point", "coordinates": [-5.4792193, 36.2234614]}, "properties": {"timestamp": "2020-09-07 02:00:23", "individual": "Heidi A9V51 (eobs 7994)"}}, {"type": "Feature", "geometry": {"type": "Point", "coordinates": [-5.4771724, 36.2250213]}, "properties": {"timestamp": "2020-09-08 02:00:23", "individual": "Heidi A9V51 (eobs 7994)"}}, {"type": "Feature", "geometry": {"type": "Point", "coordinates": [-5.4306263, 36.2308991]}, "properties": {"timestamp": "2020-09-09 02:00:23", "individual": "Heidi A9V51 (eobs 7994)"}}, {"type": "Feature", "geometry": {"type": "Point", "coordinates": [-5.4323464, 36.2309861]}, "properties": {"timestamp": "2020-09-10 02:00:23", "individual": "Heidi A9V51 (eobs 7994)"}}, {"type": "Feature", "geometry": {"type": "Point", "coordinates": [-5.4772153, 36.2250541]}, "properties": {"timestamp": "2020-09-11 02:00:23", "individual": "Heidi A9V51 (eobs 7994)"}}, {"type": "Feature", "geometry": {"type": "Point", "coordinates": [-5.4323124, 36.2309881]}, "properties": {"timestamp": "2020-09-12 02:00:41", "individual": "Heidi A9V51 (eobs 7994)"}}, {"type": "Feature", "geometry": {"type": "Point", "coordinates": [-5.4378341, 36.2160124]}, "properties": {"timestamp": "2020-09-13 02:00:23", "individual": "Heidi A9V51 (eobs 7994)"}}, {"type": "Feature", "geometry": {"type": "Point", "coordinates": [-5.4791888, 36.2200343]}, "properties": {"timestamp": "2020-09-14 02:00:23", "individual": "Heidi A9V51 (eobs 7994)"}}, {"type": "Feature", "geometry": {"type": "Point", "coordinates": [-5.4861898, 36.2181712]}, "properties": {"timestamp": "2020-09-15 02:00:23", "individual": "Heidi A9V51 (eobs 7994)"}}, {"type": "Feature", "geometry": {"type": "Point", "coordinates": [-5.483603, 36.2158094]}, "properties": {"timestamp": "2020-09-16 02:00:23", "individual": "Heidi A9V51 (eobs 7994)"}}, {"type": "Feature", "geometry": {"type": "Point", "coordinates": [-5.4836173, 36.2159141]}, "properties": {"timestamp": "2020-09-17 02:00:23", "individual": "Heidi A9V51 (eobs 7994)"}}, {"type": "Feature", "geometry": {"type": "Point", "coordinates": [-5.4799711, 36.2174047]}, "properties": {"timestamp": "2020-09-18 02:00:23", "individual": "Heidi A9V51 (eobs 7994)"}}, {"type": "Feature", "geometry": {"type": "Point", "coordinates": [-5.4799857, 36.217421]}, "properties": {"timestamp": "2020-09-19 02:00:23", "individual": "Heidi A9V51 (eobs 7994)"}}, {"type": "Feature", "geometry": {"type": "Point", "coordinates": [-5.43228, 36.2310414]}, "properties": {"timestamp": "2020-09-20 02:00:23", "individual": "Heidi A9V51 (eobs 7994)"}}, {"type": "Feature", "geometry": {"type": "Point", "coordinates": [-5.3590021, 35.5713153]}, "properties": {"timestamp": "2020-09-21 02:00:23", "individual": "Heidi A9V51 (eobs 7994)"}}, {"type": "Feature", "geometry": {"type": "Point", "coordinates": [-6.2557234, 34.6743224]}, "properties": {"timestamp": "2020-09-22 02:00:23", "individual": "Heidi A9V51 (eobs 7994)"}}, {"type": "Feature", "geometry": {"type": "Point", "coordinates": [-6.5779711, 34.2661502]}, "properties": {"timestamp": "2020-09-23 02:00:41", "individual": "Heidi A9V51 (eobs 7994)"}}, {"type": "Feature", "geometry": {"type": "Point", "coordinates": [-6.5623869, 34.2827103]}, "properties": {"timestamp": "2020-09-24 02:00:23", "individual": "Heidi A9V51 (eobs 7994)"}}, {"type": "Feature", "geometry": {"type": "Point", "coordinates": [-6.5611971, 34.2812375]}, "properties": {"timestamp": "2020-09-25 02:00:23", "individual": "Heidi A9V51 (eobs 7994)"}}, {"type": "Feature", "geometry": {"type": "Point", "coordinates": [-6.2254099, 34.576707]}, "properties": {"timestamp": "2020-09-26 02:00:23", "individual": "Heidi A9V51 (eobs 7994)"}}, {"type": "Feature", "geometry": {"type": "Point", "coordinates": [-6.2722074, 34.5577574]}, "properties": {"timestamp": "2020-09-27 02:00:23", "individual": "Heidi A9V51 (eobs 7994)"}}, {"type": "Feature", "geometry": {"type": "Point", "coordinates": [-6.2718617, 34.5582492]}, "properties": {"timestamp": "2020-09-28 02:00:23", "individual": "Heidi A9V51 (eobs 7994)"}}, {"type": "Feature", "geometry": {"type": "Point", "coordinates": [-6.2733038, 34.5581863]}, "properties": {"timestamp": "2020-09-29 02:00:23", "individual": "Heidi A9V51 (eobs 7994)"}}, {"type": "Feature", "geometry": {"type": "Point", "coordinates": [-6.272922, 34.5582205]}, "properties": {"timestamp": "2020-09-30 02:00:23", "individual": "Heidi A9V51 (eobs 7994)"}}, {"type": "Feature", "geometry": {"type": "Point", "coordinates": [-6.2151413, 34.6434743]}, "properties": {"timestamp": "2020-10-01 02:00:23", "individual": "Heidi A9V51 (eobs 7994)"}}, {"type": "Feature", "geometry": {"type": "Point", "coordinates": [-6.2693142, 34.5590638]}, "properties": {"timestamp": "2020-10-02 02:00:23", "individual": "Heidi A9V51 (eobs 7994)"}}, {"type": "Feature", "geometry": {"type": "Point", "coordinates": [-6.2714416, 34.5592286]}, "properties": {"timestamp": "2020-10-03 02:00:23", "individual": "Heidi A9V51 (eobs 7994)"}}, {"type": "Feature", "geometry": {"type": "Point", "coordinates": [-6.2471863, 34.672048]}, "properties": {"timestamp": "2020-10-04 02:00:23", "individual": "Heidi A9V51 (eobs 7994)"}}, {"type": "Feature", "geometry": {"type": "Point", "coordinates": [-6.2655795, 34.5923342]}, "properties": {"timestamp": "2020-10-05 02:00:23", "individual": "Heidi A9V51 (eobs 7994)"}}, {"type": "Feature", "geometry": {"type": "Point", "coordinates": [-6.269157, 34.5865934]}, "properties": {"timestamp": "2020-10-06 02:00:39", "individual": "Heidi A9V51 (eobs 7994)"}}, {"type": "Feature", "geometry": {"type": "Point", "coordinates": [-6.3116936, 34.5600758]}, "properties": {"timestamp": "2020-10-07 02:00:23", "individual": "Heidi A9V51 (eobs 7994)"}}, {"type": "Feature", "geometry": {"type": "Point", "coordinates": [-6.3125483, 34.5665651]}, "properties": {"timestamp": "2020-10-08 02:00:41", "individual": "Heidi A9V51 (eobs 7994)"}}, {"type": "Feature", "geometry": {"type": "Point", "coordinates": [-6.2553186, 34.6714124]}, "properties": {"timestamp": "2020-10-09 02:00:23", "individual": "Heidi A9V51 (eobs 7994)"}}, {"type": "Feature", "geometry": {"type": "Point", "coordinates": [-6.2578662, 34.6744961]}, "properties": {"timestamp": "2020-10-10 02:00:41", "individual": "Heidi A9V51 (eobs 7994)"}}, {"type": "Feature", "geometry": {"type": "Point", "coordinates": [-6.2552696, 34.6710587]}, "properties": {"timestamp": "2020-10-11 02:00:23", "individual": "Heidi A9V51 (eobs 7994)"}}, {"type": "Feature", "geometry": {"type": "Point", "coordinates": [-6.2437405, 34.6525852]}, "properties": {"timestamp": "2020-10-12 02:00:23", "individual": "Heidi A9V51 (eobs 7994)"}}, {"type": "Feature", "geometry": {"type": "Point", "coordinates": [-6.2419995, 34.6545547]}, "properties": {"timestamp": "2020-10-13 02:00:23", "individual": "Heidi A9V51 (eobs 7994)"}}, {"type": "Feature", "geometry": {"type": "Point", "coordinates": [-6.2442296, 34.6514207]}, "properties": {"timestamp": "2020-10-14 02:00:23", "individual": "Heidi A9V51 (eobs 7994)"}}, {"type": "Feature", "geometry": {"type": "Point", "coordinates": [-6.2568529, 34.6666906]}, "properties": {"timestamp": "2020-10-15 02:00:23", "individual": "Heidi A9V51 (eobs 7994)"}}, {"type": "Feature", "geometry": {"type": "Point", "coordinates": [-6.2576332, 34.6736952]}, "properties": {"timestamp": "2020-10-16 02:00:23", "individual": "Heidi A9V51 (eobs 7994)"}}, {"type": "Feature", "geometry": {"type": "Point", "coordinates": [-6.2076627, 34.6932588]}, "properties": {"timestamp": "2020-10-17 02:00:23", "individual": "Heidi A9V51 (eobs 7994)"}}, {"type": "Feature", "geometry": {"type": "Point", "coordinates": [-6.2559885, 34.6636798]}, "properties": {"timestamp": "2020-10-18 02:00:23", "individual": "Heidi A9V51 (eobs 7994)"}}, {"type": "Feature", "geometry": {"type": "Point", "coordinates": [-6.2621345, 34.6619767]}, "properties": {"timestamp": "2020-10-19 02:00:23", "individual": "Heidi A9V51 (eobs 7994)"}}, {"type": "Feature", "geometry": {"type": "Point", "coordinates": [-6.2949747, 34.5642896]}, "properties": {"timestamp": "2020-10-20 02:00:41", "individual": "Heidi A9V51 (eobs 7994)"}}, {"type": "Feature", "geometry": {"type": "Point", "coordinates": [-6.2630991, 34.6606116]}, "properties": {"timestamp": "2020-10-21 02:00:23", "individual": "Heidi A9V51 (eobs 7994)"}}, {"type": "Feature", "geometry": {"type": "Point", "coordinates": [-6.2625554, 34.6611848]}, "properties": {"timestamp": "2020-10-22 02:00:23", "individual": "Heidi A9V51 (eobs 7994)"}}, {"type": "Feature", "geometry": {"type": "Point", "coordinates": [-6.2626101, 34.6637308]}, "properties": {"timestamp": "2020-10-23 02:00:23", "individual": "Heidi A9V51 (eobs 7994)"}}, {"type": "Feature", "geometry": {"type": "Point", "coordinates": [-6.2642989, 34.6618039]}, "properties": {"timestamp": "2020-10-24 02:00:23", "individual": "Heidi A9V51 (eobs 7994)"}}, {"type": "Feature", "geometry": {"type": "Point", "coordinates": [-6.2186087, 34.6926585]}, "properties": {"timestamp": "2020-10-25 02:00:23", "individual": "Heidi A9V51 (eobs 7994)"}}, {"type": "Feature", "geometry": {"type": "Point", "coordinates": [-6.2674762, 34.8418695]}, "properties": {"timestamp": "2020-10-26 02:00:23", "individual": "Heidi A9V51 (eobs 7994)"}}, {"type": "Feature", "geometry": {"type": "Point", "coordinates": [-5.911535, 35.0025185]}, "properties": {"timestamp": "2020-10-27 02:00:23", "individual": "Heidi A9V51 (eobs 7994)"}}, {"type": "Feature", "geometry": {"type": "Point", "coordinates": [-5.9052855, 35.0015562]}, "properties": {"timestamp": "2020-10-28 02:00:23", "individual": "Heidi A9V51 (eobs 7994)"}}, {"type": "Feature", "geometry": {"type": "Point", "coordinates": [-5.9063207, 35.0026049]}, "properties": {"timestamp": "2020-10-29 02:00:23", "individual": "Heidi A9V51 (eobs 7994)"}}, {"type": "Feature", "geometry": {"type": "Point", "coordinates": [-5.9052785, 35.0015355]}, "properties": {"timestamp": "2020-10-30 02:00:23", "individual": "Heidi A9V51 (eobs 7994)"}}, {"type": "Feature", "geometry": {"type": "Point", "coordinates": [-6.0056383, 34.9788034]}, "properties": {"timestamp": "2020-10-31 02:00:23", "individual": "Heidi A9V51 (eobs 7994)"}}, {"type": "Feature", "geometry": {"type": "Point", "coordinates": [-5.9052448, 35.0015703]}, "properties": {"timestamp": "2020-11-01 02:00:23", "individual": "Heidi A9V51 (eobs 7994)"}}, {"type": "Feature", "geometry": {"type": "Point", "coordinates": [-5.9128453, 35.0494536]}, "properties": {"timestamp": "2020-11-02 02:00:23", "individual": "Heidi A9V51 (eobs 7994)"}}, {"type": "Feature", "geometry": {"type": "Point", "coordinates": [-5.9051164, 35.0015349]}, "properties": {"timestamp": "2020-11-03 02:00:23", "individual": "Heidi A9V51 (eobs 7994)"}}, {"type": "Feature", "geometry": {"type": "Point", "coordinates": [-5.9507256, 35.0893566]}, "properties": {"timestamp": "2020-11-04 02:00:23", "individual": "Heidi A9V51 (eobs 7994)"}}, {"type": "Feature", "geometry": {"type": "Point", "coordinates": [-5.794625, 35.7604298]}, "properties": {"timestamp": "2020-11-05 03:30:32", "individual": "Heidi A9V51 (eobs 7994)"}}, {"type": "Feature", "geometry": {"type": "Point", "coordinates": [-5.7990604, 35.765038]}, "properties": {"timestamp": "2020-11-06 02:00:23", "individual": "Heidi A9V51 (eobs 7994)"}}, {"type": "Feature", "geometry": {"type": "Point", "coordinates": [-5.7990742, 35.7648518]}, "properties": {"timestamp": "2020-11-07 02:00:23", "individual": "Heidi A9V51 (eobs 7994)"}}, {"type": "Feature", "geometry": {"type": "Point", "coordinates": [-5.7990546, 35.7650871]}, "properties": {"timestamp": "2020-11-08 02:00:23", "individual": "Heidi A9V51 (eobs 7994)"}}, {"type": "Feature", "geometry": {"type": "Point", "coordinates": [-5.8057487, 35.7641565]}, "properties": {"timestamp": "2020-11-09 02:00:23", "individual": "Heidi A9V51 (eobs 7994)"}}, {"type": "Feature", "geometry": {"type": "Point", "coordinates": [-5.7989684, 35.7649476]}, "properties": {"timestamp": "2020-11-10 02:00:23", "individual": "Heidi A9V51 (eobs 7994)"}}, {"type": "Feature", "geometry": {"type": "Point", "coordinates": [-5.7991795, 35.764868]}, "properties": {"timestamp": "2020-11-11 02:00:23", "individual": "Heidi A9V51 (eobs 7994)"}}, {"type": "Feature", "geometry": {"type": "Point", "coordinates": [-5.7990334, 35.7649383]}, "properties": {"timestamp": "2020-11-12 02:00:23", "individual": "Heidi A9V51 (eobs 7994)"}}, {"type": "Feature", "geometry": {"type": "Point", "coordinates": [-5.7989868, 35.7649172]}, "properties": {"timestamp": "2020-11-13 02:00:23", "individual": "Heidi A9V51 (eobs 7994)"}}, {"type": "Feature", "geometry": {"type": "Point", "coordinates": [-5.8070021, 35.7682116]}, "properties": {"timestamp": "2020-11-14 02:00:23", "individual": "Heidi A9V51 (eobs 7994)"}}, {"type": "Feature", "geometry": {"type": "Point", "coordinates": [-5.797152, 35.7625171]}, "properties": {"timestamp": "2020-11-15 02:00:23", "individual": "Heidi A9V51 (eobs 7994)"}}, {"type": "Feature", "geometry": {"type": "Point", "coordinates": [-5.7980653, 35.7630486]}, "properties": {"timestamp": "2020-11-16 02:00:23", "individual": "Heidi A9V51 (eobs 7994)"}}, {"type": "Feature", "geometry": {"type": "Point", "coordinates": [-5.7944832, 35.7615522]}, "properties": {"timestamp": "2020-11-17 02:00:23", "individual": "Heidi A9V51 (eobs 7994)"}}, {"type": "Feature", "geometry": {"type": "Point", "coordinates": [-5.7945599, 35.7614984]}, "properties": {"timestamp": "2020-11-18 02:00:23", "individual": "Heidi A9V51 (eobs 7994)"}}, {"type": "Feature", "geometry": {"type": "Point", "coordinates": [-5.7947411, 35.7619701]}, "properties": {"timestamp": "2020-11-19 02:00:23", "individual": "Heidi A9V51 (eobs 7994)"}}, {"type": "Feature", "geometry": {"type": "Point", "coordinates": [-5.7935602, 35.7549212]}, "properties": {"timestamp": "2020-11-20 02:00:23", "individual": "Heidi A9V51 (eobs 7994)"}}, {"type": "Feature", "geometry": {"type": "Point", "coordinates": [-5.7943418, 35.7611179]}, "properties": {"timestamp": "2020-11-21 02:00:41", "individual": "Heidi A9V51 (eobs 7994)"}}, {"type": "Feature", "geometry": {"type": "Point", "coordinates": [-5.7752031, 35.759245]}, "properties": {"timestamp": "2020-11-22 02:00:23", "individual": "Heidi A9V51 (eobs 7994)"}}, {"type": "Feature", "geometry": {"type": "Point", "coordinates": [-5.7946856, 35.7615123]}, "properties": {"timestamp": "2020-11-23 02:00:45", "individual": "Heidi A9V51 (eobs 7994)"}}, {"type": "Feature", "geometry": {"type": "Point", "coordinates": [-5.7733334, 35.7626219]}, "properties": {"timestamp": "2020-11-24 02:00:23", "individual": "Heidi A9V51 (eobs 7994)"}}, {"type": "Feature", "geometry": {"type": "Point", "coordinates": [-5.7946343, 35.760412]}, "properties": {"timestamp": "2020-11-25 03:45:53", "individual": "Heidi A9V51 (eobs 7994)"}}, {"type": "Feature", "geometry": {"type": "Point", "coordinates": [-5.7946706, 35.7620281]}, "properties": {"timestamp": "2020-11-26 02:00:23", "individual": "Heidi A9V51 (eobs 7994)"}}, {"type": "Feature", "geometry": {"type": "Point", "coordinates": [-5.7944728, 35.761583]}, "properties": {"timestamp": "2020-11-27 02:00:23", "individual": "Heidi A9V51 (eobs 7994)"}}, {"type": "Feature", "geometry": {"type": "Point", "coordinates": [-5.7676699, 35.7546718]}, "properties": {"timestamp": "2020-11-28 02:00:23", "individual": "Heidi A9V51 (eobs 7994)"}}, {"type": "Feature", "geometry": {"type": "Point", "coordinates": [-5.7694834, 35.7550409]}, "properties": {"timestamp": "2020-11-29 02:00:23", "individual": "Heidi A9V51 (eobs 7994)"}}, {"type": "Feature", "geometry": {"type": "Point", "coordinates": [-5.7690642, 35.7359852]}, "properties": {"timestamp": "2020-11-30 02:00:23", "individual": "Heidi A9V51 (eobs 7994)"}}, {"type": "Feature", "geometry": {"type": "Point", "coordinates": [-5.7949272, 35.7618468]}, "properties": {"timestamp": "2020-12-01 02:00:23", "individual": "Heidi A9V51 (eobs 7994)"}}, {"type": "Feature", "geometry": {"type": "Point", "coordinates": [-5.7646917, 35.755867]}, "properties": {"timestamp": "2020-12-02 02:00:23", "individual": "Heidi A9V51 (eobs 7994)"}}, {"type": "Feature", "geometry": {"type": "Point", "coordinates": [-5.8001045, 35.7659986]}, "properties": {"timestamp": "2020-12-03 02:00:23", "individual": "Heidi A9V51 (eobs 7994)"}}, {"type": "Feature", "geometry": {"type": "Point", "coordinates": [-5.7728923, 35.7474087]}, "properties": {"timestamp": "2020-12-04 02:00:23", "individual": "Heidi A9V51 (eobs 7994)"}}, {"type": "Feature", "geometry": {"type": "Point", "coordinates": [-5.7759105, 35.7401931]}, "properties": {"timestamp": "2020-12-05 02:00:23", "individual": "Heidi A9V51 (eobs 7994)"}}, {"type": "Feature", "geometry": {"type": "Point", "coordinates": [-5.7748513, 35.7611733]}, "properties": {"timestamp": "2020-12-06 02:00:23", "individual": "Heidi A9V51 (eobs 7994)"}}, {"type": "Feature", "geometry": {"type": "Point", "coordinates": [-5.7961051, 35.7579615]}, "properties": {"timestamp": "2020-12-07 02:00:23", "individual": "Heidi A9V51 (eobs 7994)"}}, {"type": "Feature", "geometry": {"type": "Point", "coordinates": [-5.7962178, 35.7579509]}, "properties": {"timestamp": "2020-12-08 02:00:23", "individual": "Heidi A9V51 (eobs 7994)"}}, {"type": "Feature", "geometry": {"type": "Point", "coordinates": [-5.7961633, 35.7579911]}, "properties": {"timestamp": "2020-12-09 02:00:23", "individual": "Heidi A9V51 (eobs 7994)"}}, {"type": "Feature", "geometry": {"type": "Point", "coordinates": [-5.7961608, 35.7579566]}, "properties": {"timestamp": "2020-12-10 02:00:23", "individual": "Heidi A9V51 (eobs 7994)"}}, {"type": "Feature", "geometry": {"type": "Point", "coordinates": [-5.7962461, 35.7578799]}, "properties": {"timestamp": "2020-12-11 02:00:23", "individual": "Heidi A9V51 (eobs 7994)"}}, {"type": "Feature", "geometry": {"type": "Point", "coordinates": [-5.8050891, 35.7643648]}, "properties": {"timestamp": "2020-12-12 02:00:23", "individual": "Heidi A9V51 (eobs 7994)"}}, {"type": "Feature", "geometry": {"type": "Point", "coordinates": [-5.7746494, 35.7606448]}, "properties": {"timestamp": "2020-12-13 02:00:23", "individual": "Heidi A9V51 (eobs 7994)"}}, {"type": "Feature", "geometry": {"type": "Point", "coordinates": [-5.7747291, 35.7605465]}, "properties": {"timestamp": "2020-12-14 02:00:23", "individual": "Heidi A9V51 (eobs 7994)"}}, {"type": "Feature", "geometry": {"type": "Point", "coordinates": [-5.7746538, 35.7607254]}, "properties": {"timestamp": "2020-12-15 02:00:23", "individual": "Heidi A9V51 (eobs 7994)"}}, {"type": "Feature", "geometry": {"type": "Point", "coordinates": [-5.7746467, 35.7607292]}, "properties": {"timestamp": "2020-12-16 02:00:23", "individual": "Heidi A9V51 (eobs 7994)"}}, {"type": "Feature", "geometry": {"type": "Point", "coordinates": [-5.7746296, 35.7605844]}, "properties": {"timestamp": "2020-12-17 02:00:23", "individual": "Heidi A9V51 (eobs 7994)"}}, {"type": "Feature", "geometry": {"type": "Point", "coordinates": [-5.7747023, 35.760557]}, "properties": {"timestamp": "2020-12-18 02:00:23", "individual": "Heidi A9V51 (eobs 7994)"}}, {"type": "Feature", "geometry": {"type": "Point", "coordinates": [-5.7747635, 35.7606492]}, "properties": {"timestamp": "2020-12-19 02:00:23", "individual": "Heidi A9V51 (eobs 7994)"}}, {"type": "Feature", "geometry": {"type": "Point", "coordinates": [-5.7747353, 35.7606458]}, "properties": {"timestamp": "2020-12-20 02:00:23", "individual": "Heidi A9V51 (eobs 7994)"}}, {"type": "Feature", "geometry": {"type": "Point", "coordinates": [-5.771082, 35.7596034]}, "properties": {"timestamp": "2020-12-21 02:00:23", "individual": "Heidi A9V51 (eobs 7994)"}}, {"type": "Feature", "geometry": {"type": "Point", "coordinates": [-5.7726568, 35.7612236]}, "properties": {"timestamp": "2020-12-22 02:00:23", "individual": "Heidi A9V51 (eobs 7994)"}}, {"type": "Feature", "geometry": {"type": "Point", "coordinates": [-5.7747438, 35.7605532]}, "properties": {"timestamp": "2020-12-23 02:00:23", "individual": "Heidi A9V51 (eobs 7994)"}}, {"type": "Feature", "geometry": {"type": "Point", "coordinates": [-5.7746886, 35.7605927]}, "properties": {"timestamp": "2020-12-24 02:00:23", "individual": "Heidi A9V51 (eobs 7994)"}}, {"type": "Feature", "geometry": {"type": "Point", "coordinates": [-5.7746746, 35.7606218]}, "properties": {"timestamp": "2020-12-25 02:00:23", "individual": "Heidi A9V51 (eobs 7994)"}}, {"type": "Feature", "geometry": {"type": "Point", "coordinates": [-5.774716, 35.7606559]}, "properties": {"timestamp": "2020-12-26 02:00:23", "individual": "Heidi A9V51 (eobs 7994)"}}, {"type": "Feature", "geometry": {"type": "Point", "coordinates": [-5.7746692, 35.7612598]}, "properties": {"timestamp": "2020-12-27 02:00:23", "individual": "Heidi A9V51 (eobs 7994)"}}, {"type": "Feature", "geometry": {"type": "Point", "coordinates": [-5.774973, 35.761496]}, "properties": {"timestamp": "2020-12-28 02:00:23", "individual": "Heidi A9V51 (eobs 7994)"}}, {"type": "Feature", "geometry": {"type": "Point", "coordinates": [-5.7743485, 35.7607073]}, "properties": {"timestamp": "2020-12-29 02:00:23", "individual": "Heidi A9V51 (eobs 7994)"}}, {"type": "Feature", "geometry": {"type": "Point", "coordinates": [-5.7747584, 35.7613123]}, "properties": {"timestamp": "2020-12-30 02:00:23", "individual": "Heidi A9V51 (eobs 7994)"}}, {"type": "Feature", "geometry": {"type": "Point", "coordinates": [-5.7747658, 35.7606516]}, "properties": {"timestamp": "2020-12-31 02:00:23", "individual": "Heidi A9V51 (eobs 7994)"}}, {"type": "Feature", "geometry": {"type": "Point", "coordinates": [-5.7747137, 35.7612224]}, "properties": {"timestamp": "2021-01-01 02:00:23", "individual": "Heidi A9V51 (eobs 7994)"}}, {"type": "Feature", "geometry": {"type": "Point", "coordinates": [-5.7746978, 35.7613416]}, "properties": {"timestamp": "2021-01-02 02:00:23", "individual": "Heidi A9V51 (eobs 7994)"}}, {"type": "Feature", "geometry": {"type": "Point", "coordinates": [-5.7747067, 35.7613611]}, "properties": {"timestamp": "2021-01-03 02:00:23", "individual": "Heidi A9V51 (eobs 7994)"}}, {"type": "Feature", "geometry": {"type": "Point", "coordinates": [-5.772687, 35.7612419]}, "properties": {"timestamp": "2021-01-04 02:00:23", "individual": "Heidi A9V51 (eobs 7994)"}}, {"type": "Feature", "geometry": {"type": "Point", "coordinates": [-5.7747019, 35.7606079]}, "properties": {"timestamp": "2021-01-05 02:00:23", "individual": "Heidi A9V51 (eobs 7994)"}}, {"type": "Feature", "geometry": {"type": "Point", "coordinates": [-5.7727053, 35.7611582]}, "properties": {"timestamp": "2021-01-06 02:00:23", "individual": "Heidi A9V51 (eobs 7994)"}}, {"type": "Feature", "geometry": {"type": "Point", "coordinates": [-5.7737412, 35.7598831]}, "properties": {"timestamp": "2021-01-07 02:00:23", "individual": "Heidi A9V51 (eobs 7994)"}}, {"type": "Feature", "geometry": {"type": "Point", "coordinates": [-5.7754688, 35.759049]}, "properties": {"timestamp": "2021-01-08 02:00:23", "individual": "Heidi A9V51 (eobs 7994)"}}, {"type": "Feature", "geometry": {"type": "Point", "coordinates": [-5.7735454, 35.7601733]}, "properties": {"timestamp": "2021-01-09 02:00:23", "individual": "Heidi A9V51 (eobs 7994)"}}, {"type": "Feature", "geometry": {"type": "Point", "coordinates": [-5.7774955, 35.7597441]}, "properties": {"timestamp": "2021-01-10 02:00:22.999000", "individual": "Heidi A9V51 (eobs 7994)"}}, {"type": "Feature", "geometry": {"type": "Point", "coordinates": [-5.7776186, 35.7595715]}, "properties": {"timestamp": "2021-01-11 02:00:23", "individual": "Heidi A9V51 (eobs 7994)"}}, {"type": "Feature", "geometry": {"type": "Point", "coordinates": [-5.7774656, 35.7598167]}, "properties": {"timestamp": "2021-01-12 02:00:23", "individual": "Heidi A9V51 (eobs 7994)"}}, {"type": "Feature", "geometry": {"type": "Point", "coordinates": [-5.7759656, 35.758968]}, "properties": {"timestamp": "2021-01-13 02:00:23", "individual": "Heidi A9V51 (eobs 7994)"}}, {"type": "Feature", "geometry": {"type": "Point", "coordinates": [-5.7757613, 35.7589919]}, "properties": {"timestamp": "2021-01-14 02:00:23", "individual": "Heidi A9V51 (eobs 7994)"}}, {"type": "Feature", "geometry": {"type": "Point", "coordinates": [-5.8970696, 35.633885]}, "properties": {"timestamp": "2021-01-15 02:00:41", "individual": "Heidi A9V51 (eobs 7994)"}}, {"type": "Feature", "geometry": {"type": "Point", "coordinates": [-5.7765943, 35.7594979]}, "properties": {"timestamp": "2021-01-16 02:00:23", "individual": "Heidi A9V51 (eobs 7994)"}}, {"type": "Feature", "geometry": {"type": "Point", "coordinates": [-5.7764813, 35.7594319]}, "properties": {"timestamp": "2021-01-17 02:00:23", "individual": "Heidi A9V51 (eobs 7994)"}}, {"type": "Feature", "geometry": {"type": "Point", "coordinates": [-5.7768546, 35.7594762]}, "properties": {"timestamp": "2021-01-18 02:00:23", "individual": "Heidi A9V51 (eobs 7994)"}}, {"type": "Feature", "geometry": {"type": "Point", "coordinates": [-5.8973774, 35.6338946]}, "properties": {"timestamp": "2021-01-19 02:00:23", "individual": "Heidi A9V51 (eobs 7994)"}}, {"type": "Feature", "geometry": {"type": "Point", "coordinates": [-5.7765357, 35.7594237]}, "properties": {"timestamp": "2021-01-20 02:00:23", "individual": "Heidi A9V51 (eobs 7994)"}}, {"type": "Feature", "geometry": {"type": "Point", "coordinates": [-5.7766916, 35.7592804]}, "properties": {"timestamp": "2021-01-21 02:00:23", "individual": "Heidi A9V51 (eobs 7994)"}}, {"type": "Feature", "geometry": {"type": "Point", "coordinates": [-5.776037, 35.759053]}, "properties": {"timestamp": "2021-01-22 02:00:23", "individual": "Heidi A9V51 (eobs 7994)"}}, {"type": "Feature", "geometry": {"type": "Point", "coordinates": [-5.93466, 35.6242725]}, "properties": {"timestamp": "2021-01-23 02:00:23", "individual": "Heidi A9V51 (eobs 7994)"}}, {"type": "Feature", "geometry": {"type": "Point", "coordinates": [-5.8965167, 35.6341672]}, "properties": {"timestamp": "2021-01-24 02:00:23", "individual": "Heidi A9V51 (eobs 7994)"}}, {"type": "Feature", "geometry": {"type": "Point", "coordinates": [-5.92378, 35.6269845]}, "properties": {"timestamp": "2021-01-25 02:00:23", "individual": "Heidi A9V51 (eobs 7994)"}}, {"type": "Feature", "geometry": {"type": "Point", "coordinates": [-5.897075, 35.6339074]}, "properties": {"timestamp": "2021-01-26 02:00:41", "individual": "Heidi A9V51 (eobs 7994)"}}, {"type": "Feature", "geometry": {"type": "Point", "coordinates": [-5.8971352, 35.6337201]}, "properties": {"timestamp": "2021-01-27 02:00:23", "individual": "Heidi A9V51 (eobs 7994)"}}, {"type": "Feature", "geometry": {"type": "Point", "coordinates": [-5.8983674, 35.636576]}, "properties": {"timestamp": "2021-01-28 02:00:23", "individual": "Heidi A9V51 (eobs 7994)"}}, {"type": "Feature", "geometry": {"type": "Point", "coordinates": [-5.8994049, 35.6364938]}, "properties": {"timestamp": "2021-01-29 02:00:41", "individual": "Heidi A9V51 (eobs 7994)"}}, {"type": "Feature", "geometry": {"type": "Point", "coordinates": [-5.8654048, 35.6091533]}, "properties": {"timestamp": "2021-01-30 02:00:23", "individual": "Heidi A9V51 (eobs 7994)"}}, {"type": "Feature", "geometry": {"type": "Point", "coordinates": [-5.8990451, 35.6365551]}, "properties": {"timestamp": "2021-01-31 02:00:23", "individual": "Heidi A9V51 (eobs 7994)"}}, {"type": "Feature", "geometry": {"type": "Point", "coordinates": [-5.8950702, 35.6344703]}, "properties": {"timestamp": "2021-02-01 02:00:23", "individual": "Heidi A9V51 (eobs 7994)"}}, {"type": "Feature", "geometry": {"type": "Point", "coordinates": [-5.8968054, 35.6376559]}, "properties": {"timestamp": "2021-02-02 02:00:23", "individual": "Heidi A9V51 (eobs 7994)"}}, {"type": "Feature", "geometry": {"type": "Point", "coordinates": [-5.9354585, 35.6251949]}, "properties": {"timestamp": "2021-02-03 02:00:23", "individual": "Heidi A9V51 (eobs 7994)"}}, {"type": "Feature", "geometry": {"type": "Point", "coordinates": [-5.9364787, 35.6248944]}, "properties": {"timestamp": "2021-02-04 02:00:23", "individual": "Heidi A9V51 (eobs 7994)"}}, {"type": "Feature", "geometry": {"type": "Point", "coordinates": [-5.8631752, 35.6093403]}, "properties": {"timestamp": "2021-02-05 02:00:23", "individual": "Heidi A9V51 (eobs 7994)"}}, {"type": "Feature", "geometry": {"type": "Point", "coordinates": [-5.9353712, 35.6251111]}, "properties": {"timestamp": "2021-02-06 02:00:23", "individual": "Heidi A9V51 (eobs 7994)"}}, {"type": "Feature", "geometry": {"type": "Point", "coordinates": [-5.933071, 35.6251753]}, "properties": {"timestamp": "2021-02-07 02:00:23", "individual": "Heidi A9V51 (eobs 7994)"}}, {"type": "Feature", "geometry": {"type": "Point", "coordinates": [-5.9239335, 35.6284598]}, "properties": {"timestamp": "2021-02-08 02:00:23", "individual": "Heidi A9V51 (eobs 7994)"}}, {"type": "Feature", "geometry": {"type": "Point", "coordinates": [-5.9322165, 35.6247108]}, "properties": {"timestamp": "2021-02-09 02:00:23", "individual": "Heidi A9V51 (eobs 7994)"}}, {"type": "Feature", "geometry": {"type": "Point", "coordinates": [-5.9289549, 35.6255588]}, "properties": {"timestamp": "2021-02-10 02:00:23", "individual": "Heidi A9V51 (eobs 7994)"}}, {"type": "Feature", "geometry": {"type": "Point", "coordinates": [-5.9292396, 35.6270325]}, "properties": {"timestamp": "2021-02-11 02:00:23", "individual": "Heidi A9V51 (eobs 7994)"}}, {"type": "Feature", "geometry": {"type": "Point", "coordinates": [-5.9355286, 35.6272108]}, "properties": {"timestamp": "2021-02-12 02:00:23", "individual": "Heidi A9V51 (eobs 7994)"}}, {"type": "Feature", "geometry": {"type": "Point", "coordinates": [-5.9365497, 35.6263951]}, "properties": {"timestamp": "2021-02-13 02:00:23", "individual": "Heidi A9V51 (eobs 7994)"}}, {"type": "Feature", "geometry": {"type": "Point", "coordinates": [-5.9365654, 35.6258604]}, "properties": {"timestamp": "2021-02-14 02:00:23", "individual": "Heidi A9V51 (eobs 7994)"}}, {"type": "Feature", "geometry": {"type": "Point", "coordinates": [-5.936965, 35.6248543]}, "properties": {"timestamp": "2021-02-15 02:00:23", "individual": "Heidi A9V51 (eobs 7994)"}}, {"type": "Feature", "geometry": {"type": "Point", "coordinates": [-5.9346698, 35.6254005]}, "properties": {"timestamp": "2021-02-16 02:00:23", "individual": "Heidi A9V51 (eobs 7994)"}}, {"type": "Feature", "geometry": {"type": "Point", "coordinates": [-5.9373588, 35.6238451]}, "properties": {"timestamp": "2021-02-17 02:00:23", "individual": "Heidi A9V51 (eobs 7994)"}}, {"type": "Feature", "geometry": {"type": "Point", "coordinates": [-5.9352015, 35.6254755]}, "properties": {"timestamp": "2021-02-18 02:00:23", "individual": "Heidi A9V51 (eobs 7994)"}}, {"type": "Feature", "geometry": {"type": "Point", "coordinates": [-5.9347107, 35.6252974]}, "properties": {"timestamp": "2021-02-19 02:00:23", "individual": "Heidi A9V51 (eobs 7994)"}}, {"type": "Feature", "geometry": {"type": "Point", "coordinates": [-5.9372209, 35.6233821]}, "properties": {"timestamp": "2021-02-20 02:00:23", "individual": "Heidi A9V51 (eobs 7994)"}}, {"type": "Feature", "geometry": {"type": "Point", "coordinates": [-5.9373968, 35.6230302]}, "properties": {"timestamp": "2021-02-21 02:00:23", "individual": "Heidi A9V51 (eobs 7994)"}}, {"type": "Feature", "geometry": {"type": "Point", "coordinates": [-5.9255057, 35.6266518]}, "properties": {"timestamp": "2021-02-22 02:00:23", "individual": "Heidi A9V51 (eobs 7994)"}}, {"type": "Feature", "geometry": {"type": "Point", "coordinates": [-5.9329509, 35.6342285]}, "properties": {"timestamp": "2021-02-23 02:00:23", "individual": "Heidi A9V51 (eobs 7994)"}}, {"type": "Feature", "geometry": {"type": "Point", "coordinates": [-5.9291008, 35.6310482]}, "properties": {"timestamp": "2021-02-24 02:00:23", "individual": "Heidi A9V51 (eobs 7994)"}}, {"type": "Feature", "geometry": {"type": "Point", "coordinates": [-5.9427948, 35.6344066]}, "properties": {"timestamp": "2021-02-25 02:00:23", "individual": "Heidi A9V51 (eobs 7994)"}}, {"type": "Feature", "geometry": {"type": "Point", "coordinates": [-5.9109757, 35.6278985]}, "properties": {"timestamp": "2021-02-26 02:00:23", "individual": "Heidi A9V51 (eobs 7994)"}}, {"type": "Feature", "geometry": {"type": "Point", "coordinates": [-5.9104039, 35.6280315]}, "properties": {"timestamp": "2021-02-27 02:00:23", "individual": "Heidi A9V51 (eobs 7994)"}}, {"type": "Feature", "geometry": {"type": "Point", "coordinates": [-5.9103033, 35.6281224]}, "properties": {"timestamp": "2021-02-28 02:00:23", "individual": "Heidi A9V51 (eobs 7994)"}}, {"type": "Feature", "geometry": {"type": "Point", "coordinates": [-5.9104266, 35.6283077]}, "properties": {"timestamp": "2021-03-01 02:00:23", "individual": "Heidi A9V51 (eobs 7994)"}}, {"type": "Feature", "geometry": {"type": "Point", "coordinates": [-5.9105906, 35.6282207]}, "properties": {"timestamp": "2021-03-02 02:00:23", "individual": "Heidi A9V51 (eobs 7994)"}}, {"type": "Feature", "geometry": {"type": "Point", "coordinates": [-5.9105544, 35.6287173]}, "properties": {"timestamp": "2021-03-03 02:00:23", "individual": "Heidi A9V51 (eobs 7994)"}}, {"type": "Feature", "geometry": {"type": "Point", "coordinates": [-5.9105536, 35.6285032]}, "properties": {"timestamp": "2021-03-04 02:00:23", "individual": "Heidi A9V51 (eobs 7994)"}}, {"type": "Feature", "geometry": {"type": "Point", "coordinates": [-5.9106482, 35.6287765]}, "properties": {"timestamp": "2021-03-05 02:00:23", "individual": "Heidi A9V51 (eobs 7994)"}}, {"type": "Feature", "geometry": {"type": "Point", "coordinates": [-5.9108078, 35.6286487]}, "properties": {"timestamp": "2021-03-06 02:00:23", "individual": "Heidi A9V51 (eobs 7994)"}}, {"type": "Feature", "geometry": {"type": "Point", "coordinates": [-5.9109567, 35.6285487]}, "properties": {"timestamp": "2021-03-07 02:00:23", "individual": "Heidi A9V51 (eobs 7994)"}}, {"type": "Feature", "geometry": {"type": "Point", "coordinates": [-5.9098711, 35.6289045]}, "properties": {"timestamp": "2021-03-08 02:00:23", "individual": "Heidi A9V51 (eobs 7994)"}}, {"type": "Feature", "geometry": {"type": "Point", "coordinates": [-5.9002675, 35.6372591]}, "properties": {"timestamp": "2021-03-09 02:00:23", "individual": "Heidi A9V51 (eobs 7994)"}}, {"type": "Feature", "geometry": {"type": "Point", "coordinates": [-5.9369387, 35.623464]}, "properties": {"timestamp": "2021-03-10 02:00:23", "individual": "Heidi A9V51 (eobs 7994)"}}, {"type": "Feature", "geometry": {"type": "Point", "coordinates": [-5.9369682, 35.6233449]}, "properties": {"timestamp": "2021-03-11 02:00:23", "individual": "Heidi A9V51 (eobs 7994)"}}, {"type": "Feature", "geometry": {"type": "Point", "coordinates": [-5.9367797, 35.6237997]}, "properties": {"timestamp": "2021-03-12 02:00:23", "individual": "Heidi A9V51 (eobs 7994)"}}, {"type": "Feature", "geometry": {"type": "Point", "coordinates": [-5.9001545, 35.6374159]}, "properties": {"timestamp": "2021-03-13 02:00:23", "individual": "Heidi A9V51 (eobs 7994)"}}, {"type": "Feature", "geometry": {"type": "Point", "coordinates": [-5.9003578, 35.6373527]}, "properties": {"timestamp": "2021-03-14 02:00:23", "individual": "Heidi A9V51 (eobs 7994)"}}, {"type": "Feature", "geometry": {"type": "Point", "coordinates": [-5.9375714, 35.6228692]}, "properties": {"timestamp": "2021-03-15 02:00:23", "individual": "Heidi A9V51 (eobs 7994)"}}, {"type": "Feature", "geometry": {"type": "Point", "coordinates": [-5.9029704, 35.633296]}, "properties": {"timestamp": "2021-03-16 02:00:23", "individual": "Heidi A9V51 (eobs 7994)"}}, {"type": "Feature", "geometry": {"type": "Point", "coordinates": [-5.8797723, 35.634256]}, "properties": {"timestamp": "2021-03-17 02:00:23", "individual": "Heidi A9V51 (eobs 7994)"}}, {"type": "Feature", "geometry": {"type": "Point", "coordinates": [-5.9105935, 35.628854]}, "properties": {"timestamp": "2021-03-18 02:00:23", "individual": "Heidi A9V51 (eobs 7994)"}}, {"type": "Feature", "geometry": {"type": "Point", "coordinates": [-5.9369342, 35.6228431]}, "properties": {"timestamp": "2021-03-19 02:00:23", "individual": "Heidi A9V51 (eobs 7994)"}}, {"type": "Feature", "geometry": {"type": "Point", "coordinates": [-5.9106204, 35.6288854]}, "properties": {"timestamp": "2021-03-20 02:00:23", "individual": "Heidi A9V51 (eobs 7994)"}}, {"type": "Feature", "geometry": {"type": "Point", "coordinates": [-5.9109487, 35.6288666]}, "properties": {"timestamp": "2021-03-21 02:00:23", "individual": "Heidi A9V51 (eobs 7994)"}}, {"type": "Feature", "geometry": {"type": "Point", "coordinates": [-5.9099859, 35.6199524]}, "properties": {"timestamp": "2021-03-22 02:00:23", "individual": "Heidi A9V51 (eobs 7994)"}}, {"type": "Feature", "geometry": {"type": "Point", "coordinates": [-5.9108147, 35.6286948]}, "properties": {"timestamp": "2021-03-23 02:00:23", "individual": "Heidi A9V51 (eobs 7994)"}}, {"type": "Feature", "geometry": {"type": "Point", "coordinates": [-5.910664, 35.6286459]}, "properties": {"timestamp": "2021-03-24 02:00:23", "individual": "Heidi A9V51 (eobs 7994)"}}, {"type": "Feature", "geometry": {"type": "Point", "coordinates": [-5.9108671, 35.6287641]}, "properties": {"timestamp": "2021-03-25 02:00:41", "individual": "Heidi A9V51 (eobs 7994)"}}, {"type": "Feature", "geometry": {"type": "Point", "coordinates": [-5.9108314, 35.629016]}, "properties": {"timestamp": "2021-03-26 02:00:23", "individual": "Heidi A9V51 (eobs 7994)"}}, {"type": "Feature", "geometry": {"type": "Point", "coordinates": [-5.9105784, 35.6289431]}, "properties": {"timestamp": "2021-03-27 02:00:23", "individual": "Heidi A9V51 (eobs 7994)"}}, {"type": "Feature", "geometry": {"type": "Point", "coordinates": [-5.9038445, 35.6235869]}, "properties": {"timestamp": "2021-03-28 02:00:23", "individual": "Heidi A9V51 (eobs 7994)"}}, {"type": "Feature", "geometry": {"type": "Point", "coordinates": [-5.9037646, 35.6237939]}, "properties": {"timestamp": "2021-03-29 02:00:23", "individual": "Heidi A9V51 (eobs 7994)"}}, {"type": "Feature", "geometry": {"type": "Point", "coordinates": [-5.9098974, 35.6198924]}, "properties": {"timestamp": "2021-03-30 02:00:23", "individual": "Heidi A9V51 (eobs 7994)"}}, {"type": "Feature", "geometry": {"type": "Point", "coordinates": [-5.9038243, 35.6231668]}, "properties": {"timestamp": "2021-03-31 02:00:23", "individual": "Heidi A9V51 (eobs 7994)"}}, {"type": "Feature", "geometry": {"type": "Point", "coordinates": [-5.9038462, 35.6228959]}, "properties": {"timestamp": "2021-04-01 02:00:23", "individual": "Heidi A9V51 (eobs 7994)"}}, {"type": "Feature", "geometry": {"type": "Point", "coordinates": [-5.9038602, 35.6230654]}, "properties": {"timestamp": "2021-04-02 02:00:23", "individual": "Heidi A9V51 (eobs 7994)"}}, {"type": "Feature", "geometry": {"type": "Point", "coordinates": [-5.9424696, 35.6330296]}, "properties": {"timestamp": "2021-04-03 02:00:23", "individual": "Heidi A9V51 (eobs 7994)"}}, {"type": "Feature", "geometry": {"type": "Point", "coordinates": [-5.9427175, 35.6310898]}, "properties": {"timestamp": "2021-04-04 02:00:23", "individual": "Heidi A9V51 (eobs 7994)"}}, {"type": "Feature", "geometry": {"type": "Point", "coordinates": [-5.9448132, 35.6280743]}, "properties": {"timestamp": "2021-04-05 02:00:23", "individual": "Heidi A9V51 (eobs 7994)"}}, {"type": "Feature", "geometry": {"type": "Point", "coordinates": [-5.9491911, 35.6368253]}, "properties": {"timestamp": "2021-04-06 02:00:23", "individual": "Heidi A9V51 (eobs 7994)"}}, {"type": "Feature", "geometry": {"type": "Point", "coordinates": [-5.8853007, 35.6079287]}, "properties": {"timestamp": "2021-04-07 02:00:23", "individual": "Heidi A9V51 (eobs 7994)"}}, {"type": "Feature", "geometry": {"type": "Point", "coordinates": [-4.7922548, 37.8167132]}, "properties": {"timestamp": "2021-04-08 02:00:23", "individual": "Heidi A9V51 (eobs 7994)"}}, {"type": "Feature", "geometry": {"type": "Point", "coordinates": [-4.792212, 37.8167462]}, "properties": {"timestamp": "2021-04-09 02:00:38", "individual": "Heidi A9V51 (eobs 7994)"}}, {"type": "Feature", "geometry": {"type": "Point", "coordinates": [-3.6966982, 38.1334065]}, "properties": {"timestamp": "2021-04-10 02:00:23", "individual": "Heidi A9V51 (eobs 7994)"}}, {"type": "Feature", "geometry": {"type": "Point", "coordinates": [-2.860933, 39.4151248]}, "properties": {"timestamp": "2021-04-11 02:00:23", "individual": "Heidi A9V51 (eobs 7994)"}}, {"type": "Feature", "geometry": {"type": "Point", "coordinates": [-2.8667618, 39.4232976]}, "properties": {"timestamp": "2021-04-12 02:00:23", "individual": "Heidi A9V51 (eobs 7994)"}}, {"type": "Feature", "geometry": {"type": "Point", "coordinates": [-1.3234986, 40.6126734]}, "properties": {"timestamp": "2021-04-13 02:00:23", "individual": "Heidi A9V51 (eobs 7994)"}}, {"type": "Feature", "geometry": {"type": "Point", "coordinates": [-0.4857085, 41.4523072]}, "properties": {"timestamp": "2021-04-14 02:00:23", "individual": "Heidi A9V51 (eobs 7994)"}}, {"type": "Feature", "geometry": {"type": "Point", "coordinates": [-0.5463267, 41.4962204]}, "properties": {"timestamp": "2021-04-15 02:00:23", "individual": "Heidi A9V51 (eobs 7994)"}}, {"type": "Feature", "geometry": {"type": "Point", "coordinates": [-0.5463458, 41.4962076]}, "properties": {"timestamp": "2021-04-16 02:00:23", "individual": "Heidi A9V51 (eobs 7994)"}}, {"type": "Feature", "geometry": {"type": "Point", "coordinates": [-0.5481167, 41.4952836]}, "properties": {"timestamp": "2021-04-17 02:00:23", "individual": "Heidi A9V51 (eobs 7994)"}}, {"type": "Feature", "geometry": {"type": "Point", "coordinates": [-0.5848567, 41.532756]}, "properties": {"timestamp": "2021-04-18 02:00:23", "individual": "Heidi A9V51 (eobs 7994)"}}, {"type": "Feature", "geometry": {"type": "Point", "coordinates": [-0.5482968, 41.4946836]}, "properties": {"timestamp": "2021-04-19 02:00:23", "individual": "Heidi A9V51 (eobs 7994)"}}, {"type": "Feature", "geometry": {"type": "Point", "coordinates": [-0.4971189, 41.503063]}, "properties": {"timestamp": "2021-04-20 02:00:23", "individual": "Heidi A9V51 (eobs 7994)"}}, {"type": "Feature", "geometry": {"type": "Point", "coordinates": [-0.4903021, 41.4525423]}, "properties": {"timestamp": "2021-04-21 02:00:23", "individual": "Heidi A9V51 (eobs 7994)"}}, {"type": "Feature", "geometry": {"type": "Point", "coordinates": [-0.4954991, 41.4808509]}, "properties": {"timestamp": "2021-04-22 02:00:23", "individual": "Heidi A9V51 (eobs 7994)"}}, {"type": "Feature", "geometry": {"type": "Point", "coordinates": [-0.5135773, 41.4735506]}, "properties": {"timestamp": "2021-04-23 02:00:23", "individual": "Heidi A9V51 (eobs 7994)"}}, {"type": "Feature", "geometry": {"type": "Point", "coordinates": [-0.5137146, 41.4733187]}, "properties": {"timestamp": "2021-04-24 02:00:23", "individual": "Heidi A9V51 (eobs 7994)"}}, {"type": "Feature", "geometry": {"type": "Point", "coordinates": [-0.5136886, 41.4737145]}, "properties": {"timestamp": "2021-04-25 02:00:23", "individual": "Heidi A9V51 (eobs 7994)"}}, {"type": "Feature", "geometry": {"type": "Point", "coordinates": [-0.5462518, 41.4959109]}, "properties": {"timestamp": "2021-04-26 02:00:23", "individual": "Heidi A9V51 (eobs 7994)"}}, {"type": "Feature", "geometry": {"type": "Point", "coordinates": [-0.5136893, 41.4737168]}, "properties": {"timestamp": "2021-04-27 02:00:23", "individual": "Heidi A9V51 (eobs 7994)"}}, {"type": "Feature", "geometry": {"type": "Point", "coordinates": [-0.4862111, 41.4540596]}, "properties": {"timestamp": "2021-04-28 02:00:23", "individual": "Heidi A9V51 (eobs 7994)"}}, {"type": "Feature", "geometry": {"type": "Point", "coordinates": [-0.5136495, 41.4736669]}, "properties": {"timestamp": "2021-04-29 02:00:23", "individual": "Heidi A9V51 (eobs 7994)"}}, {"type": "Feature", "geometry": {"type": "Point", "coordinates": [-0.5519339, 41.4939851]}, "properties": {"timestamp": "2021-04-30 02:00:23", "individual": "Heidi A9V51 (eobs 7994)"}}, {"type": "Feature", "geometry": {"type": "Point", "coordinates": [-0.5134965, 41.4732554]}, "properties": {"timestamp": "2021-05-01 02:00:23", "individual": "Heidi A9V51 (eobs 7994)"}}, {"type": "Feature", "geometry": {"type": "Point", "coordinates": [-0.5154557, 41.4732765]}, "properties": {"timestamp": "2021-05-02 02:00:23", "individual": "Heidi A9V51 (eobs 7994)"}}, {"type": "Feature", "geometry": {"type": "Point", "coordinates": [-0.5479429, 41.4962946]}, "properties": {"timestamp": "2021-05-03 02:00:23", "individual": "Heidi A9V51 (eobs 7994)"}}, {"type": "Feature", "geometry": {"type": "Point", "coordinates": [-0.5478268, 41.4962232]}, "properties": {"timestamp": "2021-05-04 02:00:23", "individual": "Heidi A9V51 (eobs 7994)"}}, {"type": "Feature", "geometry": {"type": "Point", "coordinates": [-0.5471879, 41.4983697]}, "properties": {"timestamp": "2021-05-05 02:00:23", "individual": "Heidi A9V51 (eobs 7994)"}}, {"type": "Feature", "geometry": {"type": "Point", "coordinates": [-0.5455908, 41.4838775]}, "properties": {"timestamp": "2021-05-06 02:00:23", "individual": "Heidi A9V51 (eobs 7994)"}}, {"type": "Feature", "geometry": {"type": "Point", "coordinates": [-0.5836168, 41.5347873]}, "properties": {"timestamp": "2021-05-07 02:00:23", "individual": "Heidi A9V51 (eobs 7994)"}}, {"type": "Feature", "geometry": {"type": "Point", "coordinates": [-0.5511304, 41.4944799]}, "properties": {"timestamp": "2021-05-08 02:00:23", "individual": "Heidi A9V51 (eobs 7994)"}}, {"type": "Feature", "geometry": {"type": "Point", "coordinates": [-0.7162532, 41.5715104]}, "properties": {"timestamp": "2021-05-09 02:00:23", "individual": "Heidi A9V51 (eobs 7994)"}}, {"type": "Feature", "geometry": {"type": "Point", "coordinates": [-0.7243781, 41.5714176]}, "properties": {"timestamp": "2021-05-10 02:00:47", "individual": "Heidi A9V51 (eobs 7994)"}}, {"type": "Feature", "geometry": {"type": "Point", "coordinates": [-0.7243176, 41.5712454]}, "properties": {"timestamp": "2021-05-11 02:00:23", "individual": "Heidi A9V51 (eobs 7994)"}}, {"type": "Feature", "geometry": {"type": "Point", "coordinates": [-0.7846273, 41.598164]}, "properties": {"timestamp": "2021-05-12 02:00:23", "individual": "Heidi A9V51 (eobs 7994)"}}, {"type": "Feature", "geometry": {"type": "Point", "coordinates": [-0.7845903, 41.5981054]}, "properties": {"timestamp": "2021-05-13 02:00:23", "individual": "Heidi A9V51 (eobs 7994)"}}, {"type": "Feature", "geometry": {"type": "Point", "coordinates": [-0.8179565, 41.599943]}, "properties": {"timestamp": "2021-05-14 02:00:23", "individual": "Heidi A9V51 (eobs 7994)"}}, {"type": "Feature", "geometry": {"type": "Point", "coordinates": [-0.8392615, 41.6311491]}, "properties": {"timestamp": "2021-05-15 02:00:23", "individual": "Heidi A9V51 (eobs 7994)"}}, {"type": "Feature", "geometry": {"type": "Point", "coordinates": [-0.787802, 41.5976108]}, "properties": {"timestamp": "2021-05-16 02:00:23", "individual": "Heidi A9V51 (eobs 7994)"}}, {"type": "Feature", "geometry": {"type": "Point", "coordinates": [-0.7877726, 41.5976052]}, "properties": {"timestamp": "2021-05-17 02:00:23", "individual": "Heidi A9V51 (eobs 7994)"}}, {"type": "Feature", "geometry": {"type": "Point", "coordinates": [-0.7876328, 41.5975688]}, "properties": {"timestamp": "2021-05-18 02:00:23", "individual": "Heidi A9V51 (eobs 7994)"}}, {"type": "Feature", "geometry": {"type": "Point", "coordinates": [-0.7877154, 41.5976102]}, "properties": {"timestamp": "2021-05-19 02:00:23", "individual": "Heidi A9V51 (eobs 7994)"}}, {"type": "Feature", "geometry": {"type": "Point", "coordinates": [-0.809025, 41.6165985]}, "properties": {"timestamp": "2021-05-20 02:00:23", "individual": "Heidi A9V51 (eobs 7994)"}}, {"type": "Feature", "geometry": {"type": "Point", "coordinates": [-0.8055085, 41.6179872]}, "properties": {"timestamp": "2021-05-21 02:00:23", "individual": "Heidi A9V51 (eobs 7994)"}}, {"type": "Feature", "geometry": {"type": "Point", "coordinates": [-0.8410574, 41.6251056]}, "properties": {"timestamp": "2021-05-22 02:00:23", "individual": "Heidi A9V51 (eobs 7994)"}}, {"type": "Feature", "geometry": {"type": "Point", "coordinates": [-0.5477247, 41.5112043]}, "properties": {"timestamp": "2021-05-23 02:00:23", "individual": "Heidi A9V51 (eobs 7994)"}}, {"type": "Feature", "geometry": {"type": "Point", "coordinates": [-0.547688, 41.5111212]}, "properties": {"timestamp": "2021-05-24 02:00:23", "individual": "Heidi A9V51 (eobs 7994)"}}, {"type": "Feature", "geometry": {"type": "Point", "coordinates": [0.6717794, 41.6572765]}, "properties": {"timestamp": "2021-05-25 02:00:23", "individual": "Heidi A9V51 (eobs 7994)"}}, {"type": "Feature", "geometry": {"type": "Point", "coordinates": [0.7392353, 41.7089261]}, "properties": {"timestamp": "2021-05-26 02:00:23", "individual": "Heidi A9V51 (eobs 7994)"}}, {"type": "Feature", "geometry": {"type": "Point", "coordinates": [0.7027193, 41.6895113]}, "properties": {"timestamp": "2021-05-27 02:00:23", "individual": "Heidi A9V51 (eobs 7994)"}}, {"type": "Feature", "geometry": {"type": "Point", "coordinates": [0.8467406, 41.7956373]}, "properties": {"timestamp": "2021-05-28 02:00:23", "individual": "Heidi A9V51 (eobs 7994)"}}, {"type": "Feature", "geometry": {"type": "Point", "coordinates": [0.94344, 41.7219798]}, "properties": {"timestamp": "2021-05-29 02:00:23", "individual": "Heidi A9V51 (eobs 7994)"}}, {"type": "Feature", "geometry": {"type": "Point", "coordinates": [0.964145, 41.7284377]}, "properties": {"timestamp": "2021-05-30 02:00:23", "individual": "Heidi A9V51 (eobs 7994)"}}, {"type": "Feature", "geometry": {"type": "Point", "coordinates": [0.9635371, 41.7281637]}, "properties": {"timestamp": "2021-05-31 02:00:23", "individual": "Heidi A9V51 (eobs 7994)"}}, {"type": "Feature", "geometry": {"type": "Point", "coordinates": [0.9581918, 41.6546662]}, "properties": {"timestamp": "2021-06-01 02:00:23", "individual": "Heidi A9V51 (eobs 7994)"}}, {"type": "Feature", "geometry": {"type": "Point", "coordinates": [0.939245, 41.6796209]}, "properties": {"timestamp": "2021-06-02 02:00:23", "individual": "Heidi A9V51 (eobs 7994)"}}, {"type": "Feature", "geometry": {"type": "Point", "coordinates": [0.9588015, 41.6556871]}, "properties": {"timestamp": "2021-06-03 02:00:23", "individual": "Heidi A9V51 (eobs 7994)"}}, {"type": "Feature", "geometry": {"type": "Point", "coordinates": [0.9588212, 41.6556914]}, "properties": {"timestamp": "2021-06-04 02:00:23", "individual": "Heidi A9V51 (eobs 7994)"}}, {"type": "Feature", "geometry": {"type": "Point", "coordinates": [0.9587981, 41.6556759]}, "properties": {"timestamp": "2021-06-05 02:00:23", "individual": "Heidi A9V51 (eobs 7994)"}}, {"type": "Feature", "geometry": {"type": "Point", "coordinates": [0.9588442, 41.6556611]}, "properties": {"timestamp": "2021-06-06 02:00:23", "individual": "Heidi A9V51 (eobs 7994)"}}, {"type": "Feature", "geometry": {"type": "Point", "coordinates": [0.9669394, 41.6689253]}, "properties": {"timestamp": "2021-06-07 02:00:23", "individual": "Heidi A9V51 (eobs 7994)"}}, {"type": "Feature", "geometry": {"type": "Point", "coordinates": [1.1572573, 41.6706897]}, "properties": {"timestamp": "2021-06-08 02:00:23", "individual": "Heidi A9V51 (eobs 7994)"}}, {"type": "Feature", "geometry": {"type": "Point", "coordinates": [0.9587239, 41.6560695]}, "properties": {"timestamp": "2021-06-09 02:00:23", "individual": "Heidi A9V51 (eobs 7994)"}}, {"type": "Feature", "geometry": {"type": "Point", "coordinates": [1.157245, 41.6706917]}, "properties": {"timestamp": "2021-06-10 02:00:23", "individual": "Heidi A9V51 (eobs 7994)"}}, {"type": "Feature", "geometry": {"type": "Point", "coordinates": [1.157269, 41.6706857]}, "properties": {"timestamp": "2021-06-11 02:00:23", "individual": "Heidi A9V51 (eobs 7994)"}}, {"type": "Feature", "geometry": {"type": "Point", "coordinates": [1.1556717, 41.6700858]}, "properties": {"timestamp": "2021-06-12 02:00:23", "individual": "Heidi A9V51 (eobs 7994)"}}, {"type": "Feature", "geometry": {"type": "Point", "coordinates": [1.1570823, 41.6712611]}, "properties": {"timestamp": "2021-06-13 02:00:23", "individual": "Heidi A9V51 (eobs 7994)"}}, {"type": "Feature", "geometry": {"type": "Point", "coordinates": [1.1572756, 41.670658]}, "properties": {"timestamp": "2021-06-14 02:00:23", "individual": "Heidi A9V51 (eobs 7994)"}}, {"type": "Feature", "geometry": {"type": "Point", "coordinates": [1.0581117, 41.6752062]}, "properties": {"timestamp": "2021-06-15 02:00:23", "individual": "Heidi A9V51 (eobs 7994)"}}, {"type": "Feature", "geometry": {"type": "Point", "coordinates": [1.1570862, 41.6712758]}, "properties": {"timestamp": "2021-06-16 02:00:23", "individual": "Heidi A9V51 (eobs 7994)"}}, {"type": "Feature", "geometry": {"type": "Point", "coordinates": [1.1464187, 41.6660572]}, "properties": {"timestamp": "2021-06-17 02:00:23", "individual": "Heidi A9V51 (eobs 7994)"}}, {"type": "Feature", "geometry": {"type": "Point", "coordinates": [1.1911963, 41.718565]}, "properties": {"timestamp": "2021-06-18 02:00:23", "individual": "Heidi A9V51 (eobs 7994)"}}, {"type": "Feature", "geometry": {"type": "Point", "coordinates": [1.197744, 41.7153156]}, "properties": {"timestamp": "2021-06-19 02:00:23", "individual": "Heidi A9V51 (eobs 7994)"}}, {"type": "Feature", "geometry": {"type": "Point", "coordinates": [1.2081357, 41.725422]}, "properties": {"timestamp": "2021-06-20 02:00:23", "individual": "Heidi A9V51 (eobs 7994)"}}, {"type": "Feature", "geometry": {"type": "Point", "coordinates": [1.208123, 41.7253621]}, "properties": {"timestamp": "2021-06-21 02:00:23", "individual": "Heidi A9V51 (eobs 7994)"}}, {"type": "Feature", "geometry": {"type": "Point", "coordinates": [1.1964099, 41.7167163]}, "properties": {"timestamp": "2021-06-22 02:00:23", "individual": "Heidi A9V51 (eobs 7994)"}}, {"type": "Feature", "geometry": {"type": "Point", "coordinates": [1.2008244, 41.7201013]}, "properties": {"timestamp": "2021-06-23 02:00:23", "individual": "Heidi A9V51 (eobs 7994)"}}, {"type": "Feature", "geometry": {"type": "Point", "coordinates": [1.208042, 41.7254604]}, "properties": {"timestamp": "2021-06-24 02:00:23", "individual": "Heidi A9V51 (eobs 7994)"}}, {"type": "Feature", "geometry": {"type": "Point", "coordinates": [1.1573059, 41.670689]}, "properties": {"timestamp": "2021-06-25 02:00:23", "individual": "Heidi A9V51 (eobs 7994)"}}, {"type": "Feature", "geometry": {"type": "Point", "coordinates": [1.2083001, 41.7253223]}, "properties": {"timestamp": "2021-06-26 02:00:23", "individual": "Heidi A9V51 (eobs 7994)"}}, {"type": "Feature", "geometry": {"type": "Point", "coordinates": [1.2082395, 41.7253892]}, "properties": {"timestamp": "2021-06-27 02:00:23", "individual": "Heidi A9V51 (eobs 7994)"}}, {"type": "Feature", "geometry": {"type": "Point", "coordinates": [1.1911694, 41.7185385]}, "properties": {"timestamp": "2021-06-28 02:00:23", "individual": "Heidi A9V51 (eobs 7994)"}}, {"type": "Feature", "geometry": {"type": "Point", "coordinates": [1.1904509, 41.7195722]}, "properties": {"timestamp": "2021-06-29 02:00:23", "individual": "Heidi A9V51 (eobs 7994)"}}, {"type": "Feature", "geometry": {"type": "Point", "coordinates": [1.1904821, 41.7195798]}, "properties": {"timestamp": "2021-06-30 02:00:23", "individual": "Heidi A9V51 (eobs 7994)"}}, {"type": "Feature", "geometry": {"type": "Point", "coordinates": [1.1904822, 41.7195751]}, "properties": {"timestamp": "2021-07-01 02:00:23", "individual": "Heidi A9V51 (eobs 7994)"}}, {"type": "Feature", "geometry": {"type": "Point", "coordinates": [1.1573193, 41.6706396]}, "properties": {"timestamp": "2021-07-02 02:00:23", "individual": "Heidi A9V51 (eobs 7994)"}}, {"type": "Feature", "geometry": {"type": "Point", "coordinates": [0.9598158, 41.5728823]}, "properties": {"timestamp": "2021-07-03 02:00:23", "individual": "Heidi A9V51 (eobs 7994)"}}, {"type": "Feature", "geometry": {"type": "Point", "coordinates": [1.2083482, 41.7254251]}, "properties": {"timestamp": "2021-07-04 02:00:23", "individual": "Heidi A9V51 (eobs 7994)"}}, {"type": "Feature", "geometry": {"type": "Point", "coordinates": [1.1570844, 41.6712839]}, "properties": {"timestamp": "2021-07-05 02:00:23", "individual": "Heidi A9V51 (eobs 7994)"}}, {"type": "Feature", "geometry": {"type": "Point", "coordinates": [1.1572891, 41.6706493]}, "properties": {"timestamp": "2021-07-06 02:00:23", "individual": "Heidi A9V51 (eobs 7994)"}}, {"type": "Feature", "geometry": {"type": "Point", "coordinates": [1.1572782, 41.6706669]}, "properties": {"timestamp": "2021-07-07 02:00:23", "individual": "Heidi A9V51 (eobs 7994)"}}, {"type": "Feature", "geometry": {"type": "Point", "coordinates": [1.1556651, 41.6700883]}, "properties": {"timestamp": "2021-07-08 02:00:23", "individual": "Heidi A9V51 (eobs 7994)"}}, {"type": "Feature", "geometry": {"type": "Point", "coordinates": [1.1573155, 41.670688]}, "properties": {"timestamp": "2021-07-09 02:00:23", "individual": "Heidi A9V51 (eobs 7994)"}}, {"type": "Feature", "geometry": {"type": "Point", "coordinates": [1.1556468, 41.6701848]}, "properties": {"timestamp": "2021-07-10 02:00:23", "individual": "Heidi A9V51 (eobs 7994)"}}, {"type": "Feature", "geometry": {"type": "Point", "coordinates": [1.1570841, 41.6712728]}, "properties": {"timestamp": "2021-07-11 02:00:23", "individual": "Heidi A9V51 (eobs 7994)"}}, {"type": "Feature", "geometry": {"type": "Point", "coordinates": [1.1570984, 41.6712939]}, "properties": {"timestamp": "2021-07-12 02:00:23", "individual": "Heidi A9V51 (eobs 7994)"}}, {"type": "Feature", "geometry": {"type": "Point", "coordinates": [1.1570858, 41.6712745]}, "properties": {"timestamp": "2021-07-13 02:00:23", "individual": "Heidi A9V51 (eobs 7994)"}}, {"type": "Feature", "geometry": {"type": "Point", "coordinates": [1.1570745, 41.6712735]}, "properties": {"timestamp": "2021-07-14 02:00:23", "individual": "Heidi A9V51 (eobs 7994)"}}, {"type": "Feature", "geometry": {"type": "Point", "coordinates": [1.0673184, 41.7262809]}, "properties": {"timestamp": "2021-07-15 02:00:23", "individual": "Heidi A9V51 (eobs 7994)"}}, {"type": "Feature", "geometry": {"type": "Point", "coordinates": [1.142588, 41.6651524]}, "properties": {"timestamp": "2021-07-16 02:00:23", "individual": "Heidi A9V51 (eobs 7994)"}}, {"type": "Feature", "geometry": {"type": "Point", "coordinates": [1.1572939, 41.6706593]}, "properties": {"timestamp": "2021-07-17 02:00:23", "individual": "Heidi A9V51 (eobs 7994)"}}, {"type": "Feature", "geometry": {"type": "Point", "coordinates": [1.1235125, 41.6771167]}, "properties": {"timestamp": "2021-07-18 02:00:23", "individual": "Heidi A9V51 (eobs 7994)"}}, {"type": "Feature", "geometry": {"type": "Point", "coordinates": [1.0700753, 41.7275303]}, "properties": {"timestamp": "2021-07-19 02:00:23", "individual": "Heidi A9V51 (eobs 7994)"}}, {"type": "Feature", "geometry": {"type": "Point", "coordinates": [1.0692257, 41.8004159]}, "properties": {"timestamp": "2021-07-20 02:00:23", "individual": "Heidi A9V51 (eobs 7994)"}}, {"type": "Feature", "geometry": {"type": "Point", "coordinates": [1.0689508, 41.6834166]}, "properties": {"timestamp": "2021-07-21 02:00:23", "individual": "Heidi A9V51 (eobs 7994)"}}, {"type": "Feature", "geometry": {"type": "Point", "coordinates": [1.1571017, 41.671241]}, "properties": {"timestamp": "2021-07-22 02:00:23", "individual": "Heidi A9V51 (eobs 7994)"}}, {"type": "Feature", "geometry": {"type": "Point", "coordinates": [1.0622168, 41.6965554]}, "properties": {"timestamp": "2021-07-23 02:00:23", "individual": "Heidi A9V51 (eobs 7994)"}}, {"type": "Feature", "geometry": {"type": "Point", "coordinates": [1.1570998, 41.671272]}, "properties": {"timestamp": "2021-07-24 02:00:23", "individual": "Heidi A9V51 (eobs 7994)"}}, {"type": "Feature", "geometry": {"type": "Point", "coordinates": [1.1570841, 41.6713101]}, "properties": {"timestamp": "2021-07-25 02:00:23", "individual": "Heidi A9V51 (eobs 7994)"}}, {"type": "Feature", "geometry": {"type": "Point", "coordinates": [1.1572758, 41.6707199]}, "properties": {"timestamp": "2021-07-26 02:00:23", "individual": "Heidi A9V51 (eobs 7994)"}}, {"type": "Feature", "geometry": {"type": "Point", "coordinates": [1.1570947, 41.6712944]}, "properties": {"timestamp": "2021-07-27 02:00:23", "individual": "Heidi A9V51 (eobs 7994)"}}, {"type": "Feature", "geometry": {"type": "Point", "coordinates": [1.1570886, 41.6712957]}, "properties": {"timestamp": "2021-07-28 02:00:23", "individual": "Heidi A9V51 (eobs 7994)"}}, {"type": "Feature", "geometry": {"type": "Point", "coordinates": [1.1571158, 41.671292]}, "properties": {"timestamp": "2021-07-29 02:00:23", "individual": "Heidi A9V51 (eobs 7994)"}}, {"type": "Feature", "geometry": {"type": "Point", "coordinates": [1.1571098, 41.6712974]}, "properties": {"timestamp": "2021-07-30 02:00:23", "individual": "Heidi A9V51 (eobs 7994)"}}, {"type": "Feature", "geometry": {"type": "Point", "coordinates": [1.1208468, 41.6789228]}, "properties": {"timestamp": "2021-07-31 02:00:23", "individual": "Heidi A9V51 (eobs 7994)"}}, {"type": "Feature", "geometry": {"type": "Point", "coordinates": [1.1570757, 41.6712839]}, "properties": {"timestamp": "2021-08-01 02:00:23", "individual": "Heidi A9V51 (eobs 7994)"}}, {"type": "Feature", "geometry": {"type": "Point", "coordinates": [1.1570628, 41.6713141]}, "properties": {"timestamp": "2021-08-02 02:00:23", "individual": "Heidi A9V51 (eobs 7994)"}}, {"type": "Feature", "geometry": {"type": "Point", "coordinates": [1.1570917, 41.6713047]}, "properties": {"timestamp": "2021-08-03 02:00:23", "individual": "Heidi A9V51 (eobs 7994)"}}, {"type": "Feature", "geometry": {"type": "Point", "coordinates": [1.1570873, 41.6713187]}, "properties": {"timestamp": "2021-08-04 02:00:23", "individual": "Heidi A9V51 (eobs 7994)"}}, {"type": "Feature", "geometry": {"type": "Point", "coordinates": [1.1570606, 41.67131]}, "properties": {"timestamp": "2021-08-05 02:00:23", "individual": "Heidi A9V51 (eobs 7994)"}}, {"type": "Feature", "geometry": {"type": "Point", "coordinates": [1.1570969, 41.6712921]}, "properties": {"timestamp": "2021-08-06 02:00:23", "individual": "Heidi A9V51 (eobs 7994)"}}, {"type": "Feature", "geometry": {"type": "Point", "coordinates": [1.1573535, 41.6710963]}, "properties": {"timestamp": "2021-08-07 02:00:23", "individual": "Heidi A9V51 (eobs 7994)"}}, {"type": "Feature", "geometry": {"type": "Point", "coordinates": [1.1575375, 41.6717807]}, "properties": {"timestamp": "2021-08-08 02:00:23", "individual": "Heidi A9V51 (eobs 7994)"}}, {"type": "Feature", "geometry": {"type": "Point", "coordinates": [1.1574203, 41.6712945]}, "properties": {"timestamp": "2021-08-09 02:00:23", "individual": "Heidi A9V51 (eobs 7994)"}}, {"type": "Feature", "geometry": {"type": "Point", "coordinates": [1.1574661, 41.6714405]}, "properties": {"timestamp": "2021-08-10 02:00:23", "individual": "Heidi A9V51 (eobs 7994)"}}, {"type": "Feature", "geometry": {"type": "Point", "coordinates": [1.1571003, 41.6712748]}, "properties": {"timestamp": "2021-08-11 02:00:23", "individual": "Heidi A9V51 (eobs 7994)"}}, {"type": "Feature", "geometry": {"type": "Point", "coordinates": [1.1570509, 41.6712839]}, "properties": {"timestamp": "2021-08-12 02:00:23", "individual": "Heidi A9V51 (eobs 7994)"}}, {"type": "Feature", "geometry": {"type": "Point", "coordinates": [1.1570793, 41.6712999]}, "properties": {"timestamp": "2021-08-13 02:00:23", "individual": "Heidi A9V51 (eobs 7994)"}}, {"type": "Feature", "geometry": {"type": "Point", "coordinates": [1.1570681, 41.6713032]}, "properties": {"timestamp": "2021-08-14 02:00:23", "individual": "Heidi A9V51 (eobs 7994)"}}, {"type": "Feature", "geometry": {"type": "Point", "coordinates": [1.1570734, 41.6712731]}, "properties": {"timestamp": "2021-08-15 02:00:23", "individual": "Heidi A9V51 (eobs 7994)"}}, {"type": "Feature", "geometry": {"type": "Point", "coordinates": [1.1571044, 41.6712853]}, "properties": {"timestamp": "2021-08-16 02:00:23", "individual": "Heidi A9V51 (eobs 7994)"}}, {"type": "Feature", "geometry": {"type": "Point", "coordinates": [0.4368925, 41.4637635]}, "properties": {"timestamp": "2021-08-17 02:00:23", "individual": "Heidi A9V51 (eobs 7994)"}}, {"type": "Feature", "geometry": {"type": "Point", "coordinates": [0.5203296, 41.5437596]}, "properties": {"timestamp": "2021-08-18 02:00:23", "individual": "Heidi A9V51 (eobs 7994)"}}, {"type": "Feature", "geometry": {"type": "Point", "coordinates": [0.521312, 41.5443558]}, "properties": {"timestamp": "2021-08-19 02:00:41", "individual": "Heidi A9V51 (eobs 7994)"}}, {"type": "Feature", "geometry": {"type": "Point", "coordinates": [0.5578512, 41.5640974]}, "properties": {"timestamp": "2021-08-20 02:00:23", "individual": "Heidi A9V51 (eobs 7994)"}}, {"type": "Feature", "geometry": {"type": "Point", "coordinates": [0.13834, 41.7221811]}, "properties": {"timestamp": "2021-08-21 02:00:23", "individual": "Heidi A9V51 (eobs 7994)"}}, {"type": "Feature", "geometry": {"type": "Point", "coordinates": [-0.7712794, 41.8341509]}, "properties": {"timestamp": "2021-08-22 02:00:41", "individual": "Heidi A9V51 (eobs 7994)"}}, {"type": "Feature", "geometry": {"type": "Point", "coordinates": [-3.3287168, 40.5267238]}, "properties": {"timestamp": "2021-08-23 02:00:23", "individual": "Heidi A9V51 (eobs 7994)"}}, {"type": "Feature", "geometry": {"type": "Point", "coordinates": [-3.6122443, 40.3066068]}, "properties": {"timestamp": "2021-08-24 02:00:23", "individual": "Heidi A9V51 (eobs 7994)"}}, {"type": "Feature", "geometry": {"type": "Point", "coordinates": [-3.5937573, 40.3025141]}, "properties": {"timestamp": "2021-08-25 02:00:23", "individual": "Heidi A9V51 (eobs 7994)"}}, {"type": "Feature", "geometry": {"type": "Point", "coordinates": [-3.5663863, 40.3068865]}, "properties": {"timestamp": "2021-08-26 02:00:23", "individual": "Heidi A9V51 (eobs 7994)"}}, {"type": "Feature", "geometry": {"type": "Point", "coordinates": [-3.637007, 40.2341575]}, "properties": {"timestamp": "2021-08-27 02:00:23", "individual": "Heidi A9V51 (eobs 7994)"}}, {"type": "Feature", "geometry": {"type": "Point", "coordinates": [-3.6179978, 40.2379039]}, "properties": {"timestamp": "2021-08-28 02:00:23", "individual": "Heidi A9V51 (eobs 7994)"}}, {"type": "Feature", "geometry": {"type": "Point", "coordinates": [-3.5933763, 40.3022259]}, "properties": {"timestamp": "2021-08-29 02:00:23", "individual": "Heidi A9V51 (eobs 7994)"}}, {"type": "Feature", "geometry": {"type": "Point", "coordinates": [-3.6291126, 40.2350693]}, "properties": {"timestamp": "2021-08-30 02:00:23", "individual": "Heidi A9V51 (eobs 7994)"}}, {"type": "Feature", "geometry": {"type": "Point", "coordinates": [-3.6256573, 40.272921]}, "properties": {"timestamp": "2021-08-31 02:00:23", "individual": "Heidi A9V51 (eobs 7994)"}}, {"type": "Feature", "geometry": {"type": "Point", "coordinates": [-3.631403, 40.2884612]}, "properties": {"timestamp": "2021-09-01 02:00:23", "individual": "Heidi A9V51 (eobs 7994)"}}, {"type": "Feature", "geometry": {"type": "Point", "coordinates": [-3.6333565, 40.2913273]}, "properties": {"timestamp": "2021-09-02 02:00:23", "individual": "Heidi A9V51 (eobs 7994)"}}, {"type": "Feature", "geometry": {"type": "Point", "coordinates": [-3.6335291, 40.2912493]}, "properties": {"timestamp": "2021-09-03 02:00:23", "individual": "Heidi A9V51 (eobs 7994)"}}, {"type": "Feature", "geometry": {"type": "Point", "coordinates": [-3.6337038, 40.291396]}, "properties": {"timestamp": "2021-09-04 02:00:23", "individual": "Heidi A9V51 (eobs 7994)"}}, {"type": "Feature", "geometry": {"type": "Point", "coordinates": [-3.6299459, 40.2352813]}, "properties": {"timestamp": "2021-09-05 02:00:23", "individual": "Heidi A9V51 (eobs 7994)"}}, {"type": "Feature", "geometry": {"type": "Point", "coordinates": [-3.6289243, 40.235102]}, "properties": {"timestamp": "2021-09-06 02:00:23", "individual": "Heidi A9V51 (eobs 7994)"}}, {"type": "Feature", "geometry": {"type": "Point", "coordinates": [-3.6288319, 40.2351756]}, "properties": {"timestamp": "2021-09-07 02:00:23", "individual": "Heidi A9V51 (eobs 7994)"}}, {"type": "Feature", "geometry": {"type": "Point", "coordinates": [-3.628573, 40.2353192]}, "properties": {"timestamp": "2021-09-08 02:00:23", "individual": "Heidi A9V51 (eobs 7994)"}}, {"type": "Feature", "geometry": {"type": "Point", "coordinates": [-3.6300594, 40.2351406]}, "properties": {"timestamp": "2021-09-09 02:00:23", "individual": "Heidi A9V51 (eobs 7994)"}}, {"type": "Feature", "geometry": {"type": "Point", "coordinates": [-3.6202785, 40.3785198]}, "properties": {"timestamp": "2021-09-10 02:00:23", "individual": "Heidi A9V51 (eobs 7994)"}}, {"type": "Feature", "geometry": {"type": "Point", "coordinates": [-3.6200966, 40.3755181]}, "properties": {"timestamp": "2021-09-11 02:00:23", "individual": "Heidi A9V51 (eobs 7994)"}}, {"type": "Feature", "geometry": {"type": "Point", "coordinates": [-3.6183427, 40.3723595]}, "properties": {"timestamp": "2021-09-12 02:00:41", "individual": "Heidi A9V51 (eobs 7994)"}}, {"type": "Feature", "geometry": {"type": "Point", "coordinates": [-3.6297785, 40.2353]}, "properties": {"timestamp": "2021-09-13 02:00:23", "individual": "Heidi A9V51 (eobs 7994)"}}, {"type": "Feature", "geometry": {"type": "Point", "coordinates": [-3.6298971, 40.2351304]}, "properties": {"timestamp": "2021-09-14 02:00:23", "individual": "Heidi A9V51 (eobs 7994)"}}, {"type": "Feature", "geometry": {"type": "Point", "coordinates": [-3.6287759, 40.2354244]}, "properties": {"timestamp": "2021-09-15 02:00:23", "individual": "Heidi A9V51 (eobs 7994)"}}, {"type": "Feature", "geometry": {"type": "Point", "coordinates": [-3.6298834, 40.2352432]}, "properties": {"timestamp": "2021-09-16 02:00:23", "individual": "Heidi A9V51 (eobs 7994)"}}, {"type": "Feature", "geometry": {"type": "Point", "coordinates": [-3.6338737, 40.2913849]}, "properties": {"timestamp": "2021-09-17 02:00:23", "individual": "Heidi A9V51 (eobs 7994)"}}, {"type": "Feature", "geometry": {"type": "Point", "coordinates": [-3.6297817, 40.2351451]}, "properties": {"timestamp": "2021-09-18 02:00:23", "individual": "Heidi A9V51 (eobs 7994)"}}, {"type": "Feature", "geometry": {"type": "Point", "coordinates": [-3.628857, 40.2351456]}, "properties": {"timestamp": "2021-09-19 02:00:23", "individual": "Heidi A9V51 (eobs 7994)"}}, {"type": "Feature", "geometry": {"type": "Point", "coordinates": [-4.2710573, 39.8444325]}, "properties": {"timestamp": "2021-09-20 02:00:23", "individual": "Heidi A9V51 (eobs 7994)"}}, {"type": "Feature", "geometry": {"type": "Point", "coordinates": [-4.2712555, 39.8445912]}, "properties": {"timestamp": "2021-09-21 02:00:23", "individual": "Heidi A9V51 (eobs 7994)"}}, {"type": "Feature", "geometry": {"type": "Point", "coordinates": [-5.4362432, 37.7708494]}, "properties": {"timestamp": "2021-09-22 02:00:23", "individual": "Heidi A9V51 (eobs 7994)"}}, {"type": "Feature", "geometry": {"type": "Point", "coordinates": [-5.8871324, 37.2213444]}, "properties": {"timestamp": "2021-09-23 02:00:23", "individual": "Heidi A9V51 (eobs 7994)"}}, {"type": "Feature", "geometry": {"type": "Point", "coordinates": [-6.0787317, 37.1761137]}, "properties": {"timestamp": "2021-09-24 02:00:23", "individual": "Heidi A9V51 (eobs 7994)"}}, {"type": "Feature", "geometry": {"type": "Point", "coordinates": [-5.8857029, 37.2228022]}, "properties": {"timestamp": "2021-09-25 02:00:23", "individual": "Heidi A9V51 (eobs 7994)"}}, {"type": "Feature", "geometry": {"type": "Point", "coordinates": [-5.8863237, 37.222302]}, "properties": {"timestamp": "2021-09-26 02:00:23", "individual": "Heidi A9V51 (eobs 7994)"}}, {"type": "Feature", "geometry": {"type": "Point", "coordinates": [-5.8867664, 37.2216439]}, "properties": {"timestamp": "2021-09-27 02:00:41", "individual": "Heidi A9V51 (eobs 7994)"}}, {"type": "Feature", "geometry": {"type": "Point", "coordinates": [-5.8870781, 37.2214795]}, "properties": {"timestamp": "2021-09-28 02:00:23", "individual": "Heidi A9V51 (eobs 7994)"}}, {"type": "Feature", "geometry": {"type": "Point", "coordinates": [-5.8868751, 37.2216817]}, "properties": {"timestamp": "2021-09-29 02:00:23", "individual": "Heidi A9V51 (eobs 7994)"}}, {"type": "Feature", "geometry": {"type": "Point", "coordinates": [-5.8868276, 37.2215793]}, "properties": {"timestamp": "2021-09-30 02:00:23", "individual": "Heidi A9V51 (eobs 7994)"}}, {"type": "Feature", "geometry": {"type": "Point", "coordinates": [-5.8840661, 37.2211954]}, "properties": {"timestamp": "2021-10-01 02:00:23", "individual": "Heidi A9V51 (eobs 7994)"}}, {"type": "Feature", "geometry": {"type": "Point", "coordinates": [-5.8868889, 37.2218012]}, "properties": {"timestamp": "2021-10-02 02:00:23", "individual": "Heidi A9V51 (eobs 7994)"}}, {"type": "Feature", "geometry": {"type": "Point", "coordinates": [-5.8867582, 37.2217349]}, "properties": {"timestamp": "2021-10-03 02:00:41", "individual": "Heidi A9V51 (eobs 7994)"}}, {"type": "Feature", "geometry": {"type": "Point", "coordinates": [-5.8863553, 37.2218996]}, "properties": {"timestamp": "2021-10-04 02:00:23", "individual": "Heidi A9V51 (eobs 7994)"}}, {"type": "Feature", "geometry": {"type": "Point", "coordinates": [-6.0499946, 37.1400651]}, "properties": {"timestamp": "2021-10-05 02:00:23", "individual": "Heidi A9V51 (eobs 7994)"}}, {"type": "Feature", "geometry": {"type": "Point", "coordinates": [-5.8867758, 37.2216412]}, "properties": {"timestamp": "2021-10-06 02:00:23", "individual": "Heidi A9V51 (eobs 7994)"}}, {"type": "Feature", "geometry": {"type": "Point", "coordinates": [-5.8867142, 37.2217318]}, "properties": {"timestamp": "2021-10-07 02:00:23", "individual": "Heidi A9V51 (eobs 7994)"}}, {"type": "Feature", "geometry": {"type": "Point", "coordinates": [-5.8867184, 37.221777]}, "properties": {"timestamp": "2021-10-08 02:00:41", "individual": "Heidi A9V51 (eobs 7994)"}}, {"type": "Feature", "geometry": {"type": "Point", "coordinates": [-5.8868164, 37.2218434]}, "properties": {"timestamp": "2021-10-09 02:00:23", "individual": "Heidi A9V51 (eobs 7994)"}}, {"type": "Feature", "geometry": {"type": "Point", "coordinates": [-5.8868019, 37.2217669]}, "properties": {"timestamp": "2021-10-10 02:00:23", "individual": "Heidi A9V51 (eobs 7994)"}}, {"type": "Feature", "geometry": {"type": "Point", "coordinates": [-5.8865356, 37.2218108]}, "properties": {"timestamp": "2021-10-11 02:00:23", "individual": "Heidi A9V51 (eobs 7994)"}}, {"type": "Feature", "geometry": {"type": "Point", "coordinates": [-5.9577127, 37.0766636]}, "properties": {"timestamp": "2021-10-12 02:00:23", "individual": "Heidi A9V51 (eobs 7994)"}}, {"type": "Feature", "geometry": {"type": "Point", "coordinates": [-5.8866129, 37.2216905]}, "properties": {"timestamp": "2021-10-13 02:00:23", "individual": "Heidi A9V51 (eobs 7994)"}}, {"type": "Feature", "geometry": {"type": "Point", "coordinates": [-5.8868284, 37.2217907]}, "properties": {"timestamp": "2021-10-14 02:00:23", "individual": "Heidi A9V51 (eobs 7994)"}}, {"type": "Feature", "geometry": {"type": "Point", "coordinates": [-5.8869089, 37.2214628]}, "properties": {"timestamp": "2021-10-15 02:00:23", "individual": "Heidi A9V51 (eobs 7994)"}}, {"type": "Feature", "geometry": {"type": "Point", "coordinates": [-5.9745147, 37.1812063]}, "properties": {"timestamp": "2021-10-16 02:00:23", "individual": "Heidi A9V51 (eobs 7994)"}}, {"type": "Feature", "geometry": {"type": "Point", "coordinates": [-5.8868213, 37.2215104]}, "properties": {"timestamp": "2021-10-17 02:00:23", "individual": "Heidi A9V51 (eobs 7994)"}}, {"type": "Feature", "geometry": {"type": "Point", "coordinates": [-5.9855369, 37.1855117]}, "properties": {"timestamp": "2021-10-18 02:00:23", "individual": "Heidi A9V51 (eobs 7994)"}}, {"type": "Feature", "geometry": {"type": "Point", "coordinates": [-6.0821616, 37.144426]}, "properties": {"timestamp": "2021-10-19 02:00:23", "individual": "Heidi A9V51 (eobs 7994)"}}, {"type": "Feature", "geometry": {"type": "Point", "coordinates": [7.812295, 48.0791174]}, "properties": {"timestamp": "2019-08-07 08:20:09", "individual": "Hendrik + / DER A2P86 (e-obs 7046)"}}, {"type": "Feature", "geometry": {"type": "Point", "coordinates": [7.8121464, 48.0792584]}, "properties": {"timestamp": "2019-08-08 02:15:11", "individual": "Hendrik + / DER A2P86 (e-obs 7046)"}}, {"type": "Feature", "geometry": {"type": "Point", "coordinates": [7.8121457, 48.0792004]}, "properties": {"timestamp": "2019-08-09 02:00:41", "individual": "Hendrik + / DER A2P86 (e-obs 7046)"}}, {"type": "Feature", "geometry": {"type": "Point", "coordinates": [7.8120912, 48.0792378]}, "properties": {"timestamp": "2019-08-10 02:00:41", "individual": "Hendrik + / DER A2P86 (e-obs 7046)"}}, {"type": "Feature", "geometry": {"type": "Point", "coordinates": [7.8121351, 48.0791422]}, "properties": {"timestamp": "2019-08-11 02:00:41", "individual": "Hendrik + / DER A2P86 (e-obs 7046)"}}, {"type": "Feature", "geometry": {"type": "Point", "coordinates": [7.8127057, 48.0792039]}, "properties": {"timestamp": "2019-08-12 02:00:23", "individual": "Hendrik + / DER A2P86 (e-obs 7046)"}}, {"type": "Feature", "geometry": {"type": "Point", "coordinates": [7.8120621, 48.0791888]}, "properties": {"timestamp": "2019-08-13 02:00:23", "individual": "Hendrik + / DER A2P86 (e-obs 7046)"}}, {"type": "Feature", "geometry": {"type": "Point", "coordinates": [7.8120867, 48.0791015]}, "properties": {"timestamp": "2019-08-14 02:00:23", "individual": "Hendrik + / DER A2P86 (e-obs 7046)"}}, {"type": "Feature", "geometry": {"type": "Point", "coordinates": [7.8120778, 48.0793144]}, "properties": {"timestamp": "2019-08-15 02:00:23", "individual": "Hendrik + / DER A2P86 (e-obs 7046)"}}, {"type": "Feature", "geometry": {"type": "Point", "coordinates": [7.8126473, 48.0792292]}, "properties": {"timestamp": "2019-08-16 02:00:23", "individual": "Hendrik + / DER A2P86 (e-obs 7046)"}}, {"type": "Feature", "geometry": {"type": "Point", "coordinates": [7.8126628, 48.0792268]}, "properties": {"timestamp": "2019-08-17 02:00:23", "individual": "Hendrik + / DER A2P86 (e-obs 7046)"}}, {"type": "Feature", "geometry": {"type": "Point", "coordinates": [7.8126436, 48.0792262]}, "properties": {"timestamp": "2019-08-18 02:00:23", "individual": "Hendrik + / DER A2P86 (e-obs 7046)"}}, {"type": "Feature", "geometry": {"type": "Point", "coordinates": [7.8126287, 48.0792384]}, "properties": {"timestamp": "2019-08-19 02:00:23", "individual": "Hendrik + / DER A2P86 (e-obs 7046)"}}, {"type": "Feature", "geometry": {"type": "Point", "coordinates": [7.8126434, 48.0792589]}, "properties": {"timestamp": "2019-08-20 02:00:39", "individual": "Hendrik + / DER A2P86 (e-obs 7046)"}}, {"type": "Feature", "geometry": {"type": "Point", "coordinates": [7.8126558, 48.0792488]}, "properties": {"timestamp": "2019-08-21 02:00:23", "individual": "Hendrik + / DER A2P86 (e-obs 7046)"}}, {"type": "Feature", "geometry": {"type": "Point", "coordinates": [7.8126728, 48.0792408]}, "properties": {"timestamp": "2019-08-22 02:00:23", "individual": "Hendrik + / DER A2P86 (e-obs 7046)"}}, {"type": "Feature", "geometry": {"type": "Point", "coordinates": [7.8535801, 48.103795]}, "properties": {"timestamp": "2019-08-23 02:00:23", "individual": "Hendrik + / DER A2P86 (e-obs 7046)"}}, {"type": "Feature", "geometry": {"type": "Point", "coordinates": [7.5534681, 47.4990437]}, "properties": {"timestamp": "2019-08-24 02:00:23", "individual": "Hendrik + / DER A2P86 (e-obs 7046)"}}, {"type": "Feature", "geometry": {"type": "Point", "coordinates": [7.2995542, 47.510635]}, "properties": {"timestamp": "2019-08-25 02:00:23", "individual": "Hendrik + / DER A2P86 (e-obs 7046)"}}, {"type": "Feature", "geometry": {"type": "Point", "coordinates": [7.3005299, 47.5111774]}, "properties": {"timestamp": "2019-08-26 02:00:23", "individual": "Hendrik + / DER A2P86 (e-obs 7046)"}}, {"type": "Feature", "geometry": {"type": "Point", "coordinates": [5.4945916, 46.7437138]}, "properties": {"timestamp": "2019-08-27 02:00:23", "individual": "Hendrik + / DER A2P86 (e-obs 7046)"}}, {"type": "Feature", "geometry": {"type": "Point", "coordinates": [5.3915433, 46.5996434]}, "properties": {"timestamp": "2019-08-28 02:00:23", "individual": "Hendrik + / DER A2P86 (e-obs 7046)"}}, {"type": "Feature", "geometry": {"type": "Point", "coordinates": [4.8745743, 45.0091425]}, "properties": {"timestamp": "2019-08-29 02:00:23", "individual": "Hendrik + / DER A2P86 (e-obs 7046)"}}, {"type": "Feature", "geometry": {"type": "Point", "coordinates": [3.5955263, 43.4948513]}, "properties": {"timestamp": "2019-08-30 02:00:39", "individual": "Hendrik + / DER A2P86 (e-obs 7046)"}}, {"type": "Feature", "geometry": {"type": "Point", "coordinates": [1.8364912, 41.7462508]}, "properties": {"timestamp": "2019-08-31 02:00:23", "individual": "Hendrik + / DER A2P86 (e-obs 7046)"}}, {"type": "Feature", "geometry": {"type": "Point", "coordinates": [0.9419478, 41.6715489]}, "properties": {"timestamp": "2019-09-01 02:00:23", "individual": "Hendrik + / DER A2P86 (e-obs 7046)"}}, {"type": "Feature", "geometry": {"type": "Point", "coordinates": [0.952155, 41.656304]}, "properties": {"timestamp": "2019-09-02 02:00:23", "individual": "Hendrik + / DER A2P86 (e-obs 7046)"}}, {"type": "Feature", "geometry": {"type": "Point", "coordinates": [0.5255395, 41.5467136]}, "properties": {"timestamp": "2019-09-03 02:00:23", "individual": "Hendrik + / DER A2P86 (e-obs 7046)"}}, {"type": "Feature", "geometry": {"type": "Point", "coordinates": [0.2065667, 41.4931682]}, "properties": {"timestamp": "2019-09-04 02:00:23", "individual": "Hendrik + / DER A2P86 (e-obs 7046)"}}, {"type": "Feature", "geometry": {"type": "Point", "coordinates": [-0.5432845, 41.5212406]}, "properties": {"timestamp": "2019-09-05 02:00:23", "individual": "Hendrik + / DER A2P86 (e-obs 7046)"}}, {"type": "Feature", "geometry": {"type": "Point", "coordinates": [-0.5378104, 41.5125961]}, "properties": {"timestamp": "2019-09-06 02:00:23", "individual": "Hendrik + / DER A2P86 (e-obs 7046)"}}, {"type": "Feature", "geometry": {"type": "Point", "coordinates": [-2.1458365, 40.1675904]}, "properties": {"timestamp": "2019-09-07 02:00:23", "individual": "Hendrik + / DER A2P86 (e-obs 7046)"}}, {"type": "Feature", "geometry": {"type": "Point", "coordinates": [-3.6564553, 38.8595544]}, "properties": {"timestamp": "2019-09-08 02:00:23", "individual": "Hendrik + / DER A2P86 (e-obs 7046)"}}, {"type": "Feature", "geometry": {"type": "Point", "coordinates": [-3.6564388, 38.8594713]}, "properties": {"timestamp": "2019-09-09 02:00:23", "individual": "Hendrik + / DER A2P86 (e-obs 7046)"}}, {"type": "Feature", "geometry": {"type": "Point", "coordinates": [-3.6563587, 38.859553]}, "properties": {"timestamp": "2019-09-10 02:00:23", "individual": "Hendrik + / DER A2P86 (e-obs 7046)"}}, {"type": "Feature", "geometry": {"type": "Point", "coordinates": [-3.6570103, 38.8560496]}, "properties": {"timestamp": "2019-09-11 02:00:23", "individual": "Hendrik + / DER A2P86 (e-obs 7046)"}}, {"type": "Feature", "geometry": {"type": "Point", "coordinates": [-3.6571523, 38.8564914]}, "properties": {"timestamp": "2019-09-12 02:00:23", "individual": "Hendrik + / DER A2P86 (e-obs 7046)"}}, {"type": "Feature", "geometry": {"type": "Point", "coordinates": [-3.6563447, 38.8595532]}, "properties": {"timestamp": "2019-09-13 02:00:23", "individual": "Hendrik + / DER A2P86 (e-obs 7046)"}}, {"type": "Feature", "geometry": {"type": "Point", "coordinates": [-3.6564095, 38.8595209]}, "properties": {"timestamp": "2019-09-14 02:00:23", "individual": "Hendrik + / DER A2P86 (e-obs 7046)"}}, {"type": "Feature", "geometry": {"type": "Point", "coordinates": [-3.6563894, 38.8595702]}, "properties": {"timestamp": "2019-09-15 02:00:23", "individual": "Hendrik + / DER A2P86 (e-obs 7046)"}}, {"type": "Feature", "geometry": {"type": "Point", "coordinates": [-3.6563744, 38.8595246]}, "properties": {"timestamp": "2019-09-16 02:00:23", "individual": "Hendrik + / DER A2P86 (e-obs 7046)"}}, {"type": "Feature", "geometry": {"type": "Point", "coordinates": [-3.6563451, 38.859507]}, "properties": {"timestamp": "2019-09-17 02:00:23", "individual": "Hendrik + / DER A2P86 (e-obs 7046)"}}, {"type": "Feature", "geometry": {"type": "Point", "coordinates": [-3.6563948, 38.8595244]}, "properties": {"timestamp": "2019-09-18 02:00:23", "individual": "Hendrik + / DER A2P86 (e-obs 7046)"}}, {"type": "Feature", "geometry": {"type": "Point", "coordinates": [-3.6562597, 38.8594856]}, "properties": {"timestamp": "2019-09-19 02:00:23", "individual": "Hendrik + / DER A2P86 (e-obs 7046)"}}, {"type": "Feature", "geometry": {"type": "Point", "coordinates": [-3.6563048, 38.8594979]}, "properties": {"timestamp": "2019-09-20 02:00:23", "individual": "Hendrik + / DER A2P86 (e-obs 7046)"}}, {"type": "Feature", "geometry": {"type": "Point", "coordinates": [-3.656327, 38.8594878]}, "properties": {"timestamp": "2019-09-21 02:00:23", "individual": "Hendrik + / DER A2P86 (e-obs 7046)"}}, {"type": "Feature", "geometry": {"type": "Point", "coordinates": [-3.656334, 38.8594414]}, "properties": {"timestamp": "2019-09-22 02:00:23", "individual": "Hendrik + / DER A2P86 (e-obs 7046)"}}, {"type": "Feature", "geometry": {"type": "Point", "coordinates": [-3.6563337, 38.859521]}, "properties": {"timestamp": "2019-09-23 02:00:23", "individual": "Hendrik + / DER A2P86 (e-obs 7046)"}}, {"type": "Feature", "geometry": {"type": "Point", "coordinates": [-3.6563197, 38.8594372]}, "properties": {"timestamp": "2019-09-24 02:00:23", "individual": "Hendrik + / DER A2P86 (e-obs 7046)"}}, {"type": "Feature", "geometry": {"type": "Point", "coordinates": [-3.6562812, 38.8594431]}, "properties": {"timestamp": "2019-09-25 02:00:23", "individual": "Hendrik + / DER A2P86 (e-obs 7046)"}}, {"type": "Feature", "geometry": {"type": "Point", "coordinates": [-3.6563122, 38.8594279]}, "properties": {"timestamp": "2019-09-26 02:00:23", "individual": "Hendrik + / DER A2P86 (e-obs 7046)"}}, {"type": "Feature", "geometry": {"type": "Point", "coordinates": [-3.6562199, 38.8593511]}, "properties": {"timestamp": "2019-09-27 02:00:23", "individual": "Hendrik + / DER A2P86 (e-obs 7046)"}}, {"type": "Feature", "geometry": {"type": "Point", "coordinates": [7.8122213, 48.0791503]}, "properties": {"timestamp": "2020-08-10 08:46:17", "individual": "Jana A4W89 (eobs 7025)"}}, {"type": "Feature", "geometry": {"type": "Point", "coordinates": [7.8121737, 48.0791725]}, "properties": {"timestamp": "2020-08-11 02:00:53", "individual": "Jana A4W89 (eobs 7025)"}}, {"type": "Feature", "geometry": {"type": "Point", "coordinates": [7.8122356, 48.0791668]}, "properties": {"timestamp": "2020-08-12 02:00:41", "individual": "Jana A4W89 (eobs 7025)"}}, {"type": "Feature", "geometry": {"type": "Point", "coordinates": [7.8121972, 48.0791923]}, "properties": {"timestamp": "2020-08-13 02:00:53", "individual": "Jana A4W89 (eobs 7025)"}}, {"type": "Feature", "geometry": {"type": "Point", "coordinates": [7.812068, 48.0792528]}, "properties": {"timestamp": "2020-08-14 02:00:53", "individual": "Jana A4W89 (eobs 7025)"}}, {"type": "Feature", "geometry": {"type": "Point", "coordinates": [7.8122527, 48.0791987]}, "properties": {"timestamp": "2020-08-15 02:00:50", "individual": "Jana A4W89 (eobs 7025)"}}, {"type": "Feature", "geometry": {"type": "Point", "coordinates": [7.8121782, 48.0792822]}, "properties": {"timestamp": "2020-08-16 02:00:53", "individual": "Jana A4W89 (eobs 7025)"}}, {"type": "Feature", "geometry": {"type": "Point", "coordinates": [7.8101137, 48.0787781]}, "properties": {"timestamp": "2020-08-17 02:00:23", "individual": "Jana A4W89 (eobs 7025)"}}, {"type": "Feature", "geometry": {"type": "Point", "coordinates": [7.812174, 48.0792597]}, "properties": {"timestamp": "2020-08-18 02:00:23", "individual": "Jana A4W89 (eobs 7025)"}}, {"type": "Feature", "geometry": {"type": "Point", "coordinates": [7.8121646, 48.0792128]}, "properties": {"timestamp": "2020-08-19 02:00:23", "individual": "Jana A4W89 (eobs 7025)"}}, {"type": "Feature", "geometry": {"type": "Point", "coordinates": [7.8121863, 48.0791755]}, "properties": {"timestamp": "2020-08-20 02:00:23", "individual": "Jana A4W89 (eobs 7025)"}}, {"type": "Feature", "geometry": {"type": "Point", "coordinates": [7.8121871, 48.079285]}, "properties": {"timestamp": "2020-08-21 02:00:23", "individual": "Jana A4W89 (eobs 7025)"}}, {"type": "Feature", "geometry": {"type": "Point", "coordinates": [7.8121319, 48.0791499]}, "properties": {"timestamp": "2020-08-22 02:00:23", "individual": "Jana A4W89 (eobs 7025)"}}, {"type": "Feature", "geometry": {"type": "Point", "coordinates": [7.8126643, 48.0792473]}, "properties": {"timestamp": "2020-08-23 02:00:23", "individual": "Jana A4W89 (eobs 7025)"}}, {"type": "Feature", "geometry": {"type": "Point", "coordinates": [7.8121282, 48.0792285]}, "properties": {"timestamp": "2020-08-24 02:00:23", "individual": "Jana A4W89 (eobs 7025)"}}, {"type": "Feature", "geometry": {"type": "Point", "coordinates": [7.8122103, 48.0791532]}, "properties": {"timestamp": "2020-08-25 02:00:41", "individual": "Jana A4W89 (eobs 7025)"}}, {"type": "Feature", "geometry": {"type": "Point", "coordinates": [7.1034761, 47.6176378]}, "properties": {"timestamp": "2020-08-26 02:00:23", "individual": "Jana A4W89 (eobs 7025)"}}, {"type": "Feature", "geometry": {"type": "Point", "coordinates": [7.0987995, 47.6309112]}, "properties": {"timestamp": "2020-08-27 02:00:23", "individual": "Jana A4W89 (eobs 7025)"}}, {"type": "Feature", "geometry": {"type": "Point", "coordinates": [5.3875672, 46.9493185]}, "properties": {"timestamp": "2020-08-28 02:00:41", "individual": "Jana A4W89 (eobs 7025)"}}, {"type": "Feature", "geometry": {"type": "Point", "coordinates": [5.3674295, 46.9518404]}, "properties": {"timestamp": "2020-08-29 02:00:41", "individual": "Jana A4W89 (eobs 7025)"}}, {"type": "Feature", "geometry": {"type": "Point", "coordinates": [4.8669187, 44.8362371]}, "properties": {"timestamp": "2020-08-30 02:00:23", "individual": "Jana A4W89 (eobs 7025)"}}, {"type": "Feature", "geometry": {"type": "Point", "coordinates": [3.2110259, 43.2494326]}, "properties": {"timestamp": "2020-08-31 02:00:23", "individual": "Jana A4W89 (eobs 7025)"}}, {"type": "Feature", "geometry": {"type": "Point", "coordinates": [1.8189431, 41.7360706]}, "properties": {"timestamp": "2020-09-01 02:00:23", "individual": "Jana A4W89 (eobs 7025)"}}, {"type": "Feature", "geometry": {"type": "Point", "coordinates": [0.9518037, 41.6545133]}, "properties": {"timestamp": "2020-09-02 02:00:23", "individual": "Jana A4W89 (eobs 7025)"}}, {"type": "Feature", "geometry": {"type": "Point", "coordinates": [0.62129, 41.5583893]}, "properties": {"timestamp": "2020-09-03 02:00:23", "individual": "Jana A4W89 (eobs 7025)"}}, {"type": "Feature", "geometry": {"type": "Point", "coordinates": [0.8659806, 41.6184208]}, "properties": {"timestamp": "2020-09-04 02:00:23", "individual": "Jana A4W89 (eobs 7025)"}}, {"type": "Feature", "geometry": {"type": "Point", "coordinates": [0.5189884, 41.5418324]}, "properties": {"timestamp": "2020-09-05 02:00:41", "individual": "Jana A4W89 (eobs 7025)"}}, {"type": "Feature", "geometry": {"type": "Point", "coordinates": [0.6217174, 41.5586099]}, "properties": {"timestamp": "2020-09-06 02:00:23", "individual": "Jana A4W89 (eobs 7025)"}}, {"type": "Feature", "geometry": {"type": "Point", "coordinates": [0.7381749, 41.7088042]}, "properties": {"timestamp": "2020-09-07 02:00:41", "individual": "Jana A4W89 (eobs 7025)"}}, {"type": "Feature", "geometry": {"type": "Point", "coordinates": [0.5726489, 41.5751202]}, "properties": {"timestamp": "2020-09-08 02:00:41", "individual": "Jana A4W89 (eobs 7025)"}}, {"type": "Feature", "geometry": {"type": "Point", "coordinates": [0.5722518, 41.5748247]}, "properties": {"timestamp": "2020-09-09 02:00:41", "individual": "Jana A4W89 (eobs 7025)"}}, {"type": "Feature", "geometry": {"type": "Point", "coordinates": [0.6178191, 41.6132363]}, "properties": {"timestamp": "2020-09-10 02:00:47", "individual": "Jana A4W89 (eobs 7025)"}}, {"type": "Feature", "geometry": {"type": "Point", "coordinates": [0.6079224, 41.6156801]}, "properties": {"timestamp": "2020-09-11 02:00:39", "individual": "Jana A4W89 (eobs 7025)"}}, {"type": "Feature", "geometry": {"type": "Point", "coordinates": [0.7720094, 41.6052278]}, "properties": {"timestamp": "2020-09-12 02:00:38", "individual": "Jana A4W89 (eobs 7025)"}}, {"type": "Feature", "geometry": {"type": "Point", "coordinates": [0.5446544, 41.557111]}, "properties": {"timestamp": "2020-09-13 02:00:41", "individual": "Jana A4W89 (eobs 7025)"}}, {"type": "Feature", "geometry": {"type": "Point", "coordinates": [-0.7521675, 41.5725925]}, "properties": {"timestamp": "2020-09-14 02:00:23", "individual": "Jana A4W89 (eobs 7025)"}}, {"type": "Feature", "geometry": {"type": "Point", "coordinates": [-2.2824062, 41.213533]}, "properties": {"timestamp": "2020-09-15 02:00:23", "individual": "Jana A4W89 (eobs 7025)"}}, {"type": "Feature", "geometry": {"type": "Point", "coordinates": [-3.5985748, 40.3336823]}, "properties": {"timestamp": "2020-09-16 02:00:23", "individual": "Jana A4W89 (eobs 7025)"}}, {"type": "Feature", "geometry": {"type": "Point", "coordinates": [-4.2771552, 39.8542506]}, "properties": {"timestamp": "2020-09-17 02:00:23", "individual": "Jana A4W89 (eobs 7025)"}}, {"type": "Feature", "geometry": {"type": "Point", "coordinates": [-4.2772198, 39.8541904]}, "properties": {"timestamp": "2020-09-18 02:00:23", "individual": "Jana A4W89 (eobs 7025)"}}, {"type": "Feature", "geometry": {"type": "Point", "coordinates": [-4.2714427, 39.8454561]}, "properties": {"timestamp": "2020-09-19 02:00:23", "individual": "Jana A4W89 (eobs 7025)"}}, {"type": "Feature", "geometry": {"type": "Point", "coordinates": [-4.2658823, 39.8393987]}, "properties": {"timestamp": "2020-09-20 02:00:23", "individual": "Jana A4W89 (eobs 7025)"}}, {"type": "Feature", "geometry": {"type": "Point", "coordinates": [-4.1684209, 39.8578765]}, "properties": {"timestamp": "2020-09-21 02:00:23", "individual": "Jana A4W89 (eobs 7025)"}}, {"type": "Feature", "geometry": {"type": "Point", "coordinates": [-4.163844, 39.8608671]}, "properties": {"timestamp": "2020-09-22 02:00:23", "individual": "Jana A4W89 (eobs 7025)"}}, {"type": "Feature", "geometry": {"type": "Point", "coordinates": [-4.1666836, 39.8579402]}, "properties": {"timestamp": "2020-09-23 02:00:38", "individual": "Jana A4W89 (eobs 7025)"}}, {"type": "Feature", "geometry": {"type": "Point", "coordinates": [-4.166647, 39.8581912]}, "properties": {"timestamp": "2020-09-24 02:00:23", "individual": "Jana A4W89 (eobs 7025)"}}, {"type": "Feature", "geometry": {"type": "Point", "coordinates": [-4.1670705, 39.8581398]}, "properties": {"timestamp": "2020-09-25 02:00:23", "individual": "Jana A4W89 (eobs 7025)"}}, {"type": "Feature", "geometry": {"type": "Point", "coordinates": [-4.1667053, 39.8582252]}, "properties": {"timestamp": "2020-09-26 02:00:23", "individual": "Jana A4W89 (eobs 7025)"}}, {"type": "Feature", "geometry": {"type": "Point", "coordinates": [-4.1667474, 39.8588232]}, "properties": {"timestamp": "2020-09-27 02:00:23", "individual": "Jana A4W89 (eobs 7025)"}}, {"type": "Feature", "geometry": {"type": "Point", "coordinates": [-6.0196932, 37.223513]}, "properties": {"timestamp": "2020-09-28 02:00:23", "individual": "Jana A4W89 (eobs 7025)"}}, {"type": "Feature", "geometry": {"type": "Point", "coordinates": [-6.1224438, 36.5823025]}, "properties": {"timestamp": "2020-09-29 02:00:23", "individual": "Jana A4W89 (eobs 7025)"}}, {"type": "Feature", "geometry": {"type": "Point", "coordinates": [-6.1251447, 36.5826128]}, "properties": {"timestamp": "2020-09-30 02:00:23", "individual": "Jana A4W89 (eobs 7025)"}}, {"type": "Feature", "geometry": {"type": "Point", "coordinates": [-6.0156658, 36.4841804]}, "properties": {"timestamp": "2020-10-01 02:00:41", "individual": "Jana A4W89 (eobs 7025)"}}, {"type": "Feature", "geometry": {"type": "Point", "coordinates": [-5.9987451, 36.5118684]}, "properties": {"timestamp": "2020-10-02 02:00:23", "individual": "Jana A4W89 (eobs 7025)"}}, {"type": "Feature", "geometry": {"type": "Point", "coordinates": [-5.9986134, 36.5115698]}, "properties": {"timestamp": "2020-10-03 02:00:23", "individual": "Jana A4W89 (eobs 7025)"}}, {"type": "Feature", "geometry": {"type": "Point", "coordinates": [-5.3821994, 35.5680284]}, "properties": {"timestamp": "2020-10-04 02:00:23", "individual": "Jana A4W89 (eobs 7025)"}}, {"type": "Feature", "geometry": {"type": "Point", "coordinates": [-5.2765496, 35.6046883]}, "properties": {"timestamp": "2020-10-05 02:00:39", "individual": "Jana A4W89 (eobs 7025)"}}, {"type": "Feature", "geometry": {"type": "Point", "coordinates": [-5.2762895, 35.6044621]}, "properties": {"timestamp": "2020-10-06 02:00:41", "individual": "Jana A4W89 (eobs 7025)"}}, {"type": "Feature", "geometry": {"type": "Point", "coordinates": [-5.3533383, 35.5663604]}, "properties": {"timestamp": "2020-10-07 02:00:23", "individual": "Jana A4W89 (eobs 7025)"}}, {"type": "Feature", "geometry": {"type": "Point", "coordinates": [-5.398596, 35.5568847]}, "properties": {"timestamp": "2020-10-08 02:00:23", "individual": "Jana A4W89 (eobs 7025)"}}, {"type": "Feature", "geometry": {"type": "Point", "coordinates": [-5.3586942, 35.5580253]}, "properties": {"timestamp": "2020-10-09 02:00:23", "individual": "Jana A4W89 (eobs 7025)"}}, {"type": "Feature", "geometry": {"type": "Point", "coordinates": [-5.3544697, 35.5625142]}, "properties": {"timestamp": "2020-10-10 07:00:41", "individual": "Jana A4W89 (eobs 7025)"}}, {"type": "Feature", "geometry": {"type": "Point", "coordinates": [-5.3593678, 35.5587666]}, "properties": {"timestamp": "2020-10-11 02:00:23", "individual": "Jana A4W89 (eobs 7025)"}}, {"type": "Feature", "geometry": {"type": "Point", "coordinates": [-5.3584551, 35.5580434]}, "properties": {"timestamp": "2020-10-12 02:00:41", "individual": "Jana A4W89 (eobs 7025)"}}, {"type": "Feature", "geometry": {"type": "Point", "coordinates": [-5.3535026, 35.5665559]}, "properties": {"timestamp": "2020-10-13 02:00:23", "individual": "Jana A4W89 (eobs 7025)"}}, {"type": "Feature", "geometry": {"type": "Point", "coordinates": [-5.3802628, 35.5697866]}, "properties": {"timestamp": "2020-10-14 02:00:23", "individual": "Jana A4W89 (eobs 7025)"}}, {"type": "Feature", "geometry": {"type": "Point", "coordinates": [-5.2759718, 35.6043675]}, "properties": {"timestamp": "2020-10-15 02:00:41", "individual": "Jana A4W89 (eobs 7025)"}}, {"type": "Feature", "geometry": {"type": "Point", "coordinates": [-5.2861943, 35.6068808]}, "properties": {"timestamp": "2020-10-16 02:00:23", "individual": "Jana A4W89 (eobs 7025)"}}, {"type": "Feature", "geometry": {"type": "Point", "coordinates": [-5.3801282, 35.5697806]}, "properties": {"timestamp": "2020-10-17 02:00:23", "individual": "Jana A4W89 (eobs 7025)"}}, {"type": "Feature", "geometry": {"type": "Point", "coordinates": [-5.3800947, 35.5698113]}, "properties": {"timestamp": "2020-10-18 02:00:23", "individual": "Jana A4W89 (eobs 7025)"}}, {"type": "Feature", "geometry": {"type": "Point", "coordinates": [-5.3593303, 35.5588049]}, "properties": {"timestamp": "2020-10-19 02:00:23", "individual": "Jana A4W89 (eobs 7025)"}}, {"type": "Feature", "geometry": {"type": "Point", "coordinates": [-5.3594096, 35.5587362]}, "properties": {"timestamp": "2020-10-20 02:00:23", "individual": "Jana A4W89 (eobs 7025)"}}, {"type": "Feature", "geometry": {"type": "Point", "coordinates": [-5.3587219, 35.5582268]}, "properties": {"timestamp": "2020-10-21 02:00:23", "individual": "Jana A4W89 (eobs 7025)"}}, {"type": "Feature", "geometry": {"type": "Point", "coordinates": [-5.3591377, 35.5589578]}, "properties": {"timestamp": "2020-10-22 02:00:23", "individual": "Jana A4W89 (eobs 7025)"}}, {"type": "Feature", "geometry": {"type": "Point", "coordinates": [-5.3590586, 35.5585736]}, "properties": {"timestamp": "2020-10-23 02:00:23", "individual": "Jana A4W89 (eobs 7025)"}}, {"type": "Feature", "geometry": {"type": "Point", "coordinates": [-5.3585842, 35.557987]}, "properties": {"timestamp": "2020-10-24 02:00:23", "individual": "Jana A4W89 (eobs 7025)"}}, {"type": "Feature", "geometry": {"type": "Point", "coordinates": [-5.3588419, 35.5582722]}, "properties": {"timestamp": "2020-10-25 02:00:23", "individual": "Jana A4W89 (eobs 7025)"}}, {"type": "Feature", "geometry": {"type": "Point", "coordinates": [-5.35852, 35.5579892]}, "properties": {"timestamp": "2020-10-26 02:00:23", "individual": "Jana A4W89 (eobs 7025)"}}, {"type": "Feature", "geometry": {"type": "Point", "coordinates": [-5.358064, 35.5576608]}, "properties": {"timestamp": "2020-10-27 02:00:23", "individual": "Jana A4W89 (eobs 7025)"}}, {"type": "Feature", "geometry": {"type": "Point", "coordinates": [-5.3585397, 35.5580311]}, "properties": {"timestamp": "2020-10-28 02:00:23", "individual": "Jana A4W89 (eobs 7025)"}}, {"type": "Feature", "geometry": {"type": "Point", "coordinates": [-5.359271, 35.5585991]}, "properties": {"timestamp": "2020-10-29 02:00:23", "individual": "Jana A4W89 (eobs 7025)"}}, {"type": "Feature", "geometry": {"type": "Point", "coordinates": [-5.3593658, 35.5587369]}, "properties": {"timestamp": "2020-10-30 02:00:23", "individual": "Jana A4W89 (eobs 7025)"}}, {"type": "Feature", "geometry": {"type": "Point", "coordinates": [-5.3599039, 35.5589415]}, "properties": {"timestamp": "2020-10-31 02:00:23", "individual": "Jana A4W89 (eobs 7025)"}}, {"type": "Feature", "geometry": {"type": "Point", "coordinates": [-5.3592767, 35.5587546]}, "properties": {"timestamp": "2020-11-01 02:00:23", "individual": "Jana A4W89 (eobs 7025)"}}, {"type": "Feature", "geometry": {"type": "Point", "coordinates": [-5.3592439, 35.5588531]}, "properties": {"timestamp": "2020-11-02 02:00:23", "individual": "Jana A4W89 (eobs 7025)"}}, {"type": "Feature", "geometry": {"type": "Point", "coordinates": [-5.3589092, 35.5583551]}, "properties": {"timestamp": "2020-11-03 02:00:23", "individual": "Jana A4W89 (eobs 7025)"}}, {"type": "Feature", "geometry": {"type": "Point", "coordinates": [-5.3588355, 35.5584737]}, "properties": {"timestamp": "2020-11-04 02:00:23", "individual": "Jana A4W89 (eobs 7025)"}}, {"type": "Feature", "geometry": {"type": "Point", "coordinates": [-5.3593039, 35.5586385]}, "properties": {"timestamp": "2020-11-05 02:00:23", "individual": "Jana A4W89 (eobs 7025)"}}, {"type": "Feature", "geometry": {"type": "Point", "coordinates": [-5.3598867, 35.5590995]}, "properties": {"timestamp": "2020-11-06 02:00:23", "individual": "Jana A4W89 (eobs 7025)"}}, {"type": "Feature", "geometry": {"type": "Point", "coordinates": [-5.358669, 35.5581258]}, "properties": {"timestamp": "2020-11-07 02:00:23", "individual": "Jana A4W89 (eobs 7025)"}}, {"type": "Feature", "geometry": {"type": "Point", "coordinates": [-5.3795837, 35.5708063]}, "properties": {"timestamp": "2020-11-08 02:00:23", "individual": "Jana A4W89 (eobs 7025)"}}, {"type": "Feature", "geometry": {"type": "Point", "coordinates": [-5.3582622, 35.5578133]}, "properties": {"timestamp": "2020-11-09 02:00:23", "individual": "Jana A4W89 (eobs 7025)"}}, {"type": "Feature", "geometry": {"type": "Point", "coordinates": [-5.3586099, 35.5580098]}, "properties": {"timestamp": "2020-11-10 02:00:23", "individual": "Jana A4W89 (eobs 7025)"}}, {"type": "Feature", "geometry": {"type": "Point", "coordinates": [-5.3586569, 35.5582546]}, "properties": {"timestamp": "2020-11-11 02:00:23", "individual": "Jana A4W89 (eobs 7025)"}}, {"type": "Feature", "geometry": {"type": "Point", "coordinates": [-5.359129, 35.5585885]}, "properties": {"timestamp": "2020-11-12 02:00:23", "individual": "Jana A4W89 (eobs 7025)"}}, {"type": "Feature", "geometry": {"type": "Point", "coordinates": [-5.3587075, 35.5582765]}, "properties": {"timestamp": "2020-11-13 02:00:23", "individual": "Jana A4W89 (eobs 7025)"}}, {"type": "Feature", "geometry": {"type": "Point", "coordinates": [-5.3560242, 35.5742672]}, "properties": {"timestamp": "2020-11-14 02:00:23", "individual": "Jana A4W89 (eobs 7025)"}}, {"type": "Feature", "geometry": {"type": "Point", "coordinates": [-5.3585633, 35.5580323]}, "properties": {"timestamp": "2020-11-15 02:00:23", "individual": "Jana A4W89 (eobs 7025)"}}, {"type": "Feature", "geometry": {"type": "Point", "coordinates": [-5.3638672, 35.5683863]}, "properties": {"timestamp": "2020-11-16 02:00:23", "individual": "Jana A4W89 (eobs 7025)"}}, {"type": "Feature", "geometry": {"type": "Point", "coordinates": [-5.3585877, 35.5580308]}, "properties": {"timestamp": "2020-11-17 02:00:23", "individual": "Jana A4W89 (eobs 7025)"}}, {"type": "Feature", "geometry": {"type": "Point", "coordinates": [-5.3539504, 35.5667185]}, "properties": {"timestamp": "2020-11-18 02:00:23", "individual": "Jana A4W89 (eobs 7025)"}}, {"type": "Feature", "geometry": {"type": "Point", "coordinates": [-5.3590857, 35.5586057]}, "properties": {"timestamp": "2020-11-19 02:00:23", "individual": "Jana A4W89 (eobs 7025)"}}, {"type": "Feature", "geometry": {"type": "Point", "coordinates": [-5.2860753, 35.6068454]}, "properties": {"timestamp": "2020-11-20 02:00:23", "individual": "Jana A4W89 (eobs 7025)"}}, {"type": "Feature", "geometry": {"type": "Point", "coordinates": [-5.2860942, 35.6069067]}, "properties": {"timestamp": "2020-11-21 02:00:23", "individual": "Jana A4W89 (eobs 7025)"}}, {"type": "Feature", "geometry": {"type": "Point", "coordinates": [-5.286054, 35.6072008]}, "properties": {"timestamp": "2020-11-22 02:00:23", "individual": "Jana A4W89 (eobs 7025)"}}, {"type": "Feature", "geometry": {"type": "Point", "coordinates": [-5.3653902, 35.5644294]}, "properties": {"timestamp": "2020-11-23 02:00:53", "individual": "Jana A4W89 (eobs 7025)"}}, {"type": "Feature", "geometry": {"type": "Point", "coordinates": [-5.3536909, 35.566556]}, "properties": {"timestamp": "2020-11-24 02:00:23", "individual": "Jana A4W89 (eobs 7025)"}}, {"type": "Feature", "geometry": {"type": "Point", "coordinates": [-5.359004, 35.5587323]}, "properties": {"timestamp": "2020-11-25 02:00:23", "individual": "Jana A4W89 (eobs 7025)"}}, {"type": "Feature", "geometry": {"type": "Point", "coordinates": [-5.3586473, 35.5582332]}, "properties": {"timestamp": "2020-11-26 02:00:41", "individual": "Jana A4W89 (eobs 7025)"}}, {"type": "Feature", "geometry": {"type": "Point", "coordinates": [-5.3516681, 35.5691394]}, "properties": {"timestamp": "2020-11-27 02:00:38", "individual": "Jana A4W89 (eobs 7025)"}}, {"type": "Feature", "geometry": {"type": "Point", "coordinates": [-5.3588168, 35.5584322]}, "properties": {"timestamp": "2020-11-28 02:00:23", "individual": "Jana A4W89 (eobs 7025)"}}, {"type": "Feature", "geometry": {"type": "Point", "coordinates": [-5.359011, 35.5585697]}, "properties": {"timestamp": "2020-11-29 02:00:23", "individual": "Jana A4W89 (eobs 7025)"}}, {"type": "Feature", "geometry": {"type": "Point", "coordinates": [-5.3536411, 35.5666692]}, "properties": {"timestamp": "2020-11-30 02:00:23", "individual": "Jana A4W89 (eobs 7025)"}}, {"type": "Feature", "geometry": {"type": "Point", "coordinates": [-5.3590365, 35.5586211]}, "properties": {"timestamp": "2020-12-01 02:00:23", "individual": "Jana A4W89 (eobs 7025)"}}, {"type": "Feature", "geometry": {"type": "Point", "coordinates": [-5.3585862, 35.5579737]}, "properties": {"timestamp": "2020-12-02 02:00:23", "individual": "Jana A4W89 (eobs 7025)"}}, {"type": "Feature", "geometry": {"type": "Point", "coordinates": [-5.4015703, 35.5626114]}, "properties": {"timestamp": "2020-12-03 02:00:39", "individual": "Jana A4W89 (eobs 7025)"}}, {"type": "Feature", "geometry": {"type": "Point", "coordinates": [-5.8034829, 35.4703307]}, "properties": {"timestamp": "2020-12-04 02:00:23", "individual": "Jana A4W89 (eobs 7025)"}}, {"type": "Feature", "geometry": {"type": "Point", "coordinates": [-5.8029848, 35.4700812]}, "properties": {"timestamp": "2020-12-05 02:00:23", "individual": "Jana A4W89 (eobs 7025)"}}, {"type": "Feature", "geometry": {"type": "Point", "coordinates": [-5.8045868, 35.4701923]}, "properties": {"timestamp": "2020-12-06 02:00:23", "individual": "Jana A4W89 (eobs 7025)"}}, {"type": "Feature", "geometry": {"type": "Point", "coordinates": [-5.7945976, 35.7604099]}, "properties": {"timestamp": "2020-12-07 02:15:53", "individual": "Jana A4W89 (eobs 7025)"}}, {"type": "Feature", "geometry": {"type": "Point", "coordinates": [-5.806245, 35.766794]}, "properties": {"timestamp": "2020-12-08 02:00:41", "individual": "Jana A4W89 (eobs 7025)"}}, {"type": "Feature", "geometry": {"type": "Point", "coordinates": [7.8122915, 48.079163]}, "properties": {"timestamp": "2019-08-07 08:30:14", "individual": "Jonathan + / DER A8M97 (e-obs 7212)"}}, {"type": "Feature", "geometry": {"type": "Point", "coordinates": [7.8123054, 48.0792035]}, "properties": {"timestamp": "2019-08-08 02:15:41", "individual": "Jonathan + / DER A8M97 (e-obs 7212)"}}, {"type": "Feature", "geometry": {"type": "Point", "coordinates": [7.8121504, 48.0792383]}, "properties": {"timestamp": "2019-08-09 02:15:53", "individual": "Jonathan + / DER A8M97 (e-obs 7212)"}}, {"type": "Feature", "geometry": {"type": "Point", "coordinates": [7.8121362, 48.0792095]}, "properties": {"timestamp": "2019-08-10 02:15:41", "individual": "Jonathan + / DER A8M97 (e-obs 7212)"}}, {"type": "Feature", "geometry": {"type": "Point", "coordinates": [7.812076, 48.079238]}, "properties": {"timestamp": "2019-08-11 02:15:53", "individual": "Jonathan + / DER A8M97 (e-obs 7212)"}}, {"type": "Feature", "geometry": {"type": "Point", "coordinates": [7.8123495, 48.0791082]}, "properties": {"timestamp": "2019-08-12 02:16:41", "individual": "Jonathan + / DER A8M97 (e-obs 7212)"}}, {"type": "Feature", "geometry": {"type": "Point", "coordinates": [7.8121971, 48.0791509]}, "properties": {"timestamp": "2019-08-13 02:15:53", "individual": "Jonathan + / DER A8M97 (e-obs 7212)"}}, {"type": "Feature", "geometry": {"type": "Point", "coordinates": [7.812125, 48.0791737]}, "properties": {"timestamp": "2019-08-14 02:15:47", "individual": "Jonathan + / DER A8M97 (e-obs 7212)"}}, {"type": "Feature", "geometry": {"type": "Point", "coordinates": [7.8125198, 48.0791998]}, "properties": {"timestamp": "2019-08-15 02:15:41", "individual": "Jonathan + / DER A8M97 (e-obs 7212)"}}, {"type": "Feature", "geometry": {"type": "Point", "coordinates": [7.81226, 48.0791124]}, "properties": {"timestamp": "2019-08-16 02:17:23", "individual": "Jonathan + / DER A8M97 (e-obs 7212)"}}, {"type": "Feature", "geometry": {"type": "Point", "coordinates": [7.8121605, 48.0791759]}, "properties": {"timestamp": "2019-08-17 02:15:53", "individual": "Jonathan + / DER A8M97 (e-obs 7212)"}}, {"type": "Feature", "geometry": {"type": "Point", "coordinates": [7.8122149, 48.0791673]}, "properties": {"timestamp": "2019-08-18 02:16:23", "individual": "Jonathan + / DER A8M97 (e-obs 7212)"}}, {"type": "Feature", "geometry": {"type": "Point", "coordinates": [7.8120172, 48.0791738]}, "properties": {"timestamp": "2019-08-19 02:15:44", "individual": "Jonathan + / DER A8M97 (e-obs 7212)"}}, {"type": "Feature", "geometry": {"type": "Point", "coordinates": [7.8121184, 48.0791742]}, "properties": {"timestamp": "2019-08-20 02:16:23", "individual": "Jonathan + / DER A8M97 (e-obs 7212)"}}, {"type": "Feature", "geometry": {"type": "Point", "coordinates": [7.8122539, 48.0791887]}, "properties": {"timestamp": "2019-08-21 02:46:30", "individual": "Jonathan + / DER A8M97 (e-obs 7212)"}}, {"type": "Feature", "geometry": {"type": "Point", "coordinates": [7.8121289, 48.0791842]}, "properties": {"timestamp": "2019-08-22 02:15:53", "individual": "Jonathan + / DER A8M97 (e-obs 7212)"}}, {"type": "Feature", "geometry": {"type": "Point", "coordinates": [7.8121144, 48.0792084]}, "properties": {"timestamp": "2019-08-23 02:16:17", "individual": "Jonathan + / DER A8M97 (e-obs 7212)"}}, {"type": "Feature", "geometry": {"type": "Point", "coordinates": [7.8120868, 48.0792337]}, "properties": {"timestamp": "2019-08-24 02:16:23", "individual": "Jonathan + / DER A8M97 (e-obs 7212)"}}, {"type": "Feature", "geometry": {"type": "Point", "coordinates": [7.8121199, 48.0791716]}, "properties": {"timestamp": "2019-08-25 02:15:47", "individual": "Jonathan + / DER A8M97 (e-obs 7212)"}}, {"type": "Feature", "geometry": {"type": "Point", "coordinates": [7.767907, 48.0727143]}, "properties": {"timestamp": "2019-08-26 02:16:23", "individual": "Jonathan + / DER A8M97 (e-obs 7212)"}}, {"type": "Feature", "geometry": {"type": "Point", "coordinates": [7.7292053, 48.0507267]}, "properties": {"timestamp": "2019-08-27 03:30:47", "individual": "Jonathan + / DER A8M97 (e-obs 7212)"}}, {"type": "Feature", "geometry": {"type": "Point", "coordinates": [7.6845229, 48.0509645]}, "properties": {"timestamp": "2019-08-28 04:16:21", "individual": "Jonathan + / DER A8M97 (e-obs 7212)"}}, {"type": "Feature", "geometry": {"type": "Point", "coordinates": [6.1214105, 47.2412032]}, "properties": {"timestamp": "2019-08-29 02:15:53", "individual": "Jonathan + / DER A8M97 (e-obs 7212)"}}, {"type": "Feature", "geometry": {"type": "Point", "coordinates": [5.0609902, 45.9533491]}, "properties": {"timestamp": "2019-08-30 02:15:23", "individual": "Jonathan + / DER A8M97 (e-obs 7212)"}}, {"type": "Feature", "geometry": {"type": "Point", "coordinates": [5.1012601, 45.9705602]}, "properties": {"timestamp": "2019-08-31 02:15:23", "individual": "Jonathan + / DER A8M97 (e-obs 7212)"}}, {"type": "Feature", "geometry": {"type": "Point", "coordinates": [4.9513191, 45.9833008]}, "properties": {"timestamp": "2019-09-01 02:15:23", "individual": "Jonathan + / DER A8M97 (e-obs 7212)"}}, {"type": "Feature", "geometry": {"type": "Point", "coordinates": [4.4555912, 43.7209276]}, "properties": {"timestamp": "2019-09-02 02:15:41", "individual": "Jonathan + / DER A8M97 (e-obs 7212)"}}, {"type": "Feature", "geometry": {"type": "Point", "coordinates": [3.0420181, 43.0157977]}, "properties": {"timestamp": "2019-09-03 02:15:47", "individual": "Jonathan + / DER A8M97 (e-obs 7212)"}}, {"type": "Feature", "geometry": {"type": "Point", "coordinates": [1.8433837, 41.7703217]}, "properties": {"timestamp": "2019-09-04 02:15:23", "individual": "Jonathan + / DER A8M97 (e-obs 7212)"}}, {"type": "Feature", "geometry": {"type": "Point", "coordinates": [7.8122185, 48.0791925]}, "properties": {"timestamp": "2020-08-10 08:47:23", "individual": "Lena + AU855 (eobs 8026)"}}, {"type": "Feature", "geometry": {"type": "Point", "coordinates": [7.8122934, 48.0790925]}, "properties": {"timestamp": "2020-08-11 02:00:41", "individual": "Lena + AU855 (eobs 8026)"}}, {"type": "Feature", "geometry": {"type": "Point", "coordinates": [7.8121521, 48.0792358]}, "properties": {"timestamp": "2020-08-12 02:00:41", "individual": "Lena + AU855 (eobs 8026)"}}, {"type": "Feature", "geometry": {"type": "Point", "coordinates": [7.8121566, 48.0793315]}, "properties": {"timestamp": "2020-08-13 02:00:47", "individual": "Lena + AU855 (eobs 8026)"}}, {"type": "Feature", "geometry": {"type": "Point", "coordinates": [7.8120643, 48.0792586]}, "properties": {"timestamp": "2020-08-14 02:00:47", "individual": "Lena + AU855 (eobs 8026)"}}, {"type": "Feature", "geometry": {"type": "Point", "coordinates": [7.8122078, 48.0790981]}, "properties": {"timestamp": "2020-08-15 02:00:41", "individual": "Lena + AU855 (eobs 8026)"}}, {"type": "Feature", "geometry": {"type": "Point", "coordinates": [7.8121949, 48.079264]}, "properties": {"timestamp": "2020-08-16 02:00:23", "individual": "Lena + AU855 (eobs 8026)"}}, {"type": "Feature", "geometry": {"type": "Point", "coordinates": [7.8122765, 48.0790905]}, "properties": {"timestamp": "2020-08-17 02:00:23", "individual": "Lena + AU855 (eobs 8026)"}}, {"type": "Feature", "geometry": {"type": "Point", "coordinates": [7.8121803, 48.0792863]}, "properties": {"timestamp": "2020-08-18 02:00:23", "individual": "Lena + AU855 (eobs 8026)"}}, {"type": "Feature", "geometry": {"type": "Point", "coordinates": [7.8121706, 48.0791957]}, "properties": {"timestamp": "2020-08-19 02:00:23", "individual": "Lena + AU855 (eobs 8026)"}}, {"type": "Feature", "geometry": {"type": "Point", "coordinates": [7.8122149, 48.0791788]}, "properties": {"timestamp": "2020-08-20 02:00:23", "individual": "Lena + AU855 (eobs 8026)"}}, {"type": "Feature", "geometry": {"type": "Point", "coordinates": [7.8121917, 48.0792323]}, "properties": {"timestamp": "2020-08-21 02:00:23", "individual": "Lena + AU855 (eobs 8026)"}}, {"type": "Feature", "geometry": {"type": "Point", "coordinates": [7.812218, 48.0791808]}, "properties": {"timestamp": "2020-08-22 02:00:23", "individual": "Lena + AU855 (eobs 8026)"}}, {"type": "Feature", "geometry": {"type": "Point", "coordinates": [7.8121487, 48.0792197]}, "properties": {"timestamp": "2020-08-23 02:00:23", "individual": "Lena + AU855 (eobs 8026)"}}, {"type": "Feature", "geometry": {"type": "Point", "coordinates": [7.8121, 48.0791978]}, "properties": {"timestamp": "2020-08-24 02:00:23", "individual": "Lena + AU855 (eobs 8026)"}}, {"type": "Feature", "geometry": {"type": "Point", "coordinates": [7.8122523, 48.0793066]}, "properties": {"timestamp": "2020-08-25 02:00:23", "individual": "Lena + AU855 (eobs 8026)"}}, {"type": "Feature", "geometry": {"type": "Point", "coordinates": [7.1034856, 47.6177187]}, "properties": {"timestamp": "2020-08-26 02:00:23", "individual": "Lena + AU855 (eobs 8026)"}}, {"type": "Feature", "geometry": {"type": "Point", "coordinates": [7.1034887, 47.6177308]}, "properties": {"timestamp": "2020-08-27 02:00:23", "individual": "Lena + AU855 (eobs 8026)"}}, {"type": "Feature", "geometry": {"type": "Point", "coordinates": [5.3798866, 46.9509749]}, "properties": {"timestamp": "2020-08-28 02:00:23", "individual": "Lena + AU855 (eobs 8026)"}}, {"type": "Feature", "geometry": {"type": "Point", "coordinates": [5.3800168, 46.9509577]}, "properties": {"timestamp": "2020-08-29 02:00:23", "individual": "Lena + AU855 (eobs 8026)"}}, {"type": "Feature", "geometry": {"type": "Point", "coordinates": [4.8668831, 44.8363909]}, "properties": {"timestamp": "2020-08-30 02:00:23", "individual": "Lena + AU855 (eobs 8026)"}}, {"type": "Feature", "geometry": {"type": "Point", "coordinates": [3.2110078, 43.2491705]}, "properties": {"timestamp": "2020-08-31 02:00:23", "individual": "Lena + AU855 (eobs 8026)"}}, {"type": "Feature", "geometry": {"type": "Point", "coordinates": [1.8598522, 41.7061236]}, "properties": {"timestamp": "2020-09-01 02:00:23", "individual": "Lena + AU855 (eobs 8026)"}}, {"type": "Feature", "geometry": {"type": "Point", "coordinates": [7.8124911, 48.0791705]}, "properties": {"timestamp": "2019-08-07 08:25:23", "individual": "Magdalena / DER A7N56 (e-obs 7044)"}}, {"type": "Feature", "geometry": {"type": "Point", "coordinates": [7.8121323, 48.0792075]}, "properties": {"timestamp": "2019-08-08 02:15:10", "individual": "Magdalena / DER A7N56 (e-obs 7044)"}}, {"type": "Feature", "geometry": {"type": "Point", "coordinates": [7.8121383, 48.0792561]}, "properties": {"timestamp": "2019-08-09 02:00:41", "individual": "Magdalena / DER A7N56 (e-obs 7044)"}}, {"type": "Feature", "geometry": {"type": "Point", "coordinates": [7.8120503, 48.0792459]}, "properties": {"timestamp": "2019-08-10 02:00:53", "individual": "Magdalena / DER A7N56 (e-obs 7044)"}}, {"type": "Feature", "geometry": {"type": "Point", "coordinates": [7.8121369, 48.0792289]}, "properties": {"timestamp": "2019-08-11 02:00:41", "individual": "Magdalena / DER A7N56 (e-obs 7044)"}}, {"type": "Feature", "geometry": {"type": "Point", "coordinates": [7.8117958, 48.0796995]}, "properties": {"timestamp": "2019-08-12 02:00:23", "individual": "Magdalena / DER A7N56 (e-obs 7044)"}}, {"type": "Feature", "geometry": {"type": "Point", "coordinates": [7.8121255, 48.0792037]}, "properties": {"timestamp": "2019-08-13 02:00:23", "individual": "Magdalena / DER A7N56 (e-obs 7044)"}}, {"type": "Feature", "geometry": {"type": "Point", "coordinates": [7.8117, 48.0797549]}, "properties": {"timestamp": "2019-08-14 02:00:23", "individual": "Magdalena / DER A7N56 (e-obs 7044)"}}, {"type": "Feature", "geometry": {"type": "Point", "coordinates": [7.8121247, 48.0791577]}, "properties": {"timestamp": "2019-08-15 02:00:23", "individual": "Magdalena / DER A7N56 (e-obs 7044)"}}, {"type": "Feature", "geometry": {"type": "Point", "coordinates": [7.8116294, 48.0795765]}, "properties": {"timestamp": "2019-08-16 02:00:23", "individual": "Magdalena / DER A7N56 (e-obs 7044)"}}, {"type": "Feature", "geometry": {"type": "Point", "coordinates": [7.7833082, 48.0457296]}, "properties": {"timestamp": "2019-08-17 02:00:23", "individual": "Magdalena / DER A7N56 (e-obs 7044)"}}, {"type": "Feature", "geometry": {"type": "Point", "coordinates": [7.8125525, 48.0792805]}, "properties": {"timestamp": "2019-08-18 02:00:23", "individual": "Magdalena / DER A7N56 (e-obs 7044)"}}, {"type": "Feature", "geometry": {"type": "Point", "coordinates": [7.7832431, 48.0561208]}, "properties": {"timestamp": "2019-08-19 02:00:23", "individual": "Magdalena / DER A7N56 (e-obs 7044)"}}, {"type": "Feature", "geometry": {"type": "Point", "coordinates": [7.8121029, 48.0791522]}, "properties": {"timestamp": "2019-08-20 02:00:23", "individual": "Magdalena / DER A7N56 (e-obs 7044)"}}, {"type": "Feature", "geometry": {"type": "Point", "coordinates": [7.8120178, 48.0792288]}, "properties": {"timestamp": "2019-08-21 02:00:23", "individual": "Magdalena / DER A7N56 (e-obs 7044)"}}, {"type": "Feature", "geometry": {"type": "Point", "coordinates": [7.8121018, 48.0791453]}, "properties": {"timestamp": "2019-08-22 02:00:23", "individual": "Magdalena / DER A7N56 (e-obs 7044)"}}, {"type": "Feature", "geometry": {"type": "Point", "coordinates": [7.8469328, 48.0662506]}, "properties": {"timestamp": "2019-08-23 02:00:23", "individual": "Magdalena / DER A7N56 (e-obs 7044)"}}, {"type": "Feature", "geometry": {"type": "Point", "coordinates": [7.5826337, 47.5470662]}, "properties": {"timestamp": "2019-08-24 02:00:23", "individual": "Magdalena / DER A7N56 (e-obs 7044)"}}, {"type": "Feature", "geometry": {"type": "Point", "coordinates": [7.2974721, 47.5112328]}, "properties": {"timestamp": "2019-08-25 02:00:23", "individual": "Magdalena / DER A7N56 (e-obs 7044)"}}, {"type": "Feature", "geometry": {"type": "Point", "coordinates": [7.297509, 47.5113258]}, "properties": {"timestamp": "2019-08-26 02:00:23", "individual": "Magdalena / DER A7N56 (e-obs 7044)"}}, {"type": "Feature", "geometry": {"type": "Point", "coordinates": [5.4881386, 46.7447386]}, "properties": {"timestamp": "2019-08-27 02:00:23", "individual": "Magdalena / DER A7N56 (e-obs 7044)"}}, {"type": "Feature", "geometry": {"type": "Point", "coordinates": [5.3275601, 46.5454461]}, "properties": {"timestamp": "2019-08-28 02:00:23", "individual": "Magdalena / DER A7N56 (e-obs 7044)"}}, {"type": "Feature", "geometry": {"type": "Point", "coordinates": [4.87458, 45.0091107]}, "properties": {"timestamp": "2019-08-29 02:00:23", "individual": "Magdalena / DER A7N56 (e-obs 7044)"}}, {"type": "Feature", "geometry": {"type": "Point", "coordinates": [3.595334, 43.4946821]}, "properties": {"timestamp": "2019-08-30 02:00:23", "individual": "Magdalena / DER A7N56 (e-obs 7044)"}}, {"type": "Feature", "geometry": {"type": "Point", "coordinates": [1.8364609, 41.7462168]}, "properties": {"timestamp": "2019-08-31 02:00:23", "individual": "Magdalena / DER A7N56 (e-obs 7044)"}}, {"type": "Feature", "geometry": {"type": "Point", "coordinates": [-0.5161676, 41.4533052]}, "properties": {"timestamp": "2019-09-01 02:00:23", "individual": "Magdalena / DER A7N56 (e-obs 7044)"}}, {"type": "Feature", "geometry": {"type": "Point", "coordinates": [-0.4689848, 41.4213441]}, "properties": {"timestamp": "2019-09-02 02:00:23", "individual": "Magdalena / DER A7N56 (e-obs 7044)"}}, {"type": "Feature", "geometry": {"type": "Point", "coordinates": [-2.1965141, 40.0153929]}, "properties": {"timestamp": "2019-09-03 02:00:23", "individual": "Magdalena / DER A7N56 (e-obs 7044)"}}, {"type": "Feature", "geometry": {"type": "Point", "coordinates": [-3.6566999, 38.8558774]}, "properties": {"timestamp": "2019-09-04 02:00:23", "individual": "Magdalena / DER A7N56 (e-obs 7044)"}}, {"type": "Feature", "geometry": {"type": "Point", "coordinates": [-3.6564203, 38.8594243]}, "properties": {"timestamp": "2019-09-05 02:00:23", "individual": "Magdalena / DER A7N56 (e-obs 7044)"}}, {"type": "Feature", "geometry": {"type": "Point", "coordinates": [-3.657136, 38.856105]}, "properties": {"timestamp": "2019-09-06 02:00:23", "individual": "Magdalena / DER A7N56 (e-obs 7044)"}}, {"type": "Feature", "geometry": {"type": "Point", "coordinates": [-3.656352, 38.8559484]}, "properties": {"timestamp": "2019-09-07 02:00:23", "individual": "Magdalena / DER A7N56 (e-obs 7044)"}}, {"type": "Feature", "geometry": {"type": "Point", "coordinates": [-3.6498896, 38.8892879]}, "properties": {"timestamp": "2019-09-08 02:00:23", "individual": "Magdalena / DER A7N56 (e-obs 7044)"}}, {"type": "Feature", "geometry": {"type": "Point", "coordinates": [-3.6576393, 38.8573414]}, "properties": {"timestamp": "2019-09-09 02:00:23", "individual": "Magdalena / DER A7N56 (e-obs 7044)"}}, {"type": "Feature", "geometry": {"type": "Point", "coordinates": [-3.6500487, 38.889822]}, "properties": {"timestamp": "2019-09-10 02:00:23", "individual": "Magdalena / DER A7N56 (e-obs 7044)"}}, {"type": "Feature", "geometry": {"type": "Point", "coordinates": [-3.656394, 38.8594597]}, "properties": {"timestamp": "2019-09-11 02:00:23", "individual": "Magdalena / DER A7N56 (e-obs 7044)"}}, {"type": "Feature", "geometry": {"type": "Point", "coordinates": [-3.6563868, 38.8595969]}, "properties": {"timestamp": "2019-09-12 02:00:23", "individual": "Magdalena / DER A7N56 (e-obs 7044)"}}, {"type": "Feature", "geometry": {"type": "Point", "coordinates": [-3.6563362, 38.8596051]}, "properties": {"timestamp": "2019-09-13 02:00:23", "individual": "Magdalena / DER A7N56 (e-obs 7044)"}}, {"type": "Feature", "geometry": {"type": "Point", "coordinates": [-3.6567409, 38.8561614]}, "properties": {"timestamp": "2019-09-14 02:00:23", "individual": "Magdalena / DER A7N56 (e-obs 7044)"}}, {"type": "Feature", "geometry": {"type": "Point", "coordinates": [-3.6564352, 38.8595026]}, "properties": {"timestamp": "2019-09-15 02:00:23", "individual": "Magdalena / DER A7N56 (e-obs 7044)"}}, {"type": "Feature", "geometry": {"type": "Point", "coordinates": [-3.6569589, 38.8562368]}, "properties": {"timestamp": "2019-09-16 02:00:23", "individual": "Magdalena / DER A7N56 (e-obs 7044)"}}, {"type": "Feature", "geometry": {"type": "Point", "coordinates": [-3.6565836, 38.8559518]}, "properties": {"timestamp": "2019-09-17 02:00:23", "individual": "Magdalena / DER A7N56 (e-obs 7044)"}}, {"type": "Feature", "geometry": {"type": "Point", "coordinates": [-3.6566737, 38.8558551]}, "properties": {"timestamp": "2019-09-18 02:00:23", "individual": "Magdalena / DER A7N56 (e-obs 7044)"}}, {"type": "Feature", "geometry": {"type": "Point", "coordinates": [-3.6570615, 38.8560188]}, "properties": {"timestamp": "2019-09-19 02:00:23", "individual": "Magdalena / DER A7N56 (e-obs 7044)"}}, {"type": "Feature", "geometry": {"type": "Point", "coordinates": [-4.7481134, 37.8144266]}, "properties": {"timestamp": "2019-09-20 02:00:23", "individual": "Magdalena / DER A7N56 (e-obs 7044)"}}, {"type": "Feature", "geometry": {"type": "Point", "coordinates": [-4.7482191, 37.8143533]}, "properties": {"timestamp": "2019-09-21 02:00:23", "individual": "Magdalena / DER A7N56 (e-obs 7044)"}}, {"type": "Feature", "geometry": {"type": "Point", "coordinates": [-4.7483498, 37.8136008]}, "properties": {"timestamp": "2019-09-22 02:00:23", "individual": "Magdalena / DER A7N56 (e-obs 7044)"}}, {"type": "Feature", "geometry": {"type": "Point", "coordinates": [-4.7477087, 37.8137032]}, "properties": {"timestamp": "2019-09-23 02:00:23", "individual": "Magdalena / DER A7N56 (e-obs 7044)"}}, {"type": "Feature", "geometry": {"type": "Point", "coordinates": [-6.2697377, 36.9817927]}, "properties": {"timestamp": "2019-09-24 02:00:23", "individual": "Magdalena / DER A7N56 (e-obs 7044)"}}, {"type": "Feature", "geometry": {"type": "Point", "coordinates": [-5.8636098, 37.2028594]}, "properties": {"timestamp": "2019-09-25 02:00:41", "individual": "Magdalena / DER A7N56 (e-obs 7044)"}}, {"type": "Feature", "geometry": {"type": "Point", "coordinates": [-6.0567869, 37.1933837]}, "properties": {"timestamp": "2019-09-26 02:00:23", "individual": "Magdalena / DER A7N56 (e-obs 7044)"}}, {"type": "Feature", "geometry": {"type": "Point", "coordinates": [-5.8719238, 37.2335746]}, "properties": {"timestamp": "2019-09-27 02:00:23", "individual": "Magdalena / DER A7N56 (e-obs 7044)"}}, {"type": "Feature", "geometry": {"type": "Point", "coordinates": [-6.080085, 37.1754708]}, "properties": {"timestamp": "2019-09-28 02:00:23", "individual": "Magdalena / DER A7N56 (e-obs 7044)"}}, {"type": "Feature", "geometry": {"type": "Point", "coordinates": [-6.0791048, 37.1750961]}, "properties": {"timestamp": "2019-09-29 02:00:23", "individual": "Magdalena / DER A7N56 (e-obs 7044)"}}, {"type": "Feature", "geometry": {"type": "Point", "coordinates": [-5.9472006, 37.0739703]}, "properties": {"timestamp": "2019-09-30 02:00:23", "individual": "Magdalena / DER A7N56 (e-obs 7044)"}}, {"type": "Feature", "geometry": {"type": "Point", "coordinates": [-5.9021265, 37.1508877]}, "properties": {"timestamp": "2019-10-01 02:00:23", "individual": "Magdalena / DER A7N56 (e-obs 7044)"}}, {"type": "Feature", "geometry": {"type": "Point", "coordinates": [-6.0816058, 37.1740466]}, "properties": {"timestamp": "2019-10-02 02:00:23", "individual": "Magdalena / DER A7N56 (e-obs 7044)"}}, {"type": "Feature", "geometry": {"type": "Point", "coordinates": [-6.0784614, 37.1775147]}, "properties": {"timestamp": "2019-10-03 02:00:23", "individual": "Magdalena / DER A7N56 (e-obs 7044)"}}, {"type": "Feature", "geometry": {"type": "Point", "coordinates": [-6.0787501, 37.1710418]}, "properties": {"timestamp": "2019-10-04 02:00:23", "individual": "Magdalena / DER A7N56 (e-obs 7044)"}}, {"type": "Feature", "geometry": {"type": "Point", "coordinates": [-5.9019305, 37.150724]}, "properties": {"timestamp": "2019-10-05 02:00:23", "individual": "Magdalena / DER A7N56 (e-obs 7044)"}}, {"type": "Feature", "geometry": {"type": "Point", "coordinates": [-5.8601156, 37.1810043]}, "properties": {"timestamp": "2019-10-06 02:00:23", "individual": "Magdalena / DER A7N56 (e-obs 7044)"}}, {"type": "Feature", "geometry": {"type": "Point", "coordinates": [-6.0228131, 37.1709544]}, "properties": {"timestamp": "2019-10-07 02:00:23", "individual": "Magdalena / DER A7N56 (e-obs 7044)"}}, {"type": "Feature", "geometry": {"type": "Point", "coordinates": [-6.0256691, 37.1704991]}, "properties": {"timestamp": "2019-10-08 02:00:23", "individual": "Magdalena / DER A7N56 (e-obs 7044)"}}, {"type": "Feature", "geometry": {"type": "Point", "coordinates": [-6.0265446, 37.1689626]}, "properties": {"timestamp": "2019-10-09 02:00:23", "individual": "Magdalena / DER A7N56 (e-obs 7044)"}}, {"type": "Feature", "geometry": {"type": "Point", "coordinates": [-6.0511188, 37.1784134]}, "properties": {"timestamp": "2019-10-10 02:00:23", "individual": "Magdalena / DER A7N56 (e-obs 7044)"}}, {"type": "Feature", "geometry": {"type": "Point", "coordinates": [-6.0468756, 37.1838114]}, "properties": {"timestamp": "2019-10-11 02:00:23", "individual": "Magdalena / DER A7N56 (e-obs 7044)"}}, {"type": "Feature", "geometry": {"type": "Point", "coordinates": [-6.044401, 37.1839608]}, "properties": {"timestamp": "2019-10-12 02:00:23", "individual": "Magdalena / DER A7N56 (e-obs 7044)"}}, {"type": "Feature", "geometry": {"type": "Point", "coordinates": [-5.9681989, 37.1700147]}, "properties": {"timestamp": "2019-10-13 02:00:23", "individual": "Magdalena / DER A7N56 (e-obs 7044)"}}, {"type": "Feature", "geometry": {"type": "Point", "coordinates": [-5.9695123, 37.1710168]}, "properties": {"timestamp": "2019-10-14 02:00:23", "individual": "Magdalena / DER A7N56 (e-obs 7044)"}}, {"type": "Feature", "geometry": {"type": "Point", "coordinates": [-5.9691583, 37.1691312]}, "properties": {"timestamp": "2019-10-15 02:00:23", "individual": "Magdalena / DER A7N56 (e-obs 7044)"}}, {"type": "Feature", "geometry": {"type": "Point", "coordinates": [-5.9690643, 37.169204]}, "properties": {"timestamp": "2019-10-16 02:00:23", "individual": "Magdalena / DER A7N56 (e-obs 7044)"}}, {"type": "Feature", "geometry": {"type": "Point", "coordinates": [-6.1416141, 37.0553149]}, "properties": {"timestamp": "2019-10-17 02:00:23", "individual": "Magdalena / DER A7N56 (e-obs 7044)"}}, {"type": "Feature", "geometry": {"type": "Point", "coordinates": [-5.9695716, 37.1696959]}, "properties": {"timestamp": "2019-10-18 02:00:23", "individual": "Magdalena / DER A7N56 (e-obs 7044)"}}, {"type": "Feature", "geometry": {"type": "Point", "coordinates": [-5.9665016, 37.1694868]}, "properties": {"timestamp": "2019-10-19 02:00:23", "individual": "Magdalena / DER A7N56 (e-obs 7044)"}}, {"type": "Feature", "geometry": {"type": "Point", "coordinates": [-6.0517684, 37.1796721]}, "properties": {"timestamp": "2019-10-20 02:00:23", "individual": "Magdalena / DER A7N56 (e-obs 7044)"}}, {"type": "Feature", "geometry": {"type": "Point", "coordinates": [-6.0794986, 37.1711797]}, "properties": {"timestamp": "2019-10-21 05:32:19", "individual": "Magdalena / DER A7N56 (e-obs 7044)"}}, {"type": "Feature", "geometry": {"type": "Point", "coordinates": [-6.0602959, 37.139372]}, "properties": {"timestamp": "2019-10-22 02:00:23", "individual": "Magdalena / DER A7N56 (e-obs 7044)"}}, {"type": "Feature", "geometry": {"type": "Point", "coordinates": [-5.962579, 37.1624764]}, "properties": {"timestamp": "2019-10-23 02:00:23", "individual": "Magdalena / DER A7N56 (e-obs 7044)"}}, {"type": "Feature", "geometry": {"type": "Point", "coordinates": [-6.0519717, 37.1810548]}, "properties": {"timestamp": "2019-10-24 02:00:39", "individual": "Magdalena / DER A7N56 (e-obs 7044)"}}, {"type": "Feature", "geometry": {"type": "Point", "coordinates": [-6.0422771, 37.2052413]}, "properties": {"timestamp": "2019-10-25 02:00:23", "individual": "Magdalena / DER A7N56 (e-obs 7044)"}}, {"type": "Feature", "geometry": {"type": "Point", "coordinates": [-6.0477197, 37.1828315]}, "properties": {"timestamp": "2019-10-26 02:00:23", "individual": "Magdalena / DER A7N56 (e-obs 7044)"}}, {"type": "Feature", "geometry": {"type": "Point", "coordinates": [-6.0460095, 37.178007]}, "properties": {"timestamp": "2019-10-27 02:00:23", "individual": "Magdalena / DER A7N56 (e-obs 7044)"}}, {"type": "Feature", "geometry": {"type": "Point", "coordinates": [-6.0440875, 37.2059005]}, "properties": {"timestamp": "2019-10-28 02:00:23", "individual": "Magdalena / DER A7N56 (e-obs 7044)"}}, {"type": "Feature", "geometry": {"type": "Point", "coordinates": [-6.0406264, 37.2001425]}, "properties": {"timestamp": "2019-10-29 02:00:23", "individual": "Magdalena / DER A7N56 (e-obs 7044)"}}, {"type": "Feature", "geometry": {"type": "Point", "coordinates": [-5.8808711, 37.2311046]}, "properties": {"timestamp": "2019-10-30 02:00:23", "individual": "Magdalena / DER A7N56 (e-obs 7044)"}}, {"type": "Feature", "geometry": {"type": "Point", "coordinates": [-5.9702725, 37.1705888]}, "properties": {"timestamp": "2019-10-31 02:00:23", "individual": "Magdalena / DER A7N56 (e-obs 7044)"}}, {"type": "Feature", "geometry": {"type": "Point", "coordinates": [-5.880664, 37.2322288]}, "properties": {"timestamp": "2019-11-01 02:00:23", "individual": "Magdalena / DER A7N56 (e-obs 7044)"}}, {"type": "Feature", "geometry": {"type": "Point", "coordinates": [-5.8810572, 37.232249]}, "properties": {"timestamp": "2019-11-02 02:00:23", "individual": "Magdalena / DER A7N56 (e-obs 7044)"}}, {"type": "Feature", "geometry": {"type": "Point", "coordinates": [-5.9567177, 37.1605068]}, "properties": {"timestamp": "2019-11-03 02:00:23", "individual": "Magdalena / DER A7N56 (e-obs 7044)"}}, {"type": "Feature", "geometry": {"type": "Point", "coordinates": [-5.9625645, 37.1605016]}, "properties": {"timestamp": "2019-11-04 02:00:23", "individual": "Magdalena / DER A7N56 (e-obs 7044)"}}, {"type": "Feature", "geometry": {"type": "Point", "coordinates": [-5.9593323, 37.1628486]}, "properties": {"timestamp": "2019-11-05 02:00:23", "individual": "Magdalena / DER A7N56 (e-obs 7044)"}}, {"type": "Feature", "geometry": {"type": "Point", "coordinates": [-5.9577192, 37.1641917]}, "properties": {"timestamp": "2019-11-06 02:00:23", "individual": "Magdalena / DER A7N56 (e-obs 7044)"}}, {"type": "Feature", "geometry": {"type": "Point", "coordinates": [-5.9642906, 37.169241]}, "properties": {"timestamp": "2019-11-07 02:00:23", "individual": "Magdalena / DER A7N56 (e-obs 7044)"}}, {"type": "Feature", "geometry": {"type": "Point", "coordinates": [-5.9537304, 37.1668709]}, "properties": {"timestamp": "2019-11-08 02:00:23", "individual": "Magdalena / DER A7N56 (e-obs 7044)"}}, {"type": "Feature", "geometry": {"type": "Point", "coordinates": [-5.9583573, 37.1685015]}, "properties": {"timestamp": "2019-11-09 02:00:23", "individual": "Magdalena / DER A7N56 (e-obs 7044)"}}, {"type": "Feature", "geometry": {"type": "Point", "coordinates": [-5.9712758, 37.1699611]}, "properties": {"timestamp": "2019-11-10 02:00:23", "individual": "Magdalena / DER A7N56 (e-obs 7044)"}}, {"type": "Feature", "geometry": {"type": "Point", "coordinates": [-5.9733566, 37.1741609]}, "properties": {"timestamp": "2019-11-11 02:00:23", "individual": "Magdalena / DER A7N56 (e-obs 7044)"}}, {"type": "Feature", "geometry": {"type": "Point", "coordinates": [-5.9674821, 37.1654941]}, "properties": {"timestamp": "2019-11-12 02:00:23", "individual": "Magdalena / DER A7N56 (e-obs 7044)"}}, {"type": "Feature", "geometry": {"type": "Point", "coordinates": [-5.9545915, 37.1677001]}, "properties": {"timestamp": "2019-11-13 02:00:23", "individual": "Magdalena / DER A7N56 (e-obs 7044)"}}, {"type": "Feature", "geometry": {"type": "Point", "coordinates": [-5.9698941, 37.1635395]}, "properties": {"timestamp": "2019-11-14 02:00:23", "individual": "Magdalena / DER A7N56 (e-obs 7044)"}}, {"type": "Feature", "geometry": {"type": "Point", "coordinates": [-5.9724767, 37.1640812]}, "properties": {"timestamp": "2019-11-15 02:00:23", "individual": "Magdalena / DER A7N56 (e-obs 7044)"}}, {"type": "Feature", "geometry": {"type": "Point", "coordinates": [-5.9649577, 37.1663405]}, "properties": {"timestamp": "2019-11-16 02:00:23", "individual": "Magdalena / DER A7N56 (e-obs 7044)"}}, {"type": "Feature", "geometry": {"type": "Point", "coordinates": [-5.9653787, 37.1613804]}, "properties": {"timestamp": "2019-11-17 02:00:23", "individual": "Magdalena / DER A7N56 (e-obs 7044)"}}, {"type": "Feature", "geometry": {"type": "Point", "coordinates": [-5.9688669, 37.1644388]}, "properties": {"timestamp": "2019-11-18 02:00:23", "individual": "Magdalena / DER A7N56 (e-obs 7044)"}}, {"type": "Feature", "geometry": {"type": "Point", "coordinates": [-5.9670772, 37.1665834]}, "properties": {"timestamp": "2019-11-19 02:00:23", "individual": "Magdalena / DER A7N56 (e-obs 7044)"}}, {"type": "Feature", "geometry": {"type": "Point", "coordinates": [-5.9743793, 37.1591156]}, "properties": {"timestamp": "2019-11-20 02:00:23", "individual": "Magdalena / DER A7N56 (e-obs 7044)"}}, {"type": "Feature", "geometry": {"type": "Point", "coordinates": [-5.9552309, 37.1684881]}, "properties": {"timestamp": "2019-11-21 02:00:23", "individual": "Magdalena / DER A7N56 (e-obs 7044)"}}, {"type": "Feature", "geometry": {"type": "Point", "coordinates": [-5.9761297, 37.1675229]}, "properties": {"timestamp": "2019-11-22 02:00:23", "individual": "Magdalena / DER A7N56 (e-obs 7044)"}}, {"type": "Feature", "geometry": {"type": "Point", "coordinates": [-5.9706494, 37.1641388]}, "properties": {"timestamp": "2019-11-23 02:00:23", "individual": "Magdalena / DER A7N56 (e-obs 7044)"}}, {"type": "Feature", "geometry": {"type": "Point", "coordinates": [-5.9536057, 37.1673711]}, "properties": {"timestamp": "2019-11-24 02:00:23", "individual": "Magdalena / DER A7N56 (e-obs 7044)"}}, {"type": "Feature", "geometry": {"type": "Point", "coordinates": [-5.9710057, 37.1639579]}, "properties": {"timestamp": "2019-11-25 02:00:23", "individual": "Magdalena / DER A7N56 (e-obs 7044)"}}, {"type": "Feature", "geometry": {"type": "Point", "coordinates": [-5.8869466, 37.2216727]}, "properties": {"timestamp": "2019-11-26 02:00:23", "individual": "Magdalena / DER A7N56 (e-obs 7044)"}}, {"type": "Feature", "geometry": {"type": "Point", "coordinates": [-5.8870544, 37.221647]}, "properties": {"timestamp": "2019-11-27 02:00:23", "individual": "Magdalena / DER A7N56 (e-obs 7044)"}}, {"type": "Feature", "geometry": {"type": "Point", "coordinates": [-5.8868616, 37.2216612]}, "properties": {"timestamp": "2019-11-28 02:00:23", "individual": "Magdalena / DER A7N56 (e-obs 7044)"}}, {"type": "Feature", "geometry": {"type": "Point", "coordinates": [-5.8870502, 37.2215316]}, "properties": {"timestamp": "2019-11-29 02:00:23", "individual": "Magdalena / DER A7N56 (e-obs 7044)"}}, {"type": "Feature", "geometry": {"type": "Point", "coordinates": [-5.9544234, 37.1641061]}, "properties": {"timestamp": "2019-11-30 02:00:39", "individual": "Magdalena / DER A7N56 (e-obs 7044)"}}, {"type": "Feature", "geometry": {"type": "Point", "coordinates": [-5.9535171, 37.1630395]}, "properties": {"timestamp": "2019-12-01 02:00:23", "individual": "Magdalena / DER A7N56 (e-obs 7044)"}}, {"type": "Feature", "geometry": {"type": "Point", "coordinates": [-5.9539239, 37.1636391]}, "properties": {"timestamp": "2019-12-02 02:00:23", "individual": "Magdalena / DER A7N56 (e-obs 7044)"}}, {"type": "Feature", "geometry": {"type": "Point", "coordinates": [-5.8878799, 37.2209141]}, "properties": {"timestamp": "2019-12-03 02:00:23", "individual": "Magdalena / DER A7N56 (e-obs 7044)"}}, {"type": "Feature", "geometry": {"type": "Point", "coordinates": [-5.8870477, 37.2214324]}, "properties": {"timestamp": "2019-12-04 02:00:23", "individual": "Magdalena / DER A7N56 (e-obs 7044)"}}, {"type": "Feature", "geometry": {"type": "Point", "coordinates": [-5.8879141, 37.2208773]}, "properties": {"timestamp": "2019-12-05 02:00:23", "individual": "Magdalena / DER A7N56 (e-obs 7044)"}}, {"type": "Feature", "geometry": {"type": "Point", "coordinates": [-5.8879553, 37.2206625]}, "properties": {"timestamp": "2019-12-06 02:00:23", "individual": "Magdalena / DER A7N56 (e-obs 7044)"}}, {"type": "Feature", "geometry": {"type": "Point", "coordinates": [-5.8870992, 37.2216058]}, "properties": {"timestamp": "2019-12-07 02:00:23", "individual": "Magdalena / DER A7N56 (e-obs 7044)"}}, {"type": "Feature", "geometry": {"type": "Point", "coordinates": [-5.8878364, 37.220774]}, "properties": {"timestamp": "2019-12-08 02:00:23", "individual": "Magdalena / DER A7N56 (e-obs 7044)"}}, {"type": "Feature", "geometry": {"type": "Point", "coordinates": [-5.8803651, 37.2232351]}, "properties": {"timestamp": "2019-12-09 02:00:39", "individual": "Magdalena / DER A7N56 (e-obs 7044)"}}, {"type": "Feature", "geometry": {"type": "Point", "coordinates": [-5.8870983, 37.2215978]}, "properties": {"timestamp": "2019-12-10 02:00:23", "individual": "Magdalena / DER A7N56 (e-obs 7044)"}}, {"type": "Feature", "geometry": {"type": "Point", "coordinates": [-5.9553153, 37.1616254]}, "properties": {"timestamp": "2019-12-11 02:00:23", "individual": "Magdalena / DER A7N56 (e-obs 7044)"}}, {"type": "Feature", "geometry": {"type": "Point", "coordinates": [-5.8878101, 37.2208728]}, "properties": {"timestamp": "2019-12-12 02:00:23", "individual": "Magdalena / DER A7N56 (e-obs 7044)"}}, {"type": "Feature", "geometry": {"type": "Point", "coordinates": [-5.887988, 37.2208947]}, "properties": {"timestamp": "2019-12-13 02:00:23", "individual": "Magdalena / DER A7N56 (e-obs 7044)"}}, {"type": "Feature", "geometry": {"type": "Point", "coordinates": [-5.8879559, 37.2208624]}, "properties": {"timestamp": "2019-12-14 02:00:23", "individual": "Magdalena / DER A7N56 (e-obs 7044)"}}, {"type": "Feature", "geometry": {"type": "Point", "coordinates": [-5.8417053, 37.2378166]}, "properties": {"timestamp": "2019-12-15 02:00:23", "individual": "Magdalena / DER A7N56 (e-obs 7044)"}}, {"type": "Feature", "geometry": {"type": "Point", "coordinates": [-5.8408333, 37.2433563]}, "properties": {"timestamp": "2019-12-16 02:00:23", "individual": "Magdalena / DER A7N56 (e-obs 7044)"}}, {"type": "Feature", "geometry": {"type": "Point", "coordinates": [-5.9545001, 37.1693745]}, "properties": {"timestamp": "2019-12-17 02:00:23", "individual": "Magdalena / DER A7N56 (e-obs 7044)"}}, {"type": "Feature", "geometry": {"type": "Point", "coordinates": [-5.8797458, 37.231863]}, "properties": {"timestamp": "2019-12-18 02:00:23", "individual": "Magdalena / DER A7N56 (e-obs 7044)"}}, {"type": "Feature", "geometry": {"type": "Point", "coordinates": [-5.8407574, 37.2433398]}, "properties": {"timestamp": "2019-12-19 02:00:23", "individual": "Magdalena / DER A7N56 (e-obs 7044)"}}, {"type": "Feature", "geometry": {"type": "Point", "coordinates": [-5.8926327, 37.2019867]}, "properties": {"timestamp": "2019-12-20 02:00:23", "individual": "Magdalena / DER A7N56 (e-obs 7044)"}}, {"type": "Feature", "geometry": {"type": "Point", "coordinates": [-5.918448, 37.1839214]}, "properties": {"timestamp": "2019-12-21 02:00:23", "individual": "Magdalena / DER A7N56 (e-obs 7044)"}}, {"type": "Feature", "geometry": {"type": "Point", "coordinates": [-5.8805183, 37.2225427]}, "properties": {"timestamp": "2019-12-22 02:00:23", "individual": "Magdalena / DER A7N56 (e-obs 7044)"}}, {"type": "Feature", "geometry": {"type": "Point", "coordinates": [-5.8869083, 37.2217215]}, "properties": {"timestamp": "2019-12-23 02:00:23", "individual": "Magdalena / DER A7N56 (e-obs 7044)"}}, {"type": "Feature", "geometry": {"type": "Point", "coordinates": [-5.8871243, 37.221717]}, "properties": {"timestamp": "2019-12-24 02:00:23", "individual": "Magdalena / DER A7N56 (e-obs 7044)"}}, {"type": "Feature", "geometry": {"type": "Point", "coordinates": [-5.8806548, 37.2291816]}, "properties": {"timestamp": "2019-12-25 02:00:23", "individual": "Magdalena / DER A7N56 (e-obs 7044)"}}, {"type": "Feature", "geometry": {"type": "Point", "coordinates": [-5.9626066, 37.1597096]}, "properties": {"timestamp": "2019-12-26 02:00:41", "individual": "Magdalena / DER A7N56 (e-obs 7044)"}}, {"type": "Feature", "geometry": {"type": "Point", "coordinates": [-5.8784131, 37.2211953]}, "properties": {"timestamp": "2019-12-27 02:00:23", "individual": "Magdalena / DER A7N56 (e-obs 7044)"}}, {"type": "Feature", "geometry": {"type": "Point", "coordinates": [-5.8780616, 37.2213156]}, "properties": {"timestamp": "2019-12-28 02:00:23", "individual": "Magdalena / DER A7N56 (e-obs 7044)"}}, {"type": "Feature", "geometry": {"type": "Point", "coordinates": [-5.8408945, 37.243294]}, "properties": {"timestamp": "2019-12-29 02:00:23", "individual": "Magdalena / DER A7N56 (e-obs 7044)"}}, {"type": "Feature", "geometry": {"type": "Point", "coordinates": [-5.8408724, 37.2433474]}, "properties": {"timestamp": "2019-12-30 02:00:23", "individual": "Magdalena / DER A7N56 (e-obs 7044)"}}, {"type": "Feature", "geometry": {"type": "Point", "coordinates": [-5.8780456, 37.2212919]}, "properties": {"timestamp": "2019-12-31 02:00:23", "individual": "Magdalena / DER A7N56 (e-obs 7044)"}}, {"type": "Feature", "geometry": {"type": "Point", "coordinates": [-5.8409022, 37.2433478]}, "properties": {"timestamp": "2020-01-01 02:00:23", "individual": "Magdalena / DER A7N56 (e-obs 7044)"}}, {"type": "Feature", "geometry": {"type": "Point", "coordinates": [-5.8407982, 37.2433597]}, "properties": {"timestamp": "2020-01-02 02:00:23", "individual": "Magdalena / DER A7N56 (e-obs 7044)"}}, {"type": "Feature", "geometry": {"type": "Point", "coordinates": [-5.8879461, 37.2208728]}, "properties": {"timestamp": "2020-01-03 02:00:23", "individual": "Magdalena / DER A7N56 (e-obs 7044)"}}, {"type": "Feature", "geometry": {"type": "Point", "coordinates": [-5.8408785, 37.2433889]}, "properties": {"timestamp": "2020-01-04 02:00:23", "individual": "Magdalena / DER A7N56 (e-obs 7044)"}}, {"type": "Feature", "geometry": {"type": "Point", "coordinates": [-5.9566456, 37.1669487]}, "properties": {"timestamp": "2020-01-05 02:00:23", "individual": "Magdalena / DER A7N56 (e-obs 7044)"}}, {"type": "Feature", "geometry": {"type": "Point", "coordinates": [-5.963506, 37.163715]}, "properties": {"timestamp": "2020-01-06 02:00:23", "individual": "Magdalena / DER A7N56 (e-obs 7044)"}}, {"type": "Feature", "geometry": {"type": "Point", "coordinates": [-5.8864422, 37.2220324]}, "properties": {"timestamp": "2020-01-07 02:00:23", "individual": "Magdalena / DER A7N56 (e-obs 7044)"}}, {"type": "Feature", "geometry": {"type": "Point", "coordinates": [-5.8819126, 37.2302412]}, "properties": {"timestamp": "2020-01-08 02:00:23", "individual": "Magdalena / DER A7N56 (e-obs 7044)"}}, {"type": "Feature", "geometry": {"type": "Point", "coordinates": [-5.8808695, 37.229193]}, "properties": {"timestamp": "2020-01-09 02:00:23", "individual": "Magdalena / DER A7N56 (e-obs 7044)"}}, {"type": "Feature", "geometry": {"type": "Point", "coordinates": [-5.840843, 37.2435032]}, "properties": {"timestamp": "2020-01-10 02:00:23", "individual": "Magdalena / DER A7N56 (e-obs 7044)"}}, {"type": "Feature", "geometry": {"type": "Point", "coordinates": [-5.977501, 37.1756011]}, "properties": {"timestamp": "2020-01-11 02:00:23", "individual": "Magdalena / DER A7N56 (e-obs 7044)"}}, {"type": "Feature", "geometry": {"type": "Point", "coordinates": [-5.8408624, 37.2433191]}, "properties": {"timestamp": "2020-01-12 02:00:23", "individual": "Magdalena / DER A7N56 (e-obs 7044)"}}, {"type": "Feature", "geometry": {"type": "Point", "coordinates": [-5.9757118, 37.1676575]}, "properties": {"timestamp": "2020-01-13 02:00:23", "individual": "Magdalena / DER A7N56 (e-obs 7044)"}}, {"type": "Feature", "geometry": {"type": "Point", "coordinates": [-5.840818, 37.2433754]}, "properties": {"timestamp": "2020-01-14 02:00:23", "individual": "Magdalena / DER A7N56 (e-obs 7044)"}}, {"type": "Feature", "geometry": {"type": "Point", "coordinates": [-5.8879681, 37.2206732]}, "properties": {"timestamp": "2020-01-15 02:00:23", "individual": "Magdalena / DER A7N56 (e-obs 7044)"}}, {"type": "Feature", "geometry": {"type": "Point", "coordinates": [-5.8877857, 37.2207721]}, "properties": {"timestamp": "2020-01-16 02:00:23", "individual": "Magdalena / DER A7N56 (e-obs 7044)"}}, {"type": "Feature", "geometry": {"type": "Point", "coordinates": [-5.8879269, 37.220625]}, "properties": {"timestamp": "2020-01-17 02:00:23", "individual": "Magdalena / DER A7N56 (e-obs 7044)"}}, {"type": "Feature", "geometry": {"type": "Point", "coordinates": [-5.8408416, 37.2433168]}, "properties": {"timestamp": "2020-01-18 02:00:23", "individual": "Magdalena / DER A7N56 (e-obs 7044)"}}, {"type": "Feature", "geometry": {"type": "Point", "coordinates": [-5.8882793, 37.2209871]}, "properties": {"timestamp": "2020-01-19 02:00:23", "individual": "Magdalena / DER A7N56 (e-obs 7044)"}}, {"type": "Feature", "geometry": {"type": "Point", "coordinates": [-6.0042617, 37.1612102]}, "properties": {"timestamp": "2020-01-20 02:00:23", "individual": "Magdalena / DER A7N56 (e-obs 7044)"}}, {"type": "Feature", "geometry": {"type": "Point", "coordinates": [-6.0024183, 37.1677748]}, "properties": {"timestamp": "2020-01-21 02:00:23", "individual": "Magdalena / DER A7N56 (e-obs 7044)"}}, {"type": "Feature", "geometry": {"type": "Point", "coordinates": [-5.981245, 37.1728074]}, "properties": {"timestamp": "2020-01-22 02:00:23", "individual": "Magdalena / DER A7N56 (e-obs 7044)"}}, {"type": "Feature", "geometry": {"type": "Point", "coordinates": [-5.982729, 37.1746078]}, "properties": {"timestamp": "2020-01-23 02:00:23", "individual": "Magdalena / DER A7N56 (e-obs 7044)"}}, {"type": "Feature", "geometry": {"type": "Point", "coordinates": [-5.9808502, 37.176074]}, "properties": {"timestamp": "2020-01-24 02:00:23", "individual": "Magdalena / DER A7N56 (e-obs 7044)"}}, {"type": "Feature", "geometry": {"type": "Point", "coordinates": [-5.9982609, 37.1740909]}, "properties": {"timestamp": "2020-01-25 02:00:23", "individual": "Magdalena / DER A7N56 (e-obs 7044)"}}, {"type": "Feature", "geometry": {"type": "Point", "coordinates": [-5.9912972, 37.1713568]}, "properties": {"timestamp": "2020-01-26 02:00:23", "individual": "Magdalena / DER A7N56 (e-obs 7044)"}}, {"type": "Feature", "geometry": {"type": "Point", "coordinates": [-5.887096, 37.2215083]}, "properties": {"timestamp": "2020-01-27 02:00:23", "individual": "Magdalena / DER A7N56 (e-obs 7044)"}}, {"type": "Feature", "geometry": {"type": "Point", "coordinates": [-5.9553642, 37.1675455]}, "properties": {"timestamp": "2020-01-28 02:00:23", "individual": "Magdalena / DER A7N56 (e-obs 7044)"}}, {"type": "Feature", "geometry": {"type": "Point", "coordinates": [-5.887853, 37.2207922]}, "properties": {"timestamp": "2020-01-29 02:00:23", "individual": "Magdalena / DER A7N56 (e-obs 7044)"}}, {"type": "Feature", "geometry": {"type": "Point", "coordinates": [-5.8880121, 37.2207619]}, "properties": {"timestamp": "2020-01-30 02:00:23", "individual": "Magdalena / DER A7N56 (e-obs 7044)"}}, {"type": "Feature", "geometry": {"type": "Point", "coordinates": [-5.8777791, 37.2215385]}, "properties": {"timestamp": "2020-01-31 02:00:23", "individual": "Magdalena / DER A7N56 (e-obs 7044)"}}, {"type": "Feature", "geometry": {"type": "Point", "coordinates": [-5.8408407, 37.2433425]}, "properties": {"timestamp": "2020-02-01 02:00:23", "individual": "Magdalena / DER A7N56 (e-obs 7044)"}}, {"type": "Feature", "geometry": {"type": "Point", "coordinates": [-5.8408383, 37.243415]}, "properties": {"timestamp": "2020-02-02 02:00:23", "individual": "Magdalena / DER A7N56 (e-obs 7044)"}}, {"type": "Feature", "geometry": {"type": "Point", "coordinates": [-5.8408138, 37.2433597]}, "properties": {"timestamp": "2020-02-03 02:00:23", "individual": "Magdalena / DER A7N56 (e-obs 7044)"}}, {"type": "Feature", "geometry": {"type": "Point", "coordinates": [-5.9531881, 37.1656817]}, "properties": {"timestamp": "2020-02-04 02:00:23", "individual": "Magdalena / DER A7N56 (e-obs 7044)"}}, {"type": "Feature", "geometry": {"type": "Point", "coordinates": [-5.8408199, 37.2433711]}, "properties": {"timestamp": "2020-02-05 02:00:23", "individual": "Magdalena / DER A7N56 (e-obs 7044)"}}, {"type": "Feature", "geometry": {"type": "Point", "coordinates": [-5.8408181, 37.2433724]}, "properties": {"timestamp": "2020-02-06 02:00:23", "individual": "Magdalena / DER A7N56 (e-obs 7044)"}}, {"type": "Feature", "geometry": {"type": "Point", "coordinates": [-5.8818676, 37.2301202]}, "properties": {"timestamp": "2020-02-07 02:00:23", "individual": "Magdalena / DER A7N56 (e-obs 7044)"}}, {"type": "Feature", "geometry": {"type": "Point", "coordinates": [-5.8850813, 37.2228486]}, "properties": {"timestamp": "2020-02-08 02:00:23", "individual": "Magdalena / DER A7N56 (e-obs 7044)"}}, {"type": "Feature", "geometry": {"type": "Point", "coordinates": [-5.8851447, 37.2229662]}, "properties": {"timestamp": "2020-02-09 02:00:23", "individual": "Magdalena / DER A7N56 (e-obs 7044)"}}, {"type": "Feature", "geometry": {"type": "Point", "coordinates": [-5.8869699, 37.2217079]}, "properties": {"timestamp": "2020-02-10 02:00:23", "individual": "Magdalena / DER A7N56 (e-obs 7044)"}}, {"type": "Feature", "geometry": {"type": "Point", "coordinates": [-5.8848774, 37.2227232]}, "properties": {"timestamp": "2020-02-11 02:00:23", "individual": "Magdalena / DER A7N56 (e-obs 7044)"}}, {"type": "Feature", "geometry": {"type": "Point", "coordinates": [-5.8849575, 37.2228403]}, "properties": {"timestamp": "2020-02-12 02:00:23", "individual": "Magdalena / DER A7N56 (e-obs 7044)"}}, {"type": "Feature", "geometry": {"type": "Point", "coordinates": [-5.8877272, 37.2208055]}, "properties": {"timestamp": "2020-02-13 02:00:23", "individual": "Magdalena / DER A7N56 (e-obs 7044)"}}, {"type": "Feature", "geometry": {"type": "Point", "coordinates": [-5.9679678, 37.1629203]}, "properties": {"timestamp": "2020-02-14 02:00:23", "individual": "Magdalena / DER A7N56 (e-obs 7044)"}}, {"type": "Feature", "geometry": {"type": "Point", "coordinates": [-5.8878862, 37.2207108]}, "properties": {"timestamp": "2020-02-15 02:00:23", "individual": "Magdalena / DER A7N56 (e-obs 7044)"}}, {"type": "Feature", "geometry": {"type": "Point", "coordinates": [-5.8870329, 37.2213531]}, "properties": {"timestamp": "2020-02-16 02:00:23", "individual": "Magdalena / DER A7N56 (e-obs 7044)"}}, {"type": "Feature", "geometry": {"type": "Point", "coordinates": [-5.8877191, 37.2207981]}, "properties": {"timestamp": "2020-02-17 02:00:23", "individual": "Magdalena / DER A7N56 (e-obs 7044)"}}, {"type": "Feature", "geometry": {"type": "Point", "coordinates": [-5.8879097, 37.2206634]}, "properties": {"timestamp": "2020-02-18 02:00:23", "individual": "Magdalena / DER A7N56 (e-obs 7044)"}}, {"type": "Feature", "geometry": {"type": "Point", "coordinates": [-5.8878622, 37.2208188]}, "properties": {"timestamp": "2020-02-19 02:00:23", "individual": "Magdalena / DER A7N56 (e-obs 7044)"}}, {"type": "Feature", "geometry": {"type": "Point", "coordinates": [-6.0563847, 37.114509]}, "properties": {"timestamp": "2020-02-20 02:00:23", "individual": "Magdalena / DER A7N56 (e-obs 7044)"}}, {"type": "Feature", "geometry": {"type": "Point", "coordinates": [-5.8877077, 37.2208254]}, "properties": {"timestamp": "2020-02-21 02:00:23", "individual": "Magdalena / DER A7N56 (e-obs 7044)"}}, {"type": "Feature", "geometry": {"type": "Point", "coordinates": [-5.8877996, 37.220755]}, "properties": {"timestamp": "2020-02-22 02:00:23", "individual": "Magdalena / DER A7N56 (e-obs 7044)"}}, {"type": "Feature", "geometry": {"type": "Point", "coordinates": [-5.8878466, 37.2207651]}, "properties": {"timestamp": "2020-02-23 02:00:23", "individual": "Magdalena / DER A7N56 (e-obs 7044)"}}, {"type": "Feature", "geometry": {"type": "Point", "coordinates": [-5.8879554, 37.2207036]}, "properties": {"timestamp": "2020-02-24 02:00:23", "individual": "Magdalena / DER A7N56 (e-obs 7044)"}}, {"type": "Feature", "geometry": {"type": "Point", "coordinates": [-5.8879156, 37.2206805]}, "properties": {"timestamp": "2020-02-25 02:00:23", "individual": "Magdalena / DER A7N56 (e-obs 7044)"}}, {"type": "Feature", "geometry": {"type": "Point", "coordinates": [-5.887851, 37.2206915]}, "properties": {"timestamp": "2020-02-26 02:00:23", "individual": "Magdalena / DER A7N56 (e-obs 7044)"}}, {"type": "Feature", "geometry": {"type": "Point", "coordinates": [-5.8878988, 37.2206969]}, "properties": {"timestamp": "2020-02-27 02:00:23", "individual": "Magdalena / DER A7N56 (e-obs 7044)"}}, {"type": "Feature", "geometry": {"type": "Point", "coordinates": [-5.8878679, 37.2206853]}, "properties": {"timestamp": "2020-02-28 02:00:23", "individual": "Magdalena / DER A7N56 (e-obs 7044)"}}, {"type": "Feature", "geometry": {"type": "Point", "coordinates": [-5.8878143, 37.2206939]}, "properties": {"timestamp": "2020-02-29 02:00:23", "individual": "Magdalena / DER A7N56 (e-obs 7044)"}}, {"type": "Feature", "geometry": {"type": "Point", "coordinates": [-5.8879035, 37.2207179]}, "properties": {"timestamp": "2020-03-01 02:00:23", "individual": "Magdalena / DER A7N56 (e-obs 7044)"}}, {"type": "Feature", "geometry": {"type": "Point", "coordinates": [-5.8872546, 37.2214535]}, "properties": {"timestamp": "2020-03-02 02:00:23", "individual": "Magdalena / DER A7N56 (e-obs 7044)"}}, {"type": "Feature", "geometry": {"type": "Point", "coordinates": [-5.8800779, 37.2320224]}, "properties": {"timestamp": "2020-03-03 02:00:23", "individual": "Magdalena / DER A7N56 (e-obs 7044)"}}, {"type": "Feature", "geometry": {"type": "Point", "coordinates": [-5.8808972, 37.2305616]}, "properties": {"timestamp": "2020-03-04 02:00:23", "individual": "Magdalena / DER A7N56 (e-obs 7044)"}}, {"type": "Feature", "geometry": {"type": "Point", "coordinates": [-5.8878973, 37.2206419]}, "properties": {"timestamp": "2020-03-05 02:00:23", "individual": "Magdalena / DER A7N56 (e-obs 7044)"}}, {"type": "Feature", "geometry": {"type": "Point", "coordinates": [-5.8807764, 37.2322768]}, "properties": {"timestamp": "2020-03-06 02:00:23", "individual": "Magdalena / DER A7N56 (e-obs 7044)"}}, {"type": "Feature", "geometry": {"type": "Point", "coordinates": [-5.8800018, 37.2319298]}, "properties": {"timestamp": "2020-03-07 02:00:23", "individual": "Magdalena / DER A7N56 (e-obs 7044)"}}, {"type": "Feature", "geometry": {"type": "Point", "coordinates": [-5.8806647, 37.2306621]}, "properties": {"timestamp": "2020-03-08 02:00:23", "individual": "Magdalena / DER A7N56 (e-obs 7044)"}}, {"type": "Feature", "geometry": {"type": "Point", "coordinates": [-5.8806543, 37.2313884]}, "properties": {"timestamp": "2020-03-09 02:00:23", "individual": "Magdalena / DER A7N56 (e-obs 7044)"}}, {"type": "Feature", "geometry": {"type": "Point", "coordinates": [-5.8813963, 37.2323755]}, "properties": {"timestamp": "2020-03-10 02:00:23", "individual": "Magdalena / DER A7N56 (e-obs 7044)"}}, {"type": "Feature", "geometry": {"type": "Point", "coordinates": [-5.8813173, 37.2308307]}, "properties": {"timestamp": "2020-03-11 02:00:23", "individual": "Magdalena / DER A7N56 (e-obs 7044)"}}, {"type": "Feature", "geometry": {"type": "Point", "coordinates": [-5.8811526, 37.230875]}, "properties": {"timestamp": "2020-03-12 02:00:23", "individual": "Magdalena / DER A7N56 (e-obs 7044)"}}, {"type": "Feature", "geometry": {"type": "Point", "coordinates": [-5.8810234, 37.230941]}, "properties": {"timestamp": "2020-03-13 02:00:23", "individual": "Magdalena / DER A7N56 (e-obs 7044)"}}, {"type": "Feature", "geometry": {"type": "Point", "coordinates": [-5.8808493, 37.2304278]}, "properties": {"timestamp": "2020-03-14 02:00:23", "individual": "Magdalena / DER A7N56 (e-obs 7044)"}}, {"type": "Feature", "geometry": {"type": "Point", "coordinates": [-5.8878121, 37.2207255]}, "properties": {"timestamp": "2020-03-15 02:00:23", "individual": "Magdalena / DER A7N56 (e-obs 7044)"}}, {"type": "Feature", "geometry": {"type": "Point", "coordinates": [-6.027144, 37.1179121]}, "properties": {"timestamp": "2020-03-16 02:00:23", "individual": "Magdalena / DER A7N56 (e-obs 7044)"}}, {"type": "Feature", "geometry": {"type": "Point", "coordinates": [-6.0264936, 37.123302]}, "properties": {"timestamp": "2020-03-17 02:00:23", "individual": "Magdalena / DER A7N56 (e-obs 7044)"}}, {"type": "Feature", "geometry": {"type": "Point", "coordinates": [-6.0262478, 37.1226983]}, "properties": {"timestamp": "2020-03-18 02:00:23", "individual": "Magdalena / DER A7N56 (e-obs 7044)"}}, {"type": "Feature", "geometry": {"type": "Point", "coordinates": [-5.8860061, 37.2236852]}, "properties": {"timestamp": "2020-03-19 02:00:23", "individual": "Magdalena / DER A7N56 (e-obs 7044)"}}, {"type": "Feature", "geometry": {"type": "Point", "coordinates": [-6.0295677, 37.126249]}, "properties": {"timestamp": "2020-03-20 02:00:23", "individual": "Magdalena / DER A7N56 (e-obs 7044)"}}, {"type": "Feature", "geometry": {"type": "Point", "coordinates": [-5.8860545, 37.2236765]}, "properties": {"timestamp": "2020-03-21 02:00:23", "individual": "Magdalena / DER A7N56 (e-obs 7044)"}}, {"type": "Feature", "geometry": {"type": "Point", "coordinates": [-5.8860814, 37.223663]}, "properties": {"timestamp": "2020-03-22 02:00:23", "individual": "Magdalena / DER A7N56 (e-obs 7044)"}}, {"type": "Feature", "geometry": {"type": "Point", "coordinates": [-5.8879999, 37.2206113]}, "properties": {"timestamp": "2020-03-23 02:00:23", "individual": "Magdalena / DER A7N56 (e-obs 7044)"}}, {"type": "Feature", "geometry": {"type": "Point", "coordinates": [-5.8841797, 37.2211719]}, "properties": {"timestamp": "2020-03-24 02:00:23", "individual": "Magdalena / DER A7N56 (e-obs 7044)"}}, {"type": "Feature", "geometry": {"type": "Point", "coordinates": [-5.8860382, 37.2236665]}, "properties": {"timestamp": "2020-03-25 02:00:23", "individual": "Magdalena / DER A7N56 (e-obs 7044)"}}, {"type": "Feature", "geometry": {"type": "Point", "coordinates": [-6.0391061, 37.1084198]}, "properties": {"timestamp": "2020-03-26 02:00:23", "individual": "Magdalena / DER A7N56 (e-obs 7044)"}}, {"type": "Feature", "geometry": {"type": "Point", "coordinates": [-6.0410487, 37.1030189]}, "properties": {"timestamp": "2020-03-27 02:00:23", "individual": "Magdalena / DER A7N56 (e-obs 7044)"}}, {"type": "Feature", "geometry": {"type": "Point", "coordinates": [-5.8860598, 37.2238928]}, "properties": {"timestamp": "2020-03-28 02:00:23", "individual": "Magdalena / DER A7N56 (e-obs 7044)"}}, {"type": "Feature", "geometry": {"type": "Point", "coordinates": [-5.8863171, 37.2213458]}, "properties": {"timestamp": "2020-03-29 02:00:23", "individual": "Magdalena / DER A7N56 (e-obs 7044)"}}, {"type": "Feature", "geometry": {"type": "Point", "coordinates": [-5.8860109, 37.2238701]}, "properties": {"timestamp": "2020-03-30 02:00:23", "individual": "Magdalena / DER A7N56 (e-obs 7044)"}}, {"type": "Feature", "geometry": {"type": "Point", "coordinates": [-6.1615891, 37.0327237]}, "properties": {"timestamp": "2020-03-31 02:00:23", "individual": "Magdalena / DER A7N56 (e-obs 7044)"}}, {"type": "Feature", "geometry": {"type": "Point", "coordinates": [-5.886001, 37.2236095]}, "properties": {"timestamp": "2020-04-01 02:00:23", "individual": "Magdalena / DER A7N56 (e-obs 7044)"}}, {"type": "Feature", "geometry": {"type": "Point", "coordinates": [-5.8859923, 37.2236883]}, "properties": {"timestamp": "2020-04-02 02:00:23", "individual": "Magdalena / DER A7N56 (e-obs 7044)"}}, {"type": "Feature", "geometry": {"type": "Point", "coordinates": [-5.8859902, 37.2239007]}, "properties": {"timestamp": "2020-04-03 02:00:23", "individual": "Magdalena / DER A7N56 (e-obs 7044)"}}, {"type": "Feature", "geometry": {"type": "Point", "coordinates": [-6.0403812, 37.1068859]}, "properties": {"timestamp": "2020-04-04 02:00:23", "individual": "Magdalena / DER A7N56 (e-obs 7044)"}}, {"type": "Feature", "geometry": {"type": "Point", "coordinates": [-5.8860335, 37.2239163]}, "properties": {"timestamp": "2020-04-05 02:00:23", "individual": "Magdalena / DER A7N56 (e-obs 7044)"}}, {"type": "Feature", "geometry": {"type": "Point", "coordinates": [-5.8751322, 37.2228296]}, "properties": {"timestamp": "2020-04-06 02:00:23", "individual": "Magdalena / DER A7N56 (e-obs 7044)"}}, {"type": "Feature", "geometry": {"type": "Point", "coordinates": [-5.8860316, 37.2236993]}, "properties": {"timestamp": "2020-04-07 02:00:23", "individual": "Magdalena / DER A7N56 (e-obs 7044)"}}, {"type": "Feature", "geometry": {"type": "Point", "coordinates": [-5.8860324, 37.2239009]}, "properties": {"timestamp": "2020-04-08 02:00:23", "individual": "Magdalena / DER A7N56 (e-obs 7044)"}}, {"type": "Feature", "geometry": {"type": "Point", "coordinates": [-5.8856808, 37.2281384]}, "properties": {"timestamp": "2020-04-09 02:00:23", "individual": "Magdalena / DER A7N56 (e-obs 7044)"}}, {"type": "Feature", "geometry": {"type": "Point", "coordinates": [-5.8860515, 37.2239466]}, "properties": {"timestamp": "2020-04-10 02:00:23", "individual": "Magdalena / DER A7N56 (e-obs 7044)"}}, {"type": "Feature", "geometry": {"type": "Point", "coordinates": [-5.8860245, 37.2239281]}, "properties": {"timestamp": "2020-04-11 02:00:23", "individual": "Magdalena / DER A7N56 (e-obs 7044)"}}, {"type": "Feature", "geometry": {"type": "Point", "coordinates": [-5.885977, 37.2239506]}, "properties": {"timestamp": "2020-04-12 02:00:23", "individual": "Magdalena / DER A7N56 (e-obs 7044)"}}, {"type": "Feature", "geometry": {"type": "Point", "coordinates": [-5.8860916, 37.22424]}, "properties": {"timestamp": "2020-04-13 02:00:23", "individual": "Magdalena / DER A7N56 (e-obs 7044)"}}, {"type": "Feature", "geometry": {"type": "Point", "coordinates": [-5.8840043, 37.2230906]}, "properties": {"timestamp": "2020-04-14 02:00:23", "individual": "Magdalena / DER A7N56 (e-obs 7044)"}}, {"type": "Feature", "geometry": {"type": "Point", "coordinates": [-5.8860772, 37.2239559]}, "properties": {"timestamp": "2020-04-15 02:00:23", "individual": "Magdalena / DER A7N56 (e-obs 7044)"}}, {"type": "Feature", "geometry": {"type": "Point", "coordinates": [-5.8860642, 37.2238638]}, "properties": {"timestamp": "2020-04-16 02:00:23", "individual": "Magdalena / DER A7N56 (e-obs 7044)"}}, {"type": "Feature", "geometry": {"type": "Point", "coordinates": [-5.8860248, 37.2239521]}, "properties": {"timestamp": "2020-04-17 02:00:23", "individual": "Magdalena / DER A7N56 (e-obs 7044)"}}, {"type": "Feature", "geometry": {"type": "Point", "coordinates": [-6.030073, 37.1267228]}, "properties": {"timestamp": "2020-04-18 02:00:23", "individual": "Magdalena / DER A7N56 (e-obs 7044)"}}, {"type": "Feature", "geometry": {"type": "Point", "coordinates": [-6.0393413, 37.1082965]}, "properties": {"timestamp": "2020-04-19 02:00:23", "individual": "Magdalena / DER A7N56 (e-obs 7044)"}}, {"type": "Feature", "geometry": {"type": "Point", "coordinates": [-6.0294244, 37.1262845]}, "properties": {"timestamp": "2020-04-20 02:00:23", "individual": "Magdalena / DER A7N56 (e-obs 7044)"}}, {"type": "Feature", "geometry": {"type": "Point", "coordinates": [-5.8860555, 37.2236855]}, "properties": {"timestamp": "2020-04-21 02:00:23", "individual": "Magdalena / DER A7N56 (e-obs 7044)"}}, {"type": "Feature", "geometry": {"type": "Point", "coordinates": [-6.0389155, 37.1097731]}, "properties": {"timestamp": "2020-04-22 02:00:23", "individual": "Magdalena / DER A7N56 (e-obs 7044)"}}, {"type": "Feature", "geometry": {"type": "Point", "coordinates": [-5.8860759, 37.2239111]}, "properties": {"timestamp": "2020-04-23 02:00:41", "individual": "Magdalena / DER A7N56 (e-obs 7044)"}}, {"type": "Feature", "geometry": {"type": "Point", "coordinates": [-6.041312, 37.1032439]}, "properties": {"timestamp": "2020-04-24 02:00:41", "individual": "Magdalena / DER A7N56 (e-obs 7044)"}}, {"type": "Feature", "geometry": {"type": "Point", "coordinates": [-5.874963, 37.2227781]}, "properties": {"timestamp": "2020-04-25 02:00:23", "individual": "Magdalena / DER A7N56 (e-obs 7044)"}}, {"type": "Feature", "geometry": {"type": "Point", "coordinates": [-5.8860858, 37.2239333]}, "properties": {"timestamp": "2020-04-26 02:00:23", "individual": "Magdalena / DER A7N56 (e-obs 7044)"}}, {"type": "Feature", "geometry": {"type": "Point", "coordinates": [-6.0412035, 37.103052]}, "properties": {"timestamp": "2020-04-27 02:00:23", "individual": "Magdalena / DER A7N56 (e-obs 7044)"}}, {"type": "Feature", "geometry": {"type": "Point", "coordinates": [-6.0412813, 37.103285]}, "properties": {"timestamp": "2020-04-28 02:00:23", "individual": "Magdalena / DER A7N56 (e-obs 7044)"}}, {"type": "Feature", "geometry": {"type": "Point", "coordinates": [-6.0404133, 37.1055169]}, "properties": {"timestamp": "2020-04-29 02:00:23", "individual": "Magdalena / DER A7N56 (e-obs 7044)"}}, {"type": "Feature", "geometry": {"type": "Point", "coordinates": [-3.2633608, 38.9422374]}, "properties": {"timestamp": "2020-04-30 02:00:23", "individual": "Magdalena / DER A7N56 (e-obs 7044)"}}, {"type": "Feature", "geometry": {"type": "Point", "coordinates": [-3.2467348, 39.3981413]}, "properties": {"timestamp": "2020-05-01 02:00:23", "individual": "Magdalena / DER A7N56 (e-obs 7044)"}}, {"type": "Feature", "geometry": {"type": "Point", "coordinates": [-3.5939211, 40.3096469]}, "properties": {"timestamp": "2020-05-02 02:00:23", "individual": "Magdalena / DER A7N56 (e-obs 7044)"}}, {"type": "Feature", "geometry": {"type": "Point", "coordinates": [-3.6200814, 40.2926852]}, "properties": {"timestamp": "2020-05-03 02:00:23", "individual": "Magdalena / DER A7N56 (e-obs 7044)"}}, {"type": "Feature", "geometry": {"type": "Point", "coordinates": [-3.5890719, 40.3086438]}, "properties": {"timestamp": "2020-05-04 02:00:23", "individual": "Magdalena / DER A7N56 (e-obs 7044)"}}, {"type": "Feature", "geometry": {"type": "Point", "coordinates": [-3.589104, 40.3086783]}, "properties": {"timestamp": "2020-05-05 02:00:23", "individual": "Magdalena / DER A7N56 (e-obs 7044)"}}, {"type": "Feature", "geometry": {"type": "Point", "coordinates": [-3.6087667, 40.3119228]}, "properties": {"timestamp": "2020-05-06 02:00:23", "individual": "Magdalena / DER A7N56 (e-obs 7044)"}}, {"type": "Feature", "geometry": {"type": "Point", "coordinates": [-3.5890976, 40.308614]}, "properties": {"timestamp": "2020-05-07 02:00:23", "individual": "Magdalena / DER A7N56 (e-obs 7044)"}}, {"type": "Feature", "geometry": {"type": "Point", "coordinates": [-3.58074, 40.3063262]}, "properties": {"timestamp": "2020-05-08 02:00:23", "individual": "Magdalena / DER A7N56 (e-obs 7044)"}}, {"type": "Feature", "geometry": {"type": "Point", "coordinates": [-3.6227822, 40.2941251]}, "properties": {"timestamp": "2020-05-09 02:00:23", "individual": "Magdalena / DER A7N56 (e-obs 7044)"}}, {"type": "Feature", "geometry": {"type": "Point", "coordinates": [-3.6270984, 40.3132856]}, "properties": {"timestamp": "2020-05-10 02:00:23", "individual": "Magdalena / DER A7N56 (e-obs 7044)"}}, {"type": "Feature", "geometry": {"type": "Point", "coordinates": [-3.6105015, 40.3101133]}, "properties": {"timestamp": "2020-05-11 02:00:23", "individual": "Magdalena / DER A7N56 (e-obs 7044)"}}, {"type": "Feature", "geometry": {"type": "Point", "coordinates": [-3.5933392, 40.3097155]}, "properties": {"timestamp": "2020-05-12 02:00:23", "individual": "Magdalena / DER A7N56 (e-obs 7044)"}}, {"type": "Feature", "geometry": {"type": "Point", "coordinates": [-3.6089399, 40.309804]}, "properties": {"timestamp": "2020-05-13 02:00:23", "individual": "Magdalena / DER A7N56 (e-obs 7044)"}}, {"type": "Feature", "geometry": {"type": "Point", "coordinates": [-3.5935616, 40.3020265]}, "properties": {"timestamp": "2020-05-14 02:00:23", "individual": "Magdalena / DER A7N56 (e-obs 7044)"}}, {"type": "Feature", "geometry": {"type": "Point", "coordinates": [-3.5934131, 40.3018184]}, "properties": {"timestamp": "2020-05-15 02:00:23", "individual": "Magdalena / DER A7N56 (e-obs 7044)"}}, {"type": "Feature", "geometry": {"type": "Point", "coordinates": [-3.5935477, 40.3016166]}, "properties": {"timestamp": "2020-05-16 02:00:23", "individual": "Magdalena / DER A7N56 (e-obs 7044)"}}, {"type": "Feature", "geometry": {"type": "Point", "coordinates": [-3.5932338, 40.301272]}, "properties": {"timestamp": "2020-05-17 02:00:23", "individual": "Magdalena / DER A7N56 (e-obs 7044)"}}, {"type": "Feature", "geometry": {"type": "Point", "coordinates": [-3.5891894, 40.3085742]}, "properties": {"timestamp": "2020-05-18 02:00:23", "individual": "Magdalena / DER A7N56 (e-obs 7044)"}}, {"type": "Feature", "geometry": {"type": "Point", "coordinates": [-3.5892334, 40.3085835]}, "properties": {"timestamp": "2020-05-19 02:00:23", "individual": "Magdalena / DER A7N56 (e-obs 7044)"}}, {"type": "Feature", "geometry": {"type": "Point", "coordinates": [-3.5892423, 40.3085887]}, "properties": {"timestamp": "2020-05-20 02:00:23", "individual": "Magdalena / DER A7N56 (e-obs 7044)"}}, {"type": "Feature", "geometry": {"type": "Point", "coordinates": [-3.6296335, 40.2376416]}, "properties": {"timestamp": "2020-05-21 02:00:23", "individual": "Magdalena / DER A7N56 (e-obs 7044)"}}, {"type": "Feature", "geometry": {"type": "Point", "coordinates": [-3.6105457, 40.3102009]}, "properties": {"timestamp": "2020-05-22 02:00:23", "individual": "Magdalena / DER A7N56 (e-obs 7044)"}}, {"type": "Feature", "geometry": {"type": "Point", "coordinates": [-3.610444, 40.3101558]}, "properties": {"timestamp": "2020-05-23 02:00:23", "individual": "Magdalena / DER A7N56 (e-obs 7044)"}}, {"type": "Feature", "geometry": {"type": "Point", "coordinates": [-3.6103948, 40.3102145]}, "properties": {"timestamp": "2020-05-24 02:00:23", "individual": "Magdalena / DER A7N56 (e-obs 7044)"}}, {"type": "Feature", "geometry": {"type": "Point", "coordinates": [-3.6105315, 40.3101604]}, "properties": {"timestamp": "2020-05-25 02:00:23", "individual": "Magdalena / DER A7N56 (e-obs 7044)"}}, {"type": "Feature", "geometry": {"type": "Point", "coordinates": [-3.6105521, 40.3099911]}, "properties": {"timestamp": "2020-05-26 02:00:23", "individual": "Magdalena / DER A7N56 (e-obs 7044)"}}, {"type": "Feature", "geometry": {"type": "Point", "coordinates": [-3.610495, 40.3100597]}, "properties": {"timestamp": "2020-05-27 02:00:23", "individual": "Magdalena / DER A7N56 (e-obs 7044)"}}, {"type": "Feature", "geometry": {"type": "Point", "coordinates": [-3.6104444, 40.310078]}, "properties": {"timestamp": "2020-05-28 02:00:23", "individual": "Magdalena / DER A7N56 (e-obs 7044)"}}, {"type": "Feature", "geometry": {"type": "Point", "coordinates": [-3.6253388, 40.3152587]}, "properties": {"timestamp": "2020-05-29 02:00:23", "individual": "Magdalena / DER A7N56 (e-obs 7044)"}}, {"type": "Feature", "geometry": {"type": "Point", "coordinates": [-3.6254106, 40.315809]}, "properties": {"timestamp": "2020-05-30 02:00:23", "individual": "Magdalena / DER A7N56 (e-obs 7044)"}}, {"type": "Feature", "geometry": {"type": "Point", "coordinates": [-3.6103909, 40.3101575]}, "properties": {"timestamp": "2020-05-31 02:00:23", "individual": "Magdalena / DER A7N56 (e-obs 7044)"}}, {"type": "Feature", "geometry": {"type": "Point", "coordinates": [-3.6090591, 40.3118549]}, "properties": {"timestamp": "2020-06-01 02:00:23", "individual": "Magdalena / DER A7N56 (e-obs 7044)"}}, {"type": "Feature", "geometry": {"type": "Point", "coordinates": [-3.6090693, 40.3118458]}, "properties": {"timestamp": "2020-06-02 02:00:23", "individual": "Magdalena / DER A7N56 (e-obs 7044)"}}, {"type": "Feature", "geometry": {"type": "Point", "coordinates": [-3.5994775, 40.3091022]}, "properties": {"timestamp": "2020-06-03 02:00:23", "individual": "Magdalena / DER A7N56 (e-obs 7044)"}}, {"type": "Feature", "geometry": {"type": "Point", "coordinates": [-3.6104926, 40.3100475]}, "properties": {"timestamp": "2020-06-04 02:00:23", "individual": "Magdalena / DER A7N56 (e-obs 7044)"}}, {"type": "Feature", "geometry": {"type": "Point", "coordinates": [-3.6105302, 40.3102138]}, "properties": {"timestamp": "2020-06-05 02:00:41", "individual": "Magdalena / DER A7N56 (e-obs 7044)"}}, {"type": "Feature", "geometry": {"type": "Point", "coordinates": [-3.6105888, 40.310184]}, "properties": {"timestamp": "2020-06-06 02:00:41", "individual": "Magdalena / DER A7N56 (e-obs 7044)"}}, {"type": "Feature", "geometry": {"type": "Point", "coordinates": [-3.6106702, 40.3100928]}, "properties": {"timestamp": "2020-06-07 02:00:23", "individual": "Magdalena / DER A7N56 (e-obs 7044)"}}, {"type": "Feature", "geometry": {"type": "Point", "coordinates": [-3.6093891, 40.3101446]}, "properties": {"timestamp": "2020-06-08 02:00:23", "individual": "Magdalena / DER A7N56 (e-obs 7044)"}}, {"type": "Feature", "geometry": {"type": "Point", "coordinates": [-3.6104928, 40.3100727]}, "properties": {"timestamp": "2020-06-09 02:00:23", "individual": "Magdalena / DER A7N56 (e-obs 7044)"}}, {"type": "Feature", "geometry": {"type": "Point", "coordinates": [-3.6104677, 40.3101835]}, "properties": {"timestamp": "2020-06-10 02:00:23", "individual": "Magdalena / DER A7N56 (e-obs 7044)"}}, {"type": "Feature", "geometry": {"type": "Point", "coordinates": [-3.6103985, 40.310083]}, "properties": {"timestamp": "2020-06-11 02:00:23", "individual": "Magdalena / DER A7N56 (e-obs 7044)"}}, {"type": "Feature", "geometry": {"type": "Point", "coordinates": [-3.6106831, 40.3101564]}, "properties": {"timestamp": "2020-06-12 02:00:23", "individual": "Magdalena / DER A7N56 (e-obs 7044)"}}, {"type": "Feature", "geometry": {"type": "Point", "coordinates": [-3.6206454, 40.2942552]}, "properties": {"timestamp": "2020-06-13 02:00:23", "individual": "Magdalena / DER A7N56 (e-obs 7044)"}}, {"type": "Feature", "geometry": {"type": "Point", "coordinates": [-3.6192566, 40.2929963]}, "properties": {"timestamp": "2020-06-14 02:00:23", "individual": "Magdalena / DER A7N56 (e-obs 7044)"}}, {"type": "Feature", "geometry": {"type": "Point", "coordinates": [-3.6223137, 40.2939811]}, "properties": {"timestamp": "2020-06-15 02:00:23", "individual": "Magdalena / DER A7N56 (e-obs 7044)"}}, {"type": "Feature", "geometry": {"type": "Point", "coordinates": [-3.6192588, 40.293098]}, "properties": {"timestamp": "2020-06-16 02:00:23", "individual": "Magdalena / DER A7N56 (e-obs 7044)"}}, {"type": "Feature", "geometry": {"type": "Point", "coordinates": [-3.6104696, 40.3101638]}, "properties": {"timestamp": "2020-06-17 02:00:23", "individual": "Magdalena / DER A7N56 (e-obs 7044)"}}, {"type": "Feature", "geometry": {"type": "Point", "coordinates": [-3.6104786, 40.3102355]}, "properties": {"timestamp": "2020-06-18 02:00:23", "individual": "Magdalena / DER A7N56 (e-obs 7044)"}}, {"type": "Feature", "geometry": {"type": "Point", "coordinates": [-3.61042, 40.3102274]}, "properties": {"timestamp": "2020-06-19 02:00:23", "individual": "Magdalena / DER A7N56 (e-obs 7044)"}}, {"type": "Feature", "geometry": {"type": "Point", "coordinates": [-3.6104959, 40.3101869]}, "properties": {"timestamp": "2020-06-20 02:00:23", "individual": "Magdalena / DER A7N56 (e-obs 7044)"}}, {"type": "Feature", "geometry": {"type": "Point", "coordinates": [-3.6104215, 40.310244]}, "properties": {"timestamp": "2020-06-21 02:00:23", "individual": "Magdalena / DER A7N56 (e-obs 7044)"}}, {"type": "Feature", "geometry": {"type": "Point", "coordinates": [-3.6104518, 40.310174]}, "properties": {"timestamp": "2020-06-22 02:00:23", "individual": "Magdalena / DER A7N56 (e-obs 7044)"}}, {"type": "Feature", "geometry": {"type": "Point", "coordinates": [-3.6104967, 40.3102116]}, "properties": {"timestamp": "2020-06-23 02:00:23", "individual": "Magdalena / DER A7N56 (e-obs 7044)"}}, {"type": "Feature", "geometry": {"type": "Point", "coordinates": [-3.6104823, 40.3102023]}, "properties": {"timestamp": "2020-06-24 02:00:23", "individual": "Magdalena / DER A7N56 (e-obs 7044)"}}, {"type": "Feature", "geometry": {"type": "Point", "coordinates": [-3.6124142, 40.3091091]}, "properties": {"timestamp": "2020-06-25 02:00:41", "individual": "Magdalena / DER A7N56 (e-obs 7044)"}}, {"type": "Feature", "geometry": {"type": "Point", "coordinates": [-3.6104173, 40.3102299]}, "properties": {"timestamp": "2020-06-26 02:00:23", "individual": "Magdalena / DER A7N56 (e-obs 7044)"}}, {"type": "Feature", "geometry": {"type": "Point", "coordinates": [-3.6102206, 40.3102442]}, "properties": {"timestamp": "2020-06-27 02:00:23", "individual": "Magdalena / DER A7N56 (e-obs 7044)"}}, {"type": "Feature", "geometry": {"type": "Point", "coordinates": [-3.6123618, 40.3091981]}, "properties": {"timestamp": "2020-06-28 02:00:23", "individual": "Magdalena / DER A7N56 (e-obs 7044)"}}, {"type": "Feature", "geometry": {"type": "Point", "coordinates": [-3.6083107, 40.3119764]}, "properties": {"timestamp": "2020-06-29 02:00:23", "individual": "Magdalena / DER A7N56 (e-obs 7044)"}}, {"type": "Feature", "geometry": {"type": "Point", "coordinates": [-3.6406228, 40.2631373]}, "properties": {"timestamp": "2020-06-30 02:00:23", "individual": "Magdalena / DER A7N56 (e-obs 7044)"}}, {"type": "Feature", "geometry": {"type": "Point", "coordinates": [-3.6083122, 40.3119886]}, "properties": {"timestamp": "2020-07-01 02:00:23", "individual": "Magdalena / DER A7N56 (e-obs 7044)"}}, {"type": "Feature", "geometry": {"type": "Point", "coordinates": [-3.6105583, 40.3100768]}, "properties": {"timestamp": "2020-07-02 02:00:23", "individual": "Magdalena / DER A7N56 (e-obs 7044)"}}, {"type": "Feature", "geometry": {"type": "Point", "coordinates": [-3.6105054, 40.3101903]}, "properties": {"timestamp": "2020-07-03 02:00:23", "individual": "Magdalena / DER A7N56 (e-obs 7044)"}}, {"type": "Feature", "geometry": {"type": "Point", "coordinates": [-3.739979, 40.6590322]}, "properties": {"timestamp": "2020-07-04 02:00:23", "individual": "Magdalena / DER A7N56 (e-obs 7044)"}}, {"type": "Feature", "geometry": {"type": "Point", "coordinates": [-3.8082289, 40.7427827]}, "properties": {"timestamp": "2020-07-05 02:00:23", "individual": "Magdalena / DER A7N56 (e-obs 7044)"}}, {"type": "Feature", "geometry": {"type": "Point", "coordinates": [-3.7400059, 40.6590426]}, "properties": {"timestamp": "2020-07-06 02:00:23", "individual": "Magdalena / DER A7N56 (e-obs 7044)"}}, {"type": "Feature", "geometry": {"type": "Point", "coordinates": [-3.7399038, 40.6591339]}, "properties": {"timestamp": "2020-07-07 02:00:23", "individual": "Magdalena / DER A7N56 (e-obs 7044)"}}, {"type": "Feature", "geometry": {"type": "Point", "coordinates": [-3.8715064, 40.7186068]}, "properties": {"timestamp": "2020-07-08 02:00:23", "individual": "Magdalena / DER A7N56 (e-obs 7044)"}}, {"type": "Feature", "geometry": {"type": "Point", "coordinates": [-3.7399733, 40.659084]}, "properties": {"timestamp": "2020-07-09 02:00:23", "individual": "Magdalena / DER A7N56 (e-obs 7044)"}}, {"type": "Feature", "geometry": {"type": "Point", "coordinates": [-3.5618837, 40.5905438]}, "properties": {"timestamp": "2020-07-10 02:00:23", "individual": "Magdalena / DER A7N56 (e-obs 7044)"}}, {"type": "Feature", "geometry": {"type": "Point", "coordinates": [-3.6316239, 40.2928594]}, "properties": {"timestamp": "2020-07-11 02:00:23", "individual": "Magdalena / DER A7N56 (e-obs 7044)"}}, {"type": "Feature", "geometry": {"type": "Point", "coordinates": [-3.6121391, 40.309203]}, "properties": {"timestamp": "2020-07-12 02:00:23", "individual": "Magdalena / DER A7N56 (e-obs 7044)"}}, {"type": "Feature", "geometry": {"type": "Point", "coordinates": [-3.5650807, 40.1660037]}, "properties": {"timestamp": "2020-07-13 02:00:23", "individual": "Magdalena / DER A7N56 (e-obs 7044)"}}, {"type": "Feature", "geometry": {"type": "Point", "coordinates": [-3.6314936, 40.2928551]}, "properties": {"timestamp": "2020-07-14 02:00:23", "individual": "Magdalena / DER A7N56 (e-obs 7044)"}}, {"type": "Feature", "geometry": {"type": "Point", "coordinates": [-3.5659972, 40.1500678]}, "properties": {"timestamp": "2020-07-15 02:00:23", "individual": "Magdalena / DER A7N56 (e-obs 7044)"}}, {"type": "Feature", "geometry": {"type": "Point", "coordinates": [-3.7989635, 39.9474737]}, "properties": {"timestamp": "2020-07-16 02:00:23", "individual": "Magdalena / DER A7N56 (e-obs 7044)"}}, {"type": "Feature", "geometry": {"type": "Point", "coordinates": [-3.8028724, 39.9492989]}, "properties": {"timestamp": "2020-07-17 02:00:23", "individual": "Magdalena / DER A7N56 (e-obs 7044)"}}, {"type": "Feature", "geometry": {"type": "Point", "coordinates": [-3.7815179, 39.9670687]}, "properties": {"timestamp": "2020-07-18 02:00:23", "individual": "Magdalena / DER A7N56 (e-obs 7044)"}}, {"type": "Feature", "geometry": {"type": "Point", "coordinates": [-3.7815394, 39.9670511]}, "properties": {"timestamp": "2020-07-19 02:00:23", "individual": "Magdalena / DER A7N56 (e-obs 7044)"}}, {"type": "Feature", "geometry": {"type": "Point", "coordinates": [-3.7886548, 39.9528085]}, "properties": {"timestamp": "2020-07-20 02:00:23", "individual": "Magdalena / DER A7N56 (e-obs 7044)"}}, {"type": "Feature", "geometry": {"type": "Point", "coordinates": [-3.7815679, 39.9670641]}, "properties": {"timestamp": "2020-07-21 02:00:23", "individual": "Magdalena / DER A7N56 (e-obs 7044)"}}, {"type": "Feature", "geometry": {"type": "Point", "coordinates": [-3.7871696, 39.9454736]}, "properties": {"timestamp": "2020-07-22 02:00:23", "individual": "Magdalena / DER A7N56 (e-obs 7044)"}}, {"type": "Feature", "geometry": {"type": "Point", "coordinates": [-3.7886001, 39.9528101]}, "properties": {"timestamp": "2020-07-23 02:00:23", "individual": "Magdalena / DER A7N56 (e-obs 7044)"}}, {"type": "Feature", "geometry": {"type": "Point", "coordinates": [-3.7885674, 39.9528966]}, "properties": {"timestamp": "2020-07-24 02:00:23", "individual": "Magdalena / DER A7N56 (e-obs 7044)"}}, {"type": "Feature", "geometry": {"type": "Point", "coordinates": [-3.7886202, 39.9527919]}, "properties": {"timestamp": "2020-07-25 02:00:23", "individual": "Magdalena / DER A7N56 (e-obs 7044)"}}, {"type": "Feature", "geometry": {"type": "Point", "coordinates": [-3.7611438, 39.9689166]}, "properties": {"timestamp": "2020-07-26 02:00:23", "individual": "Magdalena / DER A7N56 (e-obs 7044)"}}, {"type": "Feature", "geometry": {"type": "Point", "coordinates": [-3.7885609, 39.9527735]}, "properties": {"timestamp": "2020-07-27 02:00:23", "individual": "Magdalena / DER A7N56 (e-obs 7044)"}}, {"type": "Feature", "geometry": {"type": "Point", "coordinates": [-4.1847508, 39.8724325]}, "properties": {"timestamp": "2020-07-28 02:00:23", "individual": "Magdalena / DER A7N56 (e-obs 7044)"}}, {"type": "Feature", "geometry": {"type": "Point", "coordinates": [-4.2655791, 39.837123]}, "properties": {"timestamp": "2020-07-29 02:00:23", "individual": "Magdalena / DER A7N56 (e-obs 7044)"}}, {"type": "Feature", "geometry": {"type": "Point", "coordinates": [-4.1803953, 39.8827164]}, "properties": {"timestamp": "2020-07-30 02:00:23", "individual": "Magdalena / DER A7N56 (e-obs 7044)"}}, {"type": "Feature", "geometry": {"type": "Point", "coordinates": [-4.1807871, 39.8827671]}, "properties": {"timestamp": "2020-07-31 02:00:23", "individual": "Magdalena / DER A7N56 (e-obs 7044)"}}, {"type": "Feature", "geometry": {"type": "Point", "coordinates": [-4.1804012, 39.8827085]}, "properties": {"timestamp": "2020-08-01 02:00:23", "individual": "Magdalena / DER A7N56 (e-obs 7044)"}}, {"type": "Feature", "geometry": {"type": "Point", "coordinates": [-4.180733, 39.8828154]}, "properties": {"timestamp": "2020-08-02 02:00:23", "individual": "Magdalena / DER A7N56 (e-obs 7044)"}}, {"type": "Feature", "geometry": {"type": "Point", "coordinates": [-4.2655254, 39.8371693]}, "properties": {"timestamp": "2020-08-03 02:00:23", "individual": "Magdalena / DER A7N56 (e-obs 7044)"}}, {"type": "Feature", "geometry": {"type": "Point", "coordinates": [-4.2652804, 39.8365235]}, "properties": {"timestamp": "2020-08-04 02:00:23", "individual": "Magdalena / DER A7N56 (e-obs 7044)"}}, {"type": "Feature", "geometry": {"type": "Point", "coordinates": [-4.1806511, 39.8828492]}, "properties": {"timestamp": "2020-08-05 02:00:23", "individual": "Magdalena / DER A7N56 (e-obs 7044)"}}, {"type": "Feature", "geometry": {"type": "Point", "coordinates": [-4.1806708, 39.8828163]}, "properties": {"timestamp": "2020-08-06 02:00:23", "individual": "Magdalena / DER A7N56 (e-obs 7044)"}}, {"type": "Feature", "geometry": {"type": "Point", "coordinates": [-4.180416, 39.8828089]}, "properties": {"timestamp": "2020-08-07 02:00:23", "individual": "Magdalena / DER A7N56 (e-obs 7044)"}}, {"type": "Feature", "geometry": {"type": "Point", "coordinates": [-4.1803936, 39.8828637]}, "properties": {"timestamp": "2020-08-08 02:00:23", "individual": "Magdalena / DER A7N56 (e-obs 7044)"}}, {"type": "Feature", "geometry": {"type": "Point", "coordinates": [-4.2652573, 39.8364852]}, "properties": {"timestamp": "2020-08-09 02:00:23", "individual": "Magdalena / DER A7N56 (e-obs 7044)"}}, {"type": "Feature", "geometry": {"type": "Point", "coordinates": [-4.1807016, 39.8827743]}, "properties": {"timestamp": "2020-08-10 02:00:23", "individual": "Magdalena / DER A7N56 (e-obs 7044)"}}, {"type": "Feature", "geometry": {"type": "Point", "coordinates": [-4.1806956, 39.8827955]}, "properties": {"timestamp": "2020-08-11 02:00:23", "individual": "Magdalena / DER A7N56 (e-obs 7044)"}}, {"type": "Feature", "geometry": {"type": "Point", "coordinates": [-4.2654197, 39.8372355]}, "properties": {"timestamp": "2020-08-12 02:00:23", "individual": "Magdalena / DER A7N56 (e-obs 7044)"}}, {"type": "Feature", "geometry": {"type": "Point", "coordinates": [-4.1804844, 39.8827667]}, "properties": {"timestamp": "2020-08-13 02:00:23", "individual": "Magdalena / DER A7N56 (e-obs 7044)"}}, {"type": "Feature", "geometry": {"type": "Point", "coordinates": [-4.1805536, 39.8829271]}, "properties": {"timestamp": "2020-08-14 02:00:23", "individual": "Magdalena / DER A7N56 (e-obs 7044)"}}, {"type": "Feature", "geometry": {"type": "Point", "coordinates": [-4.1807191, 39.8828736]}, "properties": {"timestamp": "2020-08-15 02:00:23", "individual": "Magdalena / DER A7N56 (e-obs 7044)"}}, {"type": "Feature", "geometry": {"type": "Point", "coordinates": [-4.2654547, 39.8375338]}, "properties": {"timestamp": "2020-08-16 02:00:23", "individual": "Magdalena / DER A7N56 (e-obs 7044)"}}, {"type": "Feature", "geometry": {"type": "Point", "coordinates": [-4.1807036, 39.8828225]}, "properties": {"timestamp": "2020-08-17 02:00:23", "individual": "Magdalena / DER A7N56 (e-obs 7044)"}}, {"type": "Feature", "geometry": {"type": "Point", "coordinates": [-4.2657983, 39.8372096]}, "properties": {"timestamp": "2020-08-18 02:00:23", "individual": "Magdalena / DER A7N56 (e-obs 7044)"}}, {"type": "Feature", "geometry": {"type": "Point", "coordinates": [-4.2658462, 39.837252]}, "properties": {"timestamp": "2020-08-19 02:00:23", "individual": "Magdalena / DER A7N56 (e-obs 7044)"}}, {"type": "Feature", "geometry": {"type": "Point", "coordinates": [-4.2654254, 39.8384645]}, "properties": {"timestamp": "2020-08-20 02:00:23", "individual": "Magdalena / DER A7N56 (e-obs 7044)"}}, {"type": "Feature", "geometry": {"type": "Point", "coordinates": [-4.1806054, 39.8828093]}, "properties": {"timestamp": "2020-08-21 02:00:23", "individual": "Magdalena / DER A7N56 (e-obs 7044)"}}, {"type": "Feature", "geometry": {"type": "Point", "coordinates": [-4.2653905, 39.8372618]}, "properties": {"timestamp": "2020-08-22 02:00:23", "individual": "Magdalena / DER A7N56 (e-obs 7044)"}}, {"type": "Feature", "geometry": {"type": "Point", "coordinates": [-4.2654399, 39.8365653]}, "properties": {"timestamp": "2020-08-23 02:00:23", "individual": "Magdalena / DER A7N56 (e-obs 7044)"}}, {"type": "Feature", "geometry": {"type": "Point", "coordinates": [-4.2655781, 39.8371256]}, "properties": {"timestamp": "2020-08-24 02:00:23", "individual": "Magdalena / DER A7N56 (e-obs 7044)"}}, {"type": "Feature", "geometry": {"type": "Point", "coordinates": [-4.2653139, 39.8373159]}, "properties": {"timestamp": "2020-08-25 02:00:23", "individual": "Magdalena / DER A7N56 (e-obs 7044)"}}, {"type": "Feature", "geometry": {"type": "Point", "coordinates": [-4.2551153, 39.8416206]}, "properties": {"timestamp": "2020-08-26 02:00:23", "individual": "Magdalena / DER A7N56 (e-obs 7044)"}}, {"type": "Feature", "geometry": {"type": "Point", "coordinates": [-4.254434, 39.8417262]}, "properties": {"timestamp": "2020-08-27 02:00:23", "individual": "Magdalena / DER A7N56 (e-obs 7044)"}}, {"type": "Feature", "geometry": {"type": "Point", "coordinates": [-4.2550815, 39.8415813]}, "properties": {"timestamp": "2020-08-28 02:00:23", "individual": "Magdalena / DER A7N56 (e-obs 7044)"}}, {"type": "Feature", "geometry": {"type": "Point", "coordinates": [-4.2542234, 39.8419393]}, "properties": {"timestamp": "2020-08-29 02:00:23", "individual": "Magdalena / DER A7N56 (e-obs 7044)"}}, {"type": "Feature", "geometry": {"type": "Point", "coordinates": [-4.2773616, 39.8541885]}, "properties": {"timestamp": "2020-08-30 02:00:23", "individual": "Magdalena / DER A7N56 (e-obs 7044)"}}, {"type": "Feature", "geometry": {"type": "Point", "coordinates": [-4.2653378, 39.8372654]}, "properties": {"timestamp": "2020-08-31 02:00:23", "individual": "Magdalena / DER A7N56 (e-obs 7044)"}}, {"type": "Feature", "geometry": {"type": "Point", "coordinates": [-4.2652647, 39.8372385]}, "properties": {"timestamp": "2020-09-01 02:00:23", "individual": "Magdalena / DER A7N56 (e-obs 7044)"}}, {"type": "Feature", "geometry": {"type": "Point", "coordinates": [-4.2543488, 39.8415884]}, "properties": {"timestamp": "2020-09-02 02:00:23", "individual": "Magdalena / DER A7N56 (e-obs 7044)"}}, {"type": "Feature", "geometry": {"type": "Point", "coordinates": [-4.2542615, 39.8415022]}, "properties": {"timestamp": "2020-09-03 02:00:23", "individual": "Magdalena / DER A7N56 (e-obs 7044)"}}, {"type": "Feature", "geometry": {"type": "Point", "coordinates": [-4.2536962, 39.8410511]}, "properties": {"timestamp": "2020-09-04 02:00:23", "individual": "Magdalena / DER A7N56 (e-obs 7044)"}}, {"type": "Feature", "geometry": {"type": "Point", "coordinates": [-4.2543065, 39.8415602]}, "properties": {"timestamp": "2020-09-05 02:00:23", "individual": "Magdalena / DER A7N56 (e-obs 7044)"}}, {"type": "Feature", "geometry": {"type": "Point", "coordinates": [-4.2537285, 39.8410548]}, "properties": {"timestamp": "2020-09-06 02:00:23", "individual": "Magdalena / DER A7N56 (e-obs 7044)"}}, {"type": "Feature", "geometry": {"type": "Point", "coordinates": [-4.2646076, 39.8352656]}, "properties": {"timestamp": "2020-09-07 02:00:23", "individual": "Magdalena / DER A7N56 (e-obs 7044)"}}, {"type": "Feature", "geometry": {"type": "Point", "coordinates": [-4.2550373, 39.8413493]}, "properties": {"timestamp": "2020-09-08 02:00:23", "individual": "Magdalena / DER A7N56 (e-obs 7044)"}}, {"type": "Feature", "geometry": {"type": "Point", "coordinates": [-4.2536873, 39.8410538]}, "properties": {"timestamp": "2020-09-09 02:00:23", "individual": "Magdalena / DER A7N56 (e-obs 7044)"}}, {"type": "Feature", "geometry": {"type": "Point", "coordinates": [-4.2542628, 39.8415836]}, "properties": {"timestamp": "2020-09-10 02:00:23", "individual": "Magdalena / DER A7N56 (e-obs 7044)"}}, {"type": "Feature", "geometry": {"type": "Point", "coordinates": [-4.2542016, 39.8416741]}, "properties": {"timestamp": "2020-09-11 02:00:23", "individual": "Magdalena / DER A7N56 (e-obs 7044)"}}, {"type": "Feature", "geometry": {"type": "Point", "coordinates": [-4.2537195, 39.8424916]}, "properties": {"timestamp": "2020-09-12 02:00:23", "individual": "Magdalena / DER A7N56 (e-obs 7044)"}}, {"type": "Feature", "geometry": {"type": "Point", "coordinates": [-4.25507, 39.8415643]}, "properties": {"timestamp": "2020-09-13 02:00:23", "individual": "Magdalena / DER A7N56 (e-obs 7044)"}}, {"type": "Feature", "geometry": {"type": "Point", "coordinates": [-4.2773708, 39.8540412]}, "properties": {"timestamp": "2020-09-14 02:00:23", "individual": "Magdalena / DER A7N56 (e-obs 7044)"}}, {"type": "Feature", "geometry": {"type": "Point", "coordinates": [-4.2774426, 39.8543535]}, "properties": {"timestamp": "2020-09-15 02:00:23", "individual": "Magdalena / DER A7N56 (e-obs 7044)"}}, {"type": "Feature", "geometry": {"type": "Point", "coordinates": [-4.25428, 39.8416511]}, "properties": {"timestamp": "2020-09-16 02:00:23", "individual": "Magdalena / DER A7N56 (e-obs 7044)"}}, {"type": "Feature", "geometry": {"type": "Point", "coordinates": [-4.2543421, 39.8416181]}, "properties": {"timestamp": "2020-09-17 02:00:23", "individual": "Magdalena / DER A7N56 (e-obs 7044)"}}, {"type": "Feature", "geometry": {"type": "Point", "coordinates": [-4.2706804, 39.845155]}, "properties": {"timestamp": "2020-09-18 02:00:23", "individual": "Magdalena / DER A7N56 (e-obs 7044)"}}, {"type": "Feature", "geometry": {"type": "Point", "coordinates": [-4.2716031, 39.8447713]}, "properties": {"timestamp": "2020-09-19 02:00:23", "individual": "Magdalena / DER A7N56 (e-obs 7044)"}}, {"type": "Feature", "geometry": {"type": "Point", "coordinates": [-4.1640785, 39.8595102]}, "properties": {"timestamp": "2020-09-20 02:00:23", "individual": "Magdalena / DER A7N56 (e-obs 7044)"}}, {"type": "Feature", "geometry": {"type": "Point", "coordinates": [-4.1639831, 39.8600326]}, "properties": {"timestamp": "2020-09-21 02:00:23", "individual": "Magdalena / DER A7N56 (e-obs 7044)"}}, {"type": "Feature", "geometry": {"type": "Point", "coordinates": [-4.2656055, 39.8397355]}, "properties": {"timestamp": "2020-09-22 02:00:23", "individual": "Magdalena / DER A7N56 (e-obs 7044)"}}, {"type": "Feature", "geometry": {"type": "Point", "coordinates": [-4.270695, 39.8453571]}, "properties": {"timestamp": "2020-09-23 02:00:41", "individual": "Magdalena / DER A7N56 (e-obs 7044)"}}, {"type": "Feature", "geometry": {"type": "Point", "coordinates": [-4.2702611, 39.8437187]}, "properties": {"timestamp": "2020-09-24 02:00:23", "individual": "Magdalena / DER A7N56 (e-obs 7044)"}}, {"type": "Feature", "geometry": {"type": "Point", "coordinates": [-4.270537, 39.8439754]}, "properties": {"timestamp": "2020-09-25 02:00:23", "individual": "Magdalena / DER A7N56 (e-obs 7044)"}}, {"type": "Feature", "geometry": {"type": "Point", "coordinates": [-4.2720403, 39.8462618]}, "properties": {"timestamp": "2020-09-26 02:00:23", "individual": "Magdalena / DER A7N56 (e-obs 7044)"}}, {"type": "Feature", "geometry": {"type": "Point", "coordinates": [-4.163017, 39.8607466]}, "properties": {"timestamp": "2020-09-27 02:00:23", "individual": "Magdalena / DER A7N56 (e-obs 7044)"}}, {"type": "Feature", "geometry": {"type": "Point", "coordinates": [-4.2849231, 39.8454092]}, "properties": {"timestamp": "2020-09-28 02:00:23", "individual": "Magdalena / DER A7N56 (e-obs 7044)"}}, {"type": "Feature", "geometry": {"type": "Point", "coordinates": [-5.7125333, 39.828437]}, "properties": {"timestamp": "2020-09-29 02:00:41", "individual": "Magdalena / DER A7N56 (e-obs 7044)"}}, {"type": "Feature", "geometry": {"type": "Point", "coordinates": [-5.760007, 39.119835]}, "properties": {"timestamp": "2020-09-30 02:00:23", "individual": "Magdalena / DER A7N56 (e-obs 7044)"}}, {"type": "Feature", "geometry": {"type": "Point", "coordinates": [-5.6899775, 38.9754573]}, "properties": {"timestamp": "2020-10-01 02:00:23", "individual": "Magdalena / DER A7N56 (e-obs 7044)"}}, {"type": "Feature", "geometry": {"type": "Point", "coordinates": [-5.6886763, 38.9754549]}, "properties": {"timestamp": "2020-10-02 02:00:23", "individual": "Magdalena / DER A7N56 (e-obs 7044)"}}, {"type": "Feature", "geometry": {"type": "Point", "coordinates": [-5.6881732, 38.9751478]}, "properties": {"timestamp": "2020-10-03 02:00:23", "individual": "Magdalena / DER A7N56 (e-obs 7044)"}}, {"type": "Feature", "geometry": {"type": "Point", "coordinates": [-5.9307251, 37.2038179]}, "properties": {"timestamp": "2020-10-04 10:45:34", "individual": "Magdalena / DER A7N56 (e-obs 7044)"}}, {"type": "Feature", "geometry": {"type": "Point", "coordinates": [-5.8749252, 37.2229654]}, "properties": {"timestamp": "2020-10-05 02:00:23", "individual": "Magdalena / DER A7N56 (e-obs 7044)"}}, {"type": "Feature", "geometry": {"type": "Point", "coordinates": [-5.8751256, 37.2227526]}, "properties": {"timestamp": "2020-10-06 02:00:23", "individual": "Magdalena / DER A7N56 (e-obs 7044)"}}, {"type": "Feature", "geometry": {"type": "Point", "coordinates": [-5.875154, 37.2229938]}, "properties": {"timestamp": "2020-10-07 02:00:23", "individual": "Magdalena / DER A7N56 (e-obs 7044)"}}, {"type": "Feature", "geometry": {"type": "Point", "coordinates": [-5.8849129, 37.2222085]}, "properties": {"timestamp": "2020-10-08 02:00:23", "individual": "Magdalena / DER A7N56 (e-obs 7044)"}}, {"type": "Feature", "geometry": {"type": "Point", "coordinates": [-5.8860037, 37.2239008]}, "properties": {"timestamp": "2020-10-09 02:00:23", "individual": "Magdalena / DER A7N56 (e-obs 7044)"}}, {"type": "Feature", "geometry": {"type": "Point", "coordinates": [-5.8751312, 37.2229525]}, "properties": {"timestamp": "2020-10-10 02:00:23", "individual": "Magdalena / DER A7N56 (e-obs 7044)"}}, {"type": "Feature", "geometry": {"type": "Point", "coordinates": [-5.8749709, 37.2228484]}, "properties": {"timestamp": "2020-10-11 02:00:23", "individual": "Magdalena / DER A7N56 (e-obs 7044)"}}, {"type": "Feature", "geometry": {"type": "Point", "coordinates": [-5.8750782, 37.2231006]}, "properties": {"timestamp": "2020-10-12 11:15:08", "individual": "Magdalena / DER A7N56 (e-obs 7044)"}}, {"type": "Feature", "geometry": {"type": "Point", "coordinates": [-5.8749781, 37.2230664]}, "properties": {"timestamp": "2020-10-13 02:00:23", "individual": "Magdalena / DER A7N56 (e-obs 7044)"}}, {"type": "Feature", "geometry": {"type": "Point", "coordinates": [-6.0513137, 37.1979981]}, "properties": {"timestamp": "2020-10-14 02:00:23", "individual": "Magdalena / DER A7N56 (e-obs 7044)"}}, {"type": "Feature", "geometry": {"type": "Point", "coordinates": [-5.8850464, 37.2226564]}, "properties": {"timestamp": "2020-10-15 02:00:38", "individual": "Magdalena / DER A7N56 (e-obs 7044)"}}, {"type": "Feature", "geometry": {"type": "Point", "coordinates": [-5.887951, 37.2206289]}, "properties": {"timestamp": "2020-10-16 02:00:23", "individual": "Magdalena / DER A7N56 (e-obs 7044)"}}, {"type": "Feature", "geometry": {"type": "Point", "coordinates": [-6.0423385, 37.1990752]}, "properties": {"timestamp": "2020-10-17 02:00:23", "individual": "Magdalena / DER A7N56 (e-obs 7044)"}}, {"type": "Feature", "geometry": {"type": "Point", "coordinates": [-5.8817031, 37.2205323]}, "properties": {"timestamp": "2020-10-18 02:00:23", "individual": "Magdalena / DER A7N56 (e-obs 7044)"}}, {"type": "Feature", "geometry": {"type": "Point", "coordinates": [-5.8877938, 37.2211101]}, "properties": {"timestamp": "2020-10-19 02:00:38", "individual": "Magdalena / DER A7N56 (e-obs 7044)"}}, {"type": "Feature", "geometry": {"type": "Point", "coordinates": [-6.0582892, 37.1949538]}, "properties": {"timestamp": "2020-10-20 02:00:23", "individual": "Magdalena / DER A7N56 (e-obs 7044)"}}, {"type": "Feature", "geometry": {"type": "Point", "coordinates": [-6.058676, 37.1983426]}, "properties": {"timestamp": "2020-10-21 02:00:23", "individual": "Magdalena / DER A7N56 (e-obs 7044)"}}, {"type": "Feature", "geometry": {"type": "Point", "coordinates": [-5.8860554, 37.2236285]}, "properties": {"timestamp": "2020-10-22 02:00:23", "individual": "Magdalena / DER A7N56 (e-obs 7044)"}}, {"type": "Feature", "geometry": {"type": "Point", "coordinates": [-5.8860641, 37.2236326]}, "properties": {"timestamp": "2020-10-23 02:00:23", "individual": "Magdalena / DER A7N56 (e-obs 7044)"}}, {"type": "Feature", "geometry": {"type": "Point", "coordinates": [-6.0580891, 37.1972167]}, "properties": {"timestamp": "2020-10-24 02:00:23", "individual": "Magdalena / DER A7N56 (e-obs 7044)"}}, {"type": "Feature", "geometry": {"type": "Point", "coordinates": [-5.8878266, 37.2206606]}, "properties": {"timestamp": "2020-10-25 02:00:23", "individual": "Magdalena / DER A7N56 (e-obs 7044)"}}, {"type": "Feature", "geometry": {"type": "Point", "coordinates": [-6.0589959, 37.1985627]}, "properties": {"timestamp": "2020-10-26 02:00:23", "individual": "Magdalena / DER A7N56 (e-obs 7044)"}}, {"type": "Feature", "geometry": {"type": "Point", "coordinates": [-5.887017, 37.2214122]}, "properties": {"timestamp": "2020-10-27 02:00:23", "individual": "Magdalena / DER A7N56 (e-obs 7044)"}}, {"type": "Feature", "geometry": {"type": "Point", "coordinates": [-5.8874346, 37.2208308]}, "properties": {"timestamp": "2020-10-28 02:00:23", "individual": "Magdalena / DER A7N56 (e-obs 7044)"}}, {"type": "Feature", "geometry": {"type": "Point", "coordinates": [-5.9772757, 37.181663]}, "properties": {"timestamp": "2020-10-29 02:00:41", "individual": "Magdalena / DER A7N56 (e-obs 7044)"}}, {"type": "Feature", "geometry": {"type": "Point", "coordinates": [-5.9839958, 37.1859315]}, "properties": {"timestamp": "2020-10-30 02:00:23", "individual": "Magdalena / DER A7N56 (e-obs 7044)"}}, {"type": "Feature", "geometry": {"type": "Point", "coordinates": [-5.8876885, 37.2208568]}, "properties": {"timestamp": "2020-10-31 02:00:23", "individual": "Magdalena / DER A7N56 (e-obs 7044)"}}, {"type": "Feature", "geometry": {"type": "Point", "coordinates": [-5.9549675, 37.1641157]}, "properties": {"timestamp": "2020-11-01 02:00:23", "individual": "Magdalena / DER A7N56 (e-obs 7044)"}}, {"type": "Feature", "geometry": {"type": "Point", "coordinates": [-5.9995907, 37.1721121]}, "properties": {"timestamp": "2020-11-02 02:00:23", "individual": "Magdalena / DER A7N56 (e-obs 7044)"}}, {"type": "Feature", "geometry": {"type": "Point", "coordinates": [-6.043192, 37.1317297]}, "properties": {"timestamp": "2020-11-03 02:00:23", "individual": "Magdalena / DER A7N56 (e-obs 7044)"}}, {"type": "Feature", "geometry": {"type": "Point", "coordinates": [-5.8877786, 37.220762]}, "properties": {"timestamp": "2020-11-04 02:00:23", "individual": "Magdalena / DER A7N56 (e-obs 7044)"}}, {"type": "Feature", "geometry": {"type": "Point", "coordinates": [-6.0489517, 37.1809059]}, "properties": {"timestamp": "2020-11-05 02:00:41", "individual": "Magdalena / DER A7N56 (e-obs 7044)"}}, {"type": "Feature", "geometry": {"type": "Point", "coordinates": [-5.9698052, 37.1686317]}, "properties": {"timestamp": "2020-11-06 02:00:23", "individual": "Magdalena / DER A7N56 (e-obs 7044)"}}, {"type": "Feature", "geometry": {"type": "Point", "coordinates": [-5.8868854, 37.2215531]}, "properties": {"timestamp": "2020-11-07 02:00:23", "individual": "Magdalena / DER A7N56 (e-obs 7044)"}}, {"type": "Feature", "geometry": {"type": "Point", "coordinates": [-5.8872222, 37.2212002]}, "properties": {"timestamp": "2020-11-08 02:00:23", "individual": "Magdalena / DER A7N56 (e-obs 7044)"}}, {"type": "Feature", "geometry": {"type": "Point", "coordinates": [-5.8871318, 37.2213013]}, "properties": {"timestamp": "2020-11-09 02:00:23", "individual": "Magdalena / DER A7N56 (e-obs 7044)"}}, {"type": "Feature", "geometry": {"type": "Point", "coordinates": [-5.8874593, 37.2209888]}, "properties": {"timestamp": "2020-11-10 02:00:23", "individual": "Magdalena / DER A7N56 (e-obs 7044)"}}, {"type": "Feature", "geometry": {"type": "Point", "coordinates": [-5.8876778, 37.2208381]}, "properties": {"timestamp": "2020-11-11 02:00:23", "individual": "Magdalena / DER A7N56 (e-obs 7044)"}}, {"type": "Feature", "geometry": {"type": "Point", "coordinates": [-5.9731016, 37.1694759]}, "properties": {"timestamp": "2020-11-12 02:00:23", "individual": "Magdalena / DER A7N56 (e-obs 7044)"}}, {"type": "Feature", "geometry": {"type": "Point", "coordinates": [-5.9790304, 37.1867373]}, "properties": {"timestamp": "2020-11-13 02:00:23", "individual": "Magdalena / DER A7N56 (e-obs 7044)"}}, {"type": "Feature", "geometry": {"type": "Point", "coordinates": [-5.9782612, 37.1813768]}, "properties": {"timestamp": "2020-11-14 02:00:23", "individual": "Magdalena / DER A7N56 (e-obs 7044)"}}, {"type": "Feature", "geometry": {"type": "Point", "coordinates": [-5.9831684, 37.181876]}, "properties": {"timestamp": "2020-11-15 02:00:23", "individual": "Magdalena / DER A7N56 (e-obs 7044)"}}, {"type": "Feature", "geometry": {"type": "Point", "coordinates": [-5.8876814, 37.2211119]}, "properties": {"timestamp": "2020-11-16 02:00:23", "individual": "Magdalena / DER A7N56 (e-obs 7044)"}}, {"type": "Feature", "geometry": {"type": "Point", "coordinates": [-5.8878816, 37.2208203]}, "properties": {"timestamp": "2020-11-17 02:00:23", "individual": "Magdalena / DER A7N56 (e-obs 7044)"}}, {"type": "Feature", "geometry": {"type": "Point", "coordinates": [-5.8877442, 37.220976]}, "properties": {"timestamp": "2020-11-18 02:00:23", "individual": "Magdalena / DER A7N56 (e-obs 7044)"}}, {"type": "Feature", "geometry": {"type": "Point", "coordinates": [-5.8870878, 37.2213888]}, "properties": {"timestamp": "2020-11-19 02:00:23", "individual": "Magdalena / DER A7N56 (e-obs 7044)"}}, {"type": "Feature", "geometry": {"type": "Point", "coordinates": [-5.8868977, 37.2215486]}, "properties": {"timestamp": "2020-11-20 02:00:23", "individual": "Magdalena / DER A7N56 (e-obs 7044)"}}, {"type": "Feature", "geometry": {"type": "Point", "coordinates": [-5.9965712, 37.1461376]}, "properties": {"timestamp": "2020-11-21 02:00:23", "individual": "Magdalena / DER A7N56 (e-obs 7044)"}}, {"type": "Feature", "geometry": {"type": "Point", "coordinates": [-5.9972826, 37.1459919]}, "properties": {"timestamp": "2020-11-22 02:00:23", "individual": "Magdalena / DER A7N56 (e-obs 7044)"}}, {"type": "Feature", "geometry": {"type": "Point", "coordinates": [-5.8870317, 37.2212669]}, "properties": {"timestamp": "2020-11-23 02:00:23", "individual": "Magdalena / DER A7N56 (e-obs 7044)"}}, {"type": "Feature", "geometry": {"type": "Point", "coordinates": [-5.9663801, 37.1647471]}, "properties": {"timestamp": "2020-11-24 02:00:23", "individual": "Magdalena / DER A7N56 (e-obs 7044)"}}, {"type": "Feature", "geometry": {"type": "Point", "coordinates": [-5.9668864, 37.1624294]}, "properties": {"timestamp": "2020-11-25 02:00:23", "individual": "Magdalena / DER A7N56 (e-obs 7044)"}}, {"type": "Feature", "geometry": {"type": "Point", "coordinates": [-5.9637176, 37.1601925]}, "properties": {"timestamp": "2020-11-26 02:00:23", "individual": "Magdalena / DER A7N56 (e-obs 7044)"}}, {"type": "Feature", "geometry": {"type": "Point", "coordinates": [-5.9654828, 37.1615677]}, "properties": {"timestamp": "2020-11-27 02:00:23", "individual": "Magdalena / DER A7N56 (e-obs 7044)"}}, {"type": "Feature", "geometry": {"type": "Point", "coordinates": [-5.9520442, 37.1670624]}, "properties": {"timestamp": "2020-11-28 02:00:23", "individual": "Magdalena / DER A7N56 (e-obs 7044)"}}, {"type": "Feature", "geometry": {"type": "Point", "coordinates": [-5.8868997, 37.2217519]}, "properties": {"timestamp": "2020-11-29 02:00:23", "individual": "Magdalena / DER A7N56 (e-obs 7044)"}}, {"type": "Feature", "geometry": {"type": "Point", "coordinates": [-5.8817645, 37.2205201]}, "properties": {"timestamp": "2020-11-30 02:00:23", "individual": "Magdalena / DER A7N56 (e-obs 7044)"}}, {"type": "Feature", "geometry": {"type": "Point", "coordinates": [-5.9547333, 37.164661]}, "properties": {"timestamp": "2020-12-01 02:00:23", "individual": "Magdalena / DER A7N56 (e-obs 7044)"}}, {"type": "Feature", "geometry": {"type": "Point", "coordinates": [-5.9623436, 37.1725112]}, "properties": {"timestamp": "2020-12-02 02:00:23", "individual": "Magdalena / DER A7N56 (e-obs 7044)"}}, {"type": "Feature", "geometry": {"type": "Point", "coordinates": [-5.8877082, 37.2207655]}, "properties": {"timestamp": "2020-12-03 02:00:23", "individual": "Magdalena / DER A7N56 (e-obs 7044)"}}, {"type": "Feature", "geometry": {"type": "Point", "coordinates": [-5.8877692, 37.2207934]}, "properties": {"timestamp": "2020-12-04 02:00:23", "individual": "Magdalena / DER A7N56 (e-obs 7044)"}}, {"type": "Feature", "geometry": {"type": "Point", "coordinates": [-5.9578577, 37.1621547]}, "properties": {"timestamp": "2020-12-05 02:00:23", "individual": "Magdalena / DER A7N56 (e-obs 7044)"}}, {"type": "Feature", "geometry": {"type": "Point", "coordinates": [-5.8870619, 37.2214338]}, "properties": {"timestamp": "2020-12-06 02:00:23", "individual": "Magdalena / DER A7N56 (e-obs 7044)"}}, {"type": "Feature", "geometry": {"type": "Point", "coordinates": [-5.8874836, 37.2209394]}, "properties": {"timestamp": "2020-12-07 02:00:23", "individual": "Magdalena / DER A7N56 (e-obs 7044)"}}, {"type": "Feature", "geometry": {"type": "Point", "coordinates": [-5.8867907, 37.2217508]}, "properties": {"timestamp": "2020-12-08 02:00:23", "individual": "Magdalena / DER A7N56 (e-obs 7044)"}}, {"type": "Feature", "geometry": {"type": "Point", "coordinates": [-5.8873038, 37.2211637]}, "properties": {"timestamp": "2020-12-09 02:00:23", "individual": "Magdalena / DER A7N56 (e-obs 7044)"}}, {"type": "Feature", "geometry": {"type": "Point", "coordinates": [-5.8877475, 37.2207861]}, "properties": {"timestamp": "2020-12-10 02:00:23", "individual": "Magdalena / DER A7N56 (e-obs 7044)"}}, {"type": "Feature", "geometry": {"type": "Point", "coordinates": [-5.8877335, 37.2208165]}, "properties": {"timestamp": "2020-12-11 02:00:23", "individual": "Magdalena / DER A7N56 (e-obs 7044)"}}, {"type": "Feature", "geometry": {"type": "Point", "coordinates": [-5.8876914, 37.2207878]}, "properties": {"timestamp": "2020-12-12 02:00:23", "individual": "Magdalena / DER A7N56 (e-obs 7044)"}}, {"type": "Feature", "geometry": {"type": "Point", "coordinates": [-5.8871949, 37.2213344]}, "properties": {"timestamp": "2020-12-13 02:00:23", "individual": "Magdalena / DER A7N56 (e-obs 7044)"}}, {"type": "Feature", "geometry": {"type": "Point", "coordinates": [-6.0002386, 37.1719922]}, "properties": {"timestamp": "2020-12-14 02:00:23", "individual": "Magdalena / DER A7N56 (e-obs 7044)"}}, {"type": "Feature", "geometry": {"type": "Point", "coordinates": [-5.9970992, 37.1772685]}, "properties": {"timestamp": "2020-12-15 02:00:23", "individual": "Magdalena / DER A7N56 (e-obs 7044)"}}, {"type": "Feature", "geometry": {"type": "Point", "coordinates": [-5.8877293, 37.2208064]}, "properties": {"timestamp": "2020-12-16 02:00:23", "individual": "Magdalena / DER A7N56 (e-obs 7044)"}}, {"type": "Feature", "geometry": {"type": "Point", "coordinates": [-5.8871194, 37.2213079]}, "properties": {"timestamp": "2020-12-17 02:00:23", "individual": "Magdalena / DER A7N56 (e-obs 7044)"}}, {"type": "Feature", "geometry": {"type": "Point", "coordinates": [-5.8876858, 37.2208298]}, "properties": {"timestamp": "2020-12-18 02:00:23", "individual": "Magdalena / DER A7N56 (e-obs 7044)"}}, {"type": "Feature", "geometry": {"type": "Point", "coordinates": [-5.8872092, 37.2213741]}, "properties": {"timestamp": "2020-12-19 02:00:23", "individual": "Magdalena / DER A7N56 (e-obs 7044)"}}, {"type": "Feature", "geometry": {"type": "Point", "coordinates": [-5.886865, 37.2216076]}, "properties": {"timestamp": "2020-12-20 02:00:23", "individual": "Magdalena / DER A7N56 (e-obs 7044)"}}, {"type": "Feature", "geometry": {"type": "Point", "coordinates": [-5.8873257, 37.2213375]}, "properties": {"timestamp": "2020-12-21 02:00:23", "individual": "Magdalena / DER A7N56 (e-obs 7044)"}}, {"type": "Feature", "geometry": {"type": "Point", "coordinates": [-5.8876028, 37.2208796]}, "properties": {"timestamp": "2020-12-22 02:00:23", "individual": "Magdalena / DER A7N56 (e-obs 7044)"}}, {"type": "Feature", "geometry": {"type": "Point", "coordinates": [-5.8873287, 37.221351]}, "properties": {"timestamp": "2020-12-23 02:00:23", "individual": "Magdalena / DER A7N56 (e-obs 7044)"}}, {"type": "Feature", "geometry": {"type": "Point", "coordinates": [-5.8870979, 37.2216564]}, "properties": {"timestamp": "2020-12-24 02:00:23", "individual": "Magdalena / DER A7N56 (e-obs 7044)"}}, {"type": "Feature", "geometry": {"type": "Point", "coordinates": [-5.887069, 37.2215682]}, "properties": {"timestamp": "2020-12-25 02:00:23", "individual": "Magdalena / DER A7N56 (e-obs 7044)"}}, {"type": "Feature", "geometry": {"type": "Point", "coordinates": [-5.9329845, 37.1829182]}, "properties": {"timestamp": "2020-12-26 02:00:23", "individual": "Magdalena / DER A7N56 (e-obs 7044)"}}, {"type": "Feature", "geometry": {"type": "Point", "coordinates": [-5.874987, 37.2225952]}, "properties": {"timestamp": "2020-12-27 02:00:23", "individual": "Magdalena / DER A7N56 (e-obs 7044)"}}, {"type": "Feature", "geometry": {"type": "Point", "coordinates": [-5.8870089, 37.2217483]}, "properties": {"timestamp": "2020-12-28 02:00:23", "individual": "Magdalena / DER A7N56 (e-obs 7044)"}}, {"type": "Feature", "geometry": {"type": "Point", "coordinates": [-5.8870113, 37.2216747]}, "properties": {"timestamp": "2020-12-29 02:00:23", "individual": "Magdalena / DER A7N56 (e-obs 7044)"}}, {"type": "Feature", "geometry": {"type": "Point", "coordinates": [-5.8877318, 37.2208889]}, "properties": {"timestamp": "2020-12-30 02:00:23", "individual": "Magdalena / DER A7N56 (e-obs 7044)"}}, {"type": "Feature", "geometry": {"type": "Point", "coordinates": [-5.8877864, 37.2209189]}, "properties": {"timestamp": "2020-12-31 02:00:23", "individual": "Magdalena / DER A7N56 (e-obs 7044)"}}, {"type": "Feature", "geometry": {"type": "Point", "coordinates": [-5.8869786, 37.2214627]}, "properties": {"timestamp": "2021-01-01 02:00:23", "individual": "Magdalena / DER A7N56 (e-obs 7044)"}}, {"type": "Feature", "geometry": {"type": "Point", "coordinates": [-5.9937068, 37.1766281]}, "properties": {"timestamp": "2021-01-02 02:00:23", "individual": "Magdalena / DER A7N56 (e-obs 7044)"}}, {"type": "Feature", "geometry": {"type": "Point", "coordinates": [-5.8868605, 37.221771]}, "properties": {"timestamp": "2021-01-03 02:00:23", "individual": "Magdalena / DER A7N56 (e-obs 7044)"}}, {"type": "Feature", "geometry": {"type": "Point", "coordinates": [-5.8869665, 37.2216692]}, "properties": {"timestamp": "2021-01-04 02:00:23", "individual": "Magdalena / DER A7N56 (e-obs 7044)"}}, {"type": "Feature", "geometry": {"type": "Point", "coordinates": [-5.8869418, 37.2215436]}, "properties": {"timestamp": "2021-01-05 02:00:23", "individual": "Magdalena / DER A7N56 (e-obs 7044)"}}, {"type": "Feature", "geometry": {"type": "Point", "coordinates": [-5.8876489, 37.2209368]}, "properties": {"timestamp": "2021-01-06 02:00:23", "individual": "Magdalena / DER A7N56 (e-obs 7044)"}}, {"type": "Feature", "geometry": {"type": "Point", "coordinates": [-5.88725, 37.221458]}, "properties": {"timestamp": "2021-01-07 02:00:23", "individual": "Magdalena / DER A7N56 (e-obs 7044)"}}, {"type": "Feature", "geometry": {"type": "Point", "coordinates": [-5.8860844, 37.2239519]}, "properties": {"timestamp": "2021-01-08 02:00:23", "individual": "Magdalena / DER A7N56 (e-obs 7044)"}}, {"type": "Feature", "geometry": {"type": "Point", "coordinates": [-5.8861785, 37.2213685]}, "properties": {"timestamp": "2021-01-09 02:00:23", "individual": "Magdalena / DER A7N56 (e-obs 7044)"}}, {"type": "Feature", "geometry": {"type": "Point", "coordinates": [-5.9567571, 37.1686513]}, "properties": {"timestamp": "2021-01-10 02:00:23", "individual": "Magdalena / DER A7N56 (e-obs 7044)"}}, {"type": "Feature", "geometry": {"type": "Point", "coordinates": [-5.8879264, 37.220614]}, "properties": {"timestamp": "2021-01-11 02:00:23", "individual": "Magdalena / DER A7N56 (e-obs 7044)"}}, {"type": "Feature", "geometry": {"type": "Point", "coordinates": [-5.8876975, 37.2208832]}, "properties": {"timestamp": "2021-01-12 02:00:23", "individual": "Magdalena / DER A7N56 (e-obs 7044)"}}, {"type": "Feature", "geometry": {"type": "Point", "coordinates": [-5.8877626, 37.2209812]}, "properties": {"timestamp": "2021-01-13 02:00:23", "individual": "Magdalena / DER A7N56 (e-obs 7044)"}}, {"type": "Feature", "geometry": {"type": "Point", "coordinates": [-5.9552447, 37.1673155]}, "properties": {"timestamp": "2021-01-14 02:00:23", "individual": "Magdalena / DER A7N56 (e-obs 7044)"}}, {"type": "Feature", "geometry": {"type": "Point", "coordinates": [-5.9514728, 37.1669907]}, "properties": {"timestamp": "2021-01-15 02:00:23", "individual": "Magdalena / DER A7N56 (e-obs 7044)"}}, {"type": "Feature", "geometry": {"type": "Point", "coordinates": [-5.9516421, 37.1671822]}, "properties": {"timestamp": "2021-01-16 02:00:23", "individual": "Magdalena / DER A7N56 (e-obs 7044)"}}, {"type": "Feature", "geometry": {"type": "Point", "coordinates": [-5.8859889, 37.2239858]}, "properties": {"timestamp": "2021-01-17 02:00:23", "individual": "Magdalena / DER A7N56 (e-obs 7044)"}}, {"type": "Feature", "geometry": {"type": "Point", "coordinates": [-5.8870953, 37.2215021]}, "properties": {"timestamp": "2021-01-18 02:00:23", "individual": "Magdalena / DER A7N56 (e-obs 7044)"}}, {"type": "Feature", "geometry": {"type": "Point", "coordinates": [-5.9593821, 37.1671807]}, "properties": {"timestamp": "2021-01-19 02:00:23", "individual": "Magdalena / DER A7N56 (e-obs 7044)"}}, {"type": "Feature", "geometry": {"type": "Point", "coordinates": [-5.9596079, 37.1671888]}, "properties": {"timestamp": "2021-01-20 02:00:23", "individual": "Magdalena / DER A7N56 (e-obs 7044)"}}, {"type": "Feature", "geometry": {"type": "Point", "coordinates": [-5.9808502, 37.1705511]}, "properties": {"timestamp": "2021-01-21 02:00:23", "individual": "Magdalena / DER A7N56 (e-obs 7044)"}}, {"type": "Feature", "geometry": {"type": "Point", "coordinates": [-5.8860177, 37.2239218]}, "properties": {"timestamp": "2021-01-22 02:00:23", "individual": "Magdalena / DER A7N56 (e-obs 7044)"}}, {"type": "Feature", "geometry": {"type": "Point", "coordinates": [-5.8869504, 37.221777]}, "properties": {"timestamp": "2021-01-23 02:00:23", "individual": "Magdalena / DER A7N56 (e-obs 7044)"}}, {"type": "Feature", "geometry": {"type": "Point", "coordinates": [-5.8860118, 37.2239277]}, "properties": {"timestamp": "2021-01-24 02:00:23", "individual": "Magdalena / DER A7N56 (e-obs 7044)"}}, {"type": "Feature", "geometry": {"type": "Point", "coordinates": [-5.88603, 37.2239396]}, "properties": {"timestamp": "2021-01-25 02:00:23", "individual": "Magdalena / DER A7N56 (e-obs 7044)"}}, {"type": "Feature", "geometry": {"type": "Point", "coordinates": [-5.8869902, 37.2215929]}, "properties": {"timestamp": "2021-01-26 02:00:23", "individual": "Magdalena / DER A7N56 (e-obs 7044)"}}, {"type": "Feature", "geometry": {"type": "Point", "coordinates": [-5.9755825, 37.1686863]}, "properties": {"timestamp": "2021-01-27 02:00:23", "individual": "Magdalena / DER A7N56 (e-obs 7044)"}}, {"type": "Feature", "geometry": {"type": "Point", "coordinates": [-5.8860476, 37.2239529]}, "properties": {"timestamp": "2021-01-28 02:00:23", "individual": "Magdalena / DER A7N56 (e-obs 7044)"}}, {"type": "Feature", "geometry": {"type": "Point", "coordinates": [-5.8860576, 37.2239543]}, "properties": {"timestamp": "2021-01-29 02:00:23", "individual": "Magdalena / DER A7N56 (e-obs 7044)"}}, {"type": "Feature", "geometry": {"type": "Point", "coordinates": [-5.8860252, 37.2239387]}, "properties": {"timestamp": "2021-01-30 02:00:23", "individual": "Magdalena / DER A7N56 (e-obs 7044)"}}, {"type": "Feature", "geometry": {"type": "Point", "coordinates": [-5.8871814, 37.2215554]}, "properties": {"timestamp": "2021-01-31 02:00:23", "individual": "Magdalena / DER A7N56 (e-obs 7044)"}}, {"type": "Feature", "geometry": {"type": "Point", "coordinates": [-5.8868689, 37.2216774]}, "properties": {"timestamp": "2021-02-01 02:00:23", "individual": "Magdalena / DER A7N56 (e-obs 7044)"}}, {"type": "Feature", "geometry": {"type": "Point", "coordinates": [-5.8870546, 37.2214694]}, "properties": {"timestamp": "2021-02-02 02:00:23", "individual": "Magdalena / DER A7N56 (e-obs 7044)"}}, {"type": "Feature", "geometry": {"type": "Point", "coordinates": [-5.8878125, 37.2208225]}, "properties": {"timestamp": "2021-02-03 02:00:23", "individual": "Magdalena / DER A7N56 (e-obs 7044)"}}, {"type": "Feature", "geometry": {"type": "Point", "coordinates": [-6.0017478, 37.167025]}, "properties": {"timestamp": "2021-02-04 02:00:23", "individual": "Magdalena / DER A7N56 (e-obs 7044)"}}, {"type": "Feature", "geometry": {"type": "Point", "coordinates": [-6.1707432, 37.1948955]}, "properties": {"timestamp": "2021-02-05 02:00:23", "individual": "Magdalena / DER A7N56 (e-obs 7044)"}}, {"type": "Feature", "geometry": {"type": "Point", "coordinates": [-6.1691866, 37.1958404]}, "properties": {"timestamp": "2021-02-06 02:00:23", "individual": "Magdalena / DER A7N56 (e-obs 7044)"}}, {"type": "Feature", "geometry": {"type": "Point", "coordinates": [-5.8860279, 37.2238955]}, "properties": {"timestamp": "2021-02-07 02:00:23", "individual": "Magdalena / DER A7N56 (e-obs 7044)"}}, {"type": "Feature", "geometry": {"type": "Point", "coordinates": [-5.8860249, 37.2239356]}, "properties": {"timestamp": "2021-02-08 02:00:23", "individual": "Magdalena / DER A7N56 (e-obs 7044)"}}, {"type": "Feature", "geometry": {"type": "Point", "coordinates": [-5.8860001, 37.2239596]}, "properties": {"timestamp": "2021-02-09 02:00:23", "individual": "Magdalena / DER A7N56 (e-obs 7044)"}}, {"type": "Feature", "geometry": {"type": "Point", "coordinates": [-5.8879774, 37.2207646]}, "properties": {"timestamp": "2021-02-10 02:00:23", "individual": "Magdalena / DER A7N56 (e-obs 7044)"}}, {"type": "Feature", "geometry": {"type": "Point", "coordinates": [-5.8860775, 37.2239331]}, "properties": {"timestamp": "2021-02-11 02:00:23", "individual": "Magdalena / DER A7N56 (e-obs 7044)"}}, {"type": "Feature", "geometry": {"type": "Point", "coordinates": [-5.8860369, 37.2239284]}, "properties": {"timestamp": "2021-02-12 02:00:23", "individual": "Magdalena / DER A7N56 (e-obs 7044)"}}, {"type": "Feature", "geometry": {"type": "Point", "coordinates": [-5.8851333, 37.2230235]}, "properties": {"timestamp": "2021-02-13 02:00:23", "individual": "Magdalena / DER A7N56 (e-obs 7044)"}}, {"type": "Feature", "geometry": {"type": "Point", "coordinates": [-5.8859751, 37.2239594]}, "properties": {"timestamp": "2021-02-14 02:00:23", "individual": "Magdalena / DER A7N56 (e-obs 7044)"}}, {"type": "Feature", "geometry": {"type": "Point", "coordinates": [-5.8860332, 37.2236918]}, "properties": {"timestamp": "2021-02-15 02:00:23", "individual": "Magdalena / DER A7N56 (e-obs 7044)"}}, {"type": "Feature", "geometry": {"type": "Point", "coordinates": [-5.8409103, 37.2433135]}, "properties": {"timestamp": "2021-02-16 02:00:23", "individual": "Magdalena / DER A7N56 (e-obs 7044)"}}, {"type": "Feature", "geometry": {"type": "Point", "coordinates": [-5.8860484, 37.2239595]}, "properties": {"timestamp": "2021-02-17 02:00:23", "individual": "Magdalena / DER A7N56 (e-obs 7044)"}}, {"type": "Feature", "geometry": {"type": "Point", "coordinates": [-5.8860614, 37.2238973]}, "properties": {"timestamp": "2021-02-18 02:00:23", "individual": "Magdalena / DER A7N56 (e-obs 7044)"}}, {"type": "Feature", "geometry": {"type": "Point", "coordinates": [-5.8850987, 37.2229994]}, "properties": {"timestamp": "2021-02-19 02:00:23", "individual": "Magdalena / DER A7N56 (e-obs 7044)"}}, {"type": "Feature", "geometry": {"type": "Point", "coordinates": [-6.0033075, 37.1643369]}, "properties": {"timestamp": "2021-02-20 02:00:23", "individual": "Magdalena / DER A7N56 (e-obs 7044)"}}, {"type": "Feature", "geometry": {"type": "Point", "coordinates": [-5.8860261, 37.2236662]}, "properties": {"timestamp": "2021-02-21 02:00:23", "individual": "Magdalena / DER A7N56 (e-obs 7044)"}}, {"type": "Feature", "geometry": {"type": "Point", "coordinates": [-5.8867028, 37.2217833]}, "properties": {"timestamp": "2021-02-22 02:00:23", "individual": "Magdalena / DER A7N56 (e-obs 7044)"}}, {"type": "Feature", "geometry": {"type": "Point", "coordinates": [-5.8860699, 37.2239269]}, "properties": {"timestamp": "2021-02-23 02:00:23", "individual": "Magdalena / DER A7N56 (e-obs 7044)"}}, {"type": "Feature", "geometry": {"type": "Point", "coordinates": [-5.8860213, 37.22367]}, "properties": {"timestamp": "2021-02-24 02:00:23", "individual": "Magdalena / DER A7N56 (e-obs 7044)"}}, {"type": "Feature", "geometry": {"type": "Point", "coordinates": [-5.8860695, 37.2239183]}, "properties": {"timestamp": "2021-02-25 02:00:23", "individual": "Magdalena / DER A7N56 (e-obs 7044)"}}, {"type": "Feature", "geometry": {"type": "Point", "coordinates": [-5.8879062, 37.2207579]}, "properties": {"timestamp": "2021-02-26 02:00:23", "individual": "Magdalena / DER A7N56 (e-obs 7044)"}}, {"type": "Feature", "geometry": {"type": "Point", "coordinates": [-5.8878529, 37.2208225]}, "properties": {"timestamp": "2021-02-27 02:00:23", "individual": "Magdalena / DER A7N56 (e-obs 7044)"}}, {"type": "Feature", "geometry": {"type": "Point", "coordinates": [-5.8867942, 37.2216381]}, "properties": {"timestamp": "2021-02-28 02:00:23", "individual": "Magdalena / DER A7N56 (e-obs 7044)"}}, {"type": "Feature", "geometry": {"type": "Point", "coordinates": [-5.8876195, 37.2212185]}, "properties": {"timestamp": "2021-03-01 02:00:23", "individual": "Magdalena / DER A7N56 (e-obs 7044)"}}, {"type": "Feature", "geometry": {"type": "Point", "coordinates": [-5.8868775, 37.2218443]}, "properties": {"timestamp": "2021-03-02 02:00:23", "individual": "Magdalena / DER A7N56 (e-obs 7044)"}}, {"type": "Feature", "geometry": {"type": "Point", "coordinates": [-5.8879657, 37.2207008]}, "properties": {"timestamp": "2021-03-03 02:00:23", "individual": "Magdalena / DER A7N56 (e-obs 7044)"}}, {"type": "Feature", "geometry": {"type": "Point", "coordinates": [-5.887918, 37.220715]}, "properties": {"timestamp": "2021-03-04 02:00:23", "individual": "Magdalena / DER A7N56 (e-obs 7044)"}}, {"type": "Feature", "geometry": {"type": "Point", "coordinates": [-5.8860434, 37.2239084]}, "properties": {"timestamp": "2021-03-05 02:00:23", "individual": "Magdalena / DER A7N56 (e-obs 7044)"}}, {"type": "Feature", "geometry": {"type": "Point", "coordinates": [-5.8880427, 37.220728]}, "properties": {"timestamp": "2021-03-06 02:00:23", "individual": "Magdalena / DER A7N56 (e-obs 7044)"}}, {"type": "Feature", "geometry": {"type": "Point", "coordinates": [-5.8880195, 37.2207223]}, "properties": {"timestamp": "2021-03-07 02:00:23", "individual": "Magdalena / DER A7N56 (e-obs 7044)"}}, {"type": "Feature", "geometry": {"type": "Point", "coordinates": [-5.886687, 37.2217519]}, "properties": {"timestamp": "2021-03-08 02:00:23", "individual": "Magdalena / DER A7N56 (e-obs 7044)"}}, {"type": "Feature", "geometry": {"type": "Point", "coordinates": [-5.8860323, 37.2238626]}, "properties": {"timestamp": "2021-03-09 02:00:23", "individual": "Magdalena / DER A7N56 (e-obs 7044)"}}, {"type": "Feature", "geometry": {"type": "Point", "coordinates": [-5.8878811, 37.2206794]}, "properties": {"timestamp": "2021-03-10 02:00:23", "individual": "Magdalena / DER A7N56 (e-obs 7044)"}}, {"type": "Feature", "geometry": {"type": "Point", "coordinates": [-5.8878453, 37.2207052]}, "properties": {"timestamp": "2021-03-11 02:00:23", "individual": "Magdalena / DER A7N56 (e-obs 7044)"}}, {"type": "Feature", "geometry": {"type": "Point", "coordinates": [-5.8860533, 37.223921]}, "properties": {"timestamp": "2021-03-12 02:00:23", "individual": "Magdalena / DER A7N56 (e-obs 7044)"}}, {"type": "Feature", "geometry": {"type": "Point", "coordinates": [-5.8853638, 37.2248044]}, "properties": {"timestamp": "2021-03-13 02:00:23", "individual": "Magdalena / DER A7N56 (e-obs 7044)"}}, {"type": "Feature", "geometry": {"type": "Point", "coordinates": [-5.8858281, 37.2243675]}, "properties": {"timestamp": "2021-03-14 02:00:23", "individual": "Magdalena / DER A7N56 (e-obs 7044)"}}, {"type": "Feature", "geometry": {"type": "Point", "coordinates": [-5.8858628, 37.2243698]}, "properties": {"timestamp": "2021-03-15 02:00:23", "individual": "Magdalena / DER A7N56 (e-obs 7044)"}}, {"type": "Feature", "geometry": {"type": "Point", "coordinates": [-5.8792733, 37.231755]}, "properties": {"timestamp": "2021-03-16 09:45:23", "individual": "Magdalena / DER A7N56 (e-obs 7044)"}}, {"type": "Feature", "geometry": {"type": "Point", "coordinates": [-6.0304937, 37.1270409]}, "properties": {"timestamp": "2021-03-17 02:00:23", "individual": "Magdalena / DER A7N56 (e-obs 7044)"}}, {"type": "Feature", "geometry": {"type": "Point", "coordinates": [-5.8855354, 37.2244541]}, "properties": {"timestamp": "2021-03-18 02:00:23", "individual": "Magdalena / DER A7N56 (e-obs 7044)"}}, {"type": "Feature", "geometry": {"type": "Point", "coordinates": [-5.8878917, 37.2206691]}, "properties": {"timestamp": "2021-03-19 02:00:23", "individual": "Magdalena / DER A7N56 (e-obs 7044)"}}, {"type": "Feature", "geometry": {"type": "Point", "coordinates": [-5.8852879, 37.2244819]}, "properties": {"timestamp": "2021-03-20 02:00:23", "individual": "Magdalena / DER A7N56 (e-obs 7044)"}}, {"type": "Feature", "geometry": {"type": "Point", "coordinates": [-5.8860452, 37.2238909]}, "properties": {"timestamp": "2021-03-21 02:00:23", "individual": "Magdalena / DER A7N56 (e-obs 7044)"}}, {"type": "Feature", "geometry": {"type": "Point", "coordinates": [7.8120942, 48.079141]}, "properties": {"timestamp": "2019-08-07 08:25:13", "individual": "Margherita + / DER AU849 (e-obs 6717)"}}, {"type": "Feature", "geometry": {"type": "Point", "coordinates": [7.8119545, 48.0792444]}, "properties": {"timestamp": "2019-08-08 02:15:35", "individual": "Margherita + / DER AU849 (e-obs 6717)"}}, {"type": "Feature", "geometry": {"type": "Point", "coordinates": [7.8121338, 48.0791215]}, "properties": {"timestamp": "2019-08-09 02:01:20", "individual": "Margherita + / DER AU849 (e-obs 6717)"}}, {"type": "Feature", "geometry": {"type": "Point", "coordinates": [7.8121399, 48.0789577]}, "properties": {"timestamp": "2019-08-10 02:00:47", "individual": "Margherita + / DER AU849 (e-obs 6717)"}}, {"type": "Feature", "geometry": {"type": "Point", "coordinates": [7.8124723, 48.0788954]}, "properties": {"timestamp": "2019-08-11 02:00:47", "individual": "Margherita + / DER AU849 (e-obs 6717)"}}, {"type": "Feature", "geometry": {"type": "Point", "coordinates": [7.8120244, 48.0784213]}, "properties": {"timestamp": "2019-08-12 02:01:47", "individual": "Margherita + / DER AU849 (e-obs 6717)"}}, {"type": "Feature", "geometry": {"type": "Point", "coordinates": [7.8737466, 48.0447515]}, "properties": {"timestamp": "2019-08-13 02:02:12", "individual": "Margherita + / DER AU849 (e-obs 6717)"}}, {"type": "Feature", "geometry": {"type": "Point", "coordinates": [7.8025185, 48.0594869]}, "properties": {"timestamp": "2019-08-14 02:00:23", "individual": "Margherita + / DER AU849 (e-obs 6717)"}}, {"type": "Feature", "geometry": {"type": "Point", "coordinates": [7.5523114, 47.5272827]}, "properties": {"timestamp": "2019-08-15 02:00:23", "individual": "Margherita + / DER AU849 (e-obs 6717)"}}, {"type": "Feature", "geometry": {"type": "Point", "coordinates": [7.5773181, 47.5474011]}, "properties": {"timestamp": "2019-08-16 02:00:23", "individual": "Margherita + / DER AU849 (e-obs 6717)"}}, {"type": "Feature", "geometry": {"type": "Point", "coordinates": [7.0800176, 47.4176117]}, "properties": {"timestamp": "2019-08-17 02:00:41", "individual": "Margherita + / DER AU849 (e-obs 6717)"}}, {"type": "Feature", "geometry": {"type": "Point", "coordinates": [7.0722512, 47.4189497]}, "properties": {"timestamp": "2019-08-18 02:00:41", "individual": "Margherita + / DER AU849 (e-obs 6717)"}}, {"type": "Feature", "geometry": {"type": "Point", "coordinates": [7.0765063, 47.4145922]}, "properties": {"timestamp": "2019-08-19 02:00:47", "individual": "Margherita + / DER AU849 (e-obs 6717)"}}, {"type": "Feature", "geometry": {"type": "Point", "coordinates": [7.0754016, 47.4144019]}, "properties": {"timestamp": "2019-08-20 02:00:47", "individual": "Margherita + / DER AU849 (e-obs 6717)"}}, {"type": "Feature", "geometry": {"type": "Point", "coordinates": [7.0755115, 47.4143866]}, "properties": {"timestamp": "2019-08-21 02:00:23", "individual": "Margherita + / DER AU849 (e-obs 6717)"}}, {"type": "Feature", "geometry": {"type": "Point", "coordinates": [7.0941248, 47.419555]}, "properties": {"timestamp": "2019-08-22 02:00:41", "individual": "Margherita + / DER AU849 (e-obs 6717)"}}, {"type": "Feature", "geometry": {"type": "Point", "coordinates": [4.8693715, 45.447739]}, "properties": {"timestamp": "2019-08-23 02:00:53", "individual": "Margherita + / DER AU849 (e-obs 6717)"}}, {"type": "Feature", "geometry": {"type": "Point", "coordinates": [3.2109452, 43.2815116]}, "properties": {"timestamp": "2019-08-24 08:30:53", "individual": "Margherita + / DER AU849 (e-obs 6717)"}}, {"type": "Feature", "geometry": {"type": "Point", "coordinates": [2.7660396, 42.1132717]}, "properties": {"timestamp": "2019-08-25 02:00:53", "individual": "Margherita + / DER AU849 (e-obs 6717)"}}, {"type": "Feature", "geometry": {"type": "Point", "coordinates": [0.7298043, 41.6266888]}, "properties": {"timestamp": "2019-08-26 02:00:23", "individual": "Margherita + / DER AU849 (e-obs 6717)"}}, {"type": "Feature", "geometry": {"type": "Point", "coordinates": [-2.3099033, 41.2007441]}, "properties": {"timestamp": "2019-08-27 02:00:53", "individual": "Margherita + / DER AU849 (e-obs 6717)"}}, {"type": "Feature", "geometry": {"type": "Point", "coordinates": [-3.5855945, 40.3081087]}, "properties": {"timestamp": "2019-08-28 02:00:39", "individual": "Margherita + / DER AU849 (e-obs 6717)"}}, {"type": "Feature", "geometry": {"type": "Point", "coordinates": [-4.6911249, 38.2888841]}, "properties": {"timestamp": "2019-08-29 02:00:23", "individual": "Margherita + / DER AU849 (e-obs 6717)"}}, {"type": "Feature", "geometry": {"type": "Point", "coordinates": [-5.3635891, 37.235536]}, "properties": {"timestamp": "2019-08-30 02:00:23", "individual": "Margherita + / DER AU849 (e-obs 6717)"}}, {"type": "Feature", "geometry": {"type": "Point", "coordinates": [-5.298657, 37.300856]}, "properties": {"timestamp": "2019-08-31 02:00:41", "individual": "Margherita + / DER AU849 (e-obs 6717)"}}, {"type": "Feature", "geometry": {"type": "Point", "coordinates": [-5.9244779, 36.2667891]}, "properties": {"timestamp": "2019-09-01 02:00:41", "individual": "Margherita + / DER AU849 (e-obs 6717)"}}, {"type": "Feature", "geometry": {"type": "Point", "coordinates": [-5.2380224, 34.3925629]}, "properties": {"timestamp": "2019-09-02 02:18:37", "individual": "Margherita + / DER AU849 (e-obs 6717)"}}, {"type": "Feature", "geometry": {"type": "Point", "coordinates": [-6.1343543, 32.5660874]}, "properties": {"timestamp": "2019-09-03 02:00:23", "individual": "Margherita + / DER AU849 (e-obs 6717)"}}, {"type": "Feature", "geometry": {"type": "Point", "coordinates": [-6.4601326, 30.3379952]}, "properties": {"timestamp": "2019-09-04 02:00:41", "individual": "Margherita + / DER AU849 (e-obs 6717)"}}, {"type": "Feature", "geometry": {"type": "Point", "coordinates": [-5.0276276, 28.1266035]}, "properties": {"timestamp": "2019-09-05 02:00:23", "individual": "Margherita + / DER AU849 (e-obs 6717)"}}, {"type": "Feature", "geometry": {"type": "Point", "coordinates": [-3.9703165, 26.294177]}, "properties": {"timestamp": "2019-09-06 02:00:41", "individual": "Margherita + / DER AU849 (e-obs 6717)"}}, {"type": "Feature", "geometry": {"type": "Point", "coordinates": [-3.2053705, 25.3906504]}, "properties": {"timestamp": "2019-09-07 02:00:23", "individual": "Margherita + / DER AU849 (e-obs 6717)"}}, {"type": "Feature", "geometry": {"type": "Point", "coordinates": [-1.878802, 23.6970807]}, "properties": {"timestamp": "2019-09-08 02:00:23", "individual": "Margherita + / DER AU849 (e-obs 6717)"}}, {"type": "Feature", "geometry": {"type": "Point", "coordinates": [-1.4132415, 20.6907818]}, "properties": {"timestamp": "2019-09-09 02:00:23", "individual": "Margherita + / DER AU849 (e-obs 6717)"}}, {"type": "Feature", "geometry": {"type": "Point", "coordinates": [-0.3867412, 19.0820176]}, "properties": {"timestamp": "2019-09-10 02:00:23", "individual": "Margherita + / DER AU849 (e-obs 6717)"}}, {"type": "Feature", "geometry": {"type": "Point", "coordinates": [0.3306511, 17.511763]}, "properties": {"timestamp": "2019-09-11 02:00:47", "individual": "Margherita + / DER AU849 (e-obs 6717)"}}, {"type": "Feature", "geometry": {"type": "Point", "coordinates": [0.3395001, 17.5296892]}, "properties": {"timestamp": "2019-09-12 02:00:44", "individual": "Margherita + / DER AU849 (e-obs 6717)"}}, {"type": "Feature", "geometry": {"type": "Point", "coordinates": [0.3333698, 17.5255832]}, "properties": {"timestamp": "2019-09-13 02:00:23", "individual": "Margherita + / DER AU849 (e-obs 6717)"}}, {"type": "Feature", "geometry": {"type": "Point", "coordinates": [0.3176737, 17.5153535]}, "properties": {"timestamp": "2019-09-14 02:00:23", "individual": "Margherita + / DER AU849 (e-obs 6717)"}}, {"type": "Feature", "geometry": {"type": "Point", "coordinates": [0.3133838, 17.5138929]}, "properties": {"timestamp": "2019-09-15 02:00:47", "individual": "Margherita + / DER AU849 (e-obs 6717)"}}, {"type": "Feature", "geometry": {"type": "Point", "coordinates": [0.1409088, 17.4156231]}, "properties": {"timestamp": "2019-09-16 02:00:23", "individual": "Margherita + / DER AU849 (e-obs 6717)"}}, {"type": "Feature", "geometry": {"type": "Point", "coordinates": [0.1451353, 17.3943531]}, "properties": {"timestamp": "2019-09-17 02:00:23", "individual": "Margherita + / DER AU849 (e-obs 6717)"}}, {"type": "Feature", "geometry": {"type": "Point", "coordinates": [0.2067899, 17.5256895]}, "properties": {"timestamp": "2019-09-18 02:00:23", "individual": "Margherita + / DER AU849 (e-obs 6717)"}}, {"type": "Feature", "geometry": {"type": "Point", "coordinates": [0.2033886, 17.5285135]}, "properties": {"timestamp": "2019-09-19 02:00:41", "individual": "Margherita + / DER AU849 (e-obs 6717)"}}, {"type": "Feature", "geometry": {"type": "Point", "coordinates": [-0.0251131, 17.4749035]}, "properties": {"timestamp": "2019-09-20 02:00:23", "individual": "Margherita + / DER AU849 (e-obs 6717)"}}, {"type": "Feature", "geometry": {"type": "Point", "coordinates": [0.1424138, 17.454125]}, "properties": {"timestamp": "2019-09-21 02:00:47", "individual": "Margherita + / DER AU849 (e-obs 6717)"}}, {"type": "Feature", "geometry": {"type": "Point", "coordinates": [0.131799, 17.4649159]}, "properties": {"timestamp": "2019-09-22 02:00:41", "individual": "Margherita + / DER AU849 (e-obs 6717)"}}, {"type": "Feature", "geometry": {"type": "Point", "coordinates": [-0.0341937, 17.479027]}, "properties": {"timestamp": "2019-09-23 02:00:41", "individual": "Margherita + / DER AU849 (e-obs 6717)"}}, {"type": "Feature", "geometry": {"type": "Point", "coordinates": [-0.0327995, 17.4798835]}, "properties": {"timestamp": "2019-09-24 02:00:23", "individual": "Margherita + / DER AU849 (e-obs 6717)"}}, {"type": "Feature", "geometry": {"type": "Point", "coordinates": [-0.0293404, 17.4793314]}, "properties": {"timestamp": "2019-09-25 02:00:23", "individual": "Margherita + / DER AU849 (e-obs 6717)"}}, {"type": "Feature", "geometry": {"type": "Point", "coordinates": [0.1371657, 17.4587395]}, "properties": {"timestamp": "2019-09-26 02:00:38", "individual": "Margherita + / DER AU849 (e-obs 6717)"}}, {"type": "Feature", "geometry": {"type": "Point", "coordinates": [-0.0310838, 17.481439]}, "properties": {"timestamp": "2019-09-27 02:00:38", "individual": "Margherita + / DER AU849 (e-obs 6717)"}}, {"type": "Feature", "geometry": {"type": "Point", "coordinates": [-0.0292777, 17.4802954]}, "properties": {"timestamp": "2019-09-28 02:00:23", "individual": "Margherita + / DER AU849 (e-obs 6717)"}}, {"type": "Feature", "geometry": {"type": "Point", "coordinates": [-0.0289255, 17.4817137]}, "properties": {"timestamp": "2019-09-29 02:00:23", "individual": "Margherita + / DER AU849 (e-obs 6717)"}}, {"type": "Feature", "geometry": {"type": "Point", "coordinates": [-0.0314887, 17.4808628]}, "properties": {"timestamp": "2019-09-30 02:00:23", "individual": "Margherita + / DER AU849 (e-obs 6717)"}}, {"type": "Feature", "geometry": {"type": "Point", "coordinates": [-0.0295512, 17.4807905]}, "properties": {"timestamp": "2019-10-01 02:00:41", "individual": "Margherita + / DER AU849 (e-obs 6717)"}}, {"type": "Feature", "geometry": {"type": "Point", "coordinates": [-0.0306497, 17.4812048]}, "properties": {"timestamp": "2019-10-02 02:00:41", "individual": "Margherita + / DER AU849 (e-obs 6717)"}}, {"type": "Feature", "geometry": {"type": "Point", "coordinates": [-0.0348526, 17.4820959]}, "properties": {"timestamp": "2019-10-03 02:00:23", "individual": "Margherita + / DER AU849 (e-obs 6717)"}}, {"type": "Feature", "geometry": {"type": "Point", "coordinates": [-0.0372039, 17.4799578]}, "properties": {"timestamp": "2019-10-04 02:00:23", "individual": "Margherita + / DER AU849 (e-obs 6717)"}}, {"type": "Feature", "geometry": {"type": "Point", "coordinates": [-0.0353266, 17.4795328]}, "properties": {"timestamp": "2019-10-05 02:00:23", "individual": "Margherita + / DER AU849 (e-obs 6717)"}}, {"type": "Feature", "geometry": {"type": "Point", "coordinates": [-0.0080475, 17.5672429]}, "properties": {"timestamp": "2019-10-06 02:00:41", "individual": "Margherita + / DER AU849 (e-obs 6717)"}}, {"type": "Feature", "geometry": {"type": "Point", "coordinates": [-0.0351473, 17.4814313]}, "properties": {"timestamp": "2019-10-07 02:00:47", "individual": "Margherita + / DER AU849 (e-obs 6717)"}}, {"type": "Feature", "geometry": {"type": "Point", "coordinates": [-0.0353928, 17.4797165]}, "properties": {"timestamp": "2019-10-08 02:00:41", "individual": "Margherita + / DER AU849 (e-obs 6717)"}}, {"type": "Feature", "geometry": {"type": "Point", "coordinates": [0.0420381, 17.5315681]}, "properties": {"timestamp": "2019-10-09 02:00:41", "individual": "Margherita + / DER AU849 (e-obs 6717)"}}, {"type": "Feature", "geometry": {"type": "Point", "coordinates": [-0.0361204, 17.4767614]}, "properties": {"timestamp": "2019-10-10 02:00:47", "individual": "Margherita + / DER AU849 (e-obs 6717)"}}, {"type": "Feature", "geometry": {"type": "Point", "coordinates": [-0.0145994, 17.465883]}, "properties": {"timestamp": "2019-10-11 02:00:45", "individual": "Margherita + / DER AU849 (e-obs 6717)"}}, {"type": "Feature", "geometry": {"type": "Point", "coordinates": [-0.037678, 17.4814817]}, "properties": {"timestamp": "2019-10-12 02:00:41", "individual": "Margherita + / DER AU849 (e-obs 6717)"}}, {"type": "Feature", "geometry": {"type": "Point", "coordinates": [-0.0348354, 17.4800002]}, "properties": {"timestamp": "2019-10-13 02:00:47", "individual": "Margherita + / DER AU849 (e-obs 6717)"}}, {"type": "Feature", "geometry": {"type": "Point", "coordinates": [-0.0353558, 17.5795817]}, "properties": {"timestamp": "2019-10-14 02:00:23", "individual": "Margherita + / DER AU849 (e-obs 6717)"}}, {"type": "Feature", "geometry": {"type": "Point", "coordinates": [-0.0380388, 17.4800973]}, "properties": {"timestamp": "2019-10-15 02:00:23", "individual": "Margherita + / DER AU849 (e-obs 6717)"}}, {"type": "Feature", "geometry": {"type": "Point", "coordinates": [-0.038189, 17.4803235]}, "properties": {"timestamp": "2019-10-16 02:00:23", "individual": "Margherita + / DER AU849 (e-obs 6717)"}}, {"type": "Feature", "geometry": {"type": "Point", "coordinates": [-0.034299, 17.4793303]}, "properties": {"timestamp": "2019-10-17 02:00:41", "individual": "Margherita + / DER AU849 (e-obs 6717)"}}, {"type": "Feature", "geometry": {"type": "Point", "coordinates": [0.0278425, 17.5416464]}, "properties": {"timestamp": "2019-10-18 02:00:23", "individual": "Margherita + / DER AU849 (e-obs 6717)"}}, {"type": "Feature", "geometry": {"type": "Point", "coordinates": [0.4837658, 17.0212289]}, "properties": {"timestamp": "2019-10-19 02:00:23", "individual": "Margherita + / DER AU849 (e-obs 6717)"}}, {"type": "Feature", "geometry": {"type": "Point", "coordinates": [0.8598045, 17.057241]}, "properties": {"timestamp": "2019-10-20 02:00:47", "individual": "Margherita + / DER AU849 (e-obs 6717)"}}, {"type": "Feature", "geometry": {"type": "Point", "coordinates": [-0.9004061, 18.504872]}, "properties": {"timestamp": "2019-10-21 02:00:45", "individual": "Margherita + / DER AU849 (e-obs 6717)"}}, {"type": "Feature", "geometry": {"type": "Point", "coordinates": [-2.2305398, 17.6515205]}, "properties": {"timestamp": "2019-10-22 02:00:41", "individual": "Margherita + / DER AU849 (e-obs 6717)"}}, {"type": "Feature", "geometry": {"type": "Point", "coordinates": [-3.0198211, 16.2959046]}, "properties": {"timestamp": "2019-10-23 02:00:41", "individual": "Margherita + / DER AU849 (e-obs 6717)"}}, {"type": "Feature", "geometry": {"type": "Point", "coordinates": [-3.1283855, 16.3678467]}, "properties": {"timestamp": "2019-10-24 06:04:30", "individual": "Margherita + / DER AU849 (e-obs 6717)"}}, {"type": "Feature", "geometry": {"type": "Point", "coordinates": [-3.1481444, 16.3501444]}, "properties": {"timestamp": "2019-10-25 02:00:47", "individual": "Margherita + / DER AU849 (e-obs 6717)"}}, {"type": "Feature", "geometry": {"type": "Point", "coordinates": [-3.15343, 16.3592416]}, "properties": {"timestamp": "2019-10-26 02:00:23", "individual": "Margherita + / DER AU849 (e-obs 6717)"}}, {"type": "Feature", "geometry": {"type": "Point", "coordinates": [-3.0198772, 16.2933589]}, "properties": {"timestamp": "2019-10-27 02:00:47", "individual": "Margherita + / DER AU849 (e-obs 6717)"}}, {"type": "Feature", "geometry": {"type": "Point", "coordinates": [-3.2405863, 16.2696092]}, "properties": {"timestamp": "2019-10-28 02:00:41", "individual": "Margherita + / DER AU849 (e-obs 6717)"}}, {"type": "Feature", "geometry": {"type": "Point", "coordinates": [-3.2391555, 16.2741616]}, "properties": {"timestamp": "2019-10-29 02:00:45", "individual": "Margherita + / DER AU849 (e-obs 6717)"}}, {"type": "Feature", "geometry": {"type": "Point", "coordinates": [-4.4302019, 15.7308608]}, "properties": {"timestamp": "2019-10-30 02:00:41", "individual": "Margherita + / DER AU849 (e-obs 6717)"}}, {"type": "Feature", "geometry": {"type": "Point", "coordinates": [-4.8249284, 15.4211326]}, "properties": {"timestamp": "2019-10-31 02:00:53", "individual": "Margherita + / DER AU849 (e-obs 6717)"}}, {"type": "Feature", "geometry": {"type": "Point", "coordinates": [-4.743441, 15.4674201]}, "properties": {"timestamp": "2019-11-01 02:00:47", "individual": "Margherita + / DER AU849 (e-obs 6717)"}}, {"type": "Feature", "geometry": {"type": "Point", "coordinates": [-4.3020876, 16.0731273]}, "properties": {"timestamp": "2019-11-02 02:00:41", "individual": "Margherita + / DER AU849 (e-obs 6717)"}}, {"type": "Feature", "geometry": {"type": "Point", "coordinates": [-4.1712566, 16.0369439]}, "properties": {"timestamp": "2019-11-03 02:00:47", "individual": "Margherita + / DER AU849 (e-obs 6717)"}}, {"type": "Feature", "geometry": {"type": "Point", "coordinates": [-3.117969, 15.6412572]}, "properties": {"timestamp": "2019-11-04 02:00:47", "individual": "Margherita + / DER AU849 (e-obs 6717)"}}, {"type": "Feature", "geometry": {"type": "Point", "coordinates": [-3.012841, 15.6359412]}, "properties": {"timestamp": "2019-11-05 02:00:41", "individual": "Margherita + / DER AU849 (e-obs 6717)"}}, {"type": "Feature", "geometry": {"type": "Point", "coordinates": [-3.1142338, 15.6204447]}, "properties": {"timestamp": "2019-11-06 02:00:41", "individual": "Margherita + / DER AU849 (e-obs 6717)"}}, {"type": "Feature", "geometry": {"type": "Point", "coordinates": [-3.1281191, 15.5490712]}, "properties": {"timestamp": "2019-11-07 02:00:47", "individual": "Margherita + / DER AU849 (e-obs 6717)"}}, {"type": "Feature", "geometry": {"type": "Point", "coordinates": [-2.1441681, 14.7430017]}, "properties": {"timestamp": "2019-11-08 02:00:41", "individual": "Margherita + / DER AU849 (e-obs 6717)"}}, {"type": "Feature", "geometry": {"type": "Point", "coordinates": [-3.1690594, 15.5680712]}, "properties": {"timestamp": "2019-11-09 02:00:41", "individual": "Margherita + / DER AU849 (e-obs 6717)"}}, {"type": "Feature", "geometry": {"type": "Point", "coordinates": [-3.0566268, 15.6368273]}, "properties": {"timestamp": "2019-11-10 02:00:47", "individual": "Margherita + / DER AU849 (e-obs 6717)"}}, {"type": "Feature", "geometry": {"type": "Point", "coordinates": [-3.0925267, 15.6419359]}, "properties": {"timestamp": "2019-11-11 02:00:41", "individual": "Margherita + / DER AU849 (e-obs 6717)"}}, {"type": "Feature", "geometry": {"type": "Point", "coordinates": [-3.0513394, 15.6386059]}, "properties": {"timestamp": "2019-11-12 02:00:23", "individual": "Margherita + / DER AU849 (e-obs 6717)"}}, {"type": "Feature", "geometry": {"type": "Point", "coordinates": [-3.0967214, 15.6105117]}, "properties": {"timestamp": "2019-11-13 02:00:47", "individual": "Margherita + / DER AU849 (e-obs 6717)"}}, {"type": "Feature", "geometry": {"type": "Point", "coordinates": [-3.0423227, 15.658797]}, "properties": {"timestamp": "2019-11-14 02:00:41", "individual": "Margherita + / DER AU849 (e-obs 6717)"}}, {"type": "Feature", "geometry": {"type": "Point", "coordinates": [-2.9721692, 15.7108395]}, "properties": {"timestamp": "2019-11-15 02:00:53", "individual": "Margherita + / DER AU849 (e-obs 6717)"}}, {"type": "Feature", "geometry": {"type": "Point", "coordinates": [-3.0289385, 15.6434653]}, "properties": {"timestamp": "2019-11-16 02:00:41", "individual": "Margherita + / DER AU849 (e-obs 6717)"}}, {"type": "Feature", "geometry": {"type": "Point", "coordinates": [-2.7998887, 15.7105808]}, "properties": {"timestamp": "2019-11-17 02:00:41", "individual": "Margherita + / DER AU849 (e-obs 6717)"}}, {"type": "Feature", "geometry": {"type": "Point", "coordinates": [-3.0544682, 15.7377177]}, "properties": {"timestamp": "2019-11-18 02:00:41", "individual": "Margherita + / DER AU849 (e-obs 6717)"}}, {"type": "Feature", "geometry": {"type": "Point", "coordinates": [-3.0522912, 15.7441543]}, "properties": {"timestamp": "2019-11-19 02:00:47", "individual": "Margherita + / DER AU849 (e-obs 6717)"}}, {"type": "Feature", "geometry": {"type": "Point", "coordinates": [-3.0478944, 15.7413533]}, "properties": {"timestamp": "2019-11-20 02:00:41", "individual": "Margherita + / DER AU849 (e-obs 6717)"}}, {"type": "Feature", "geometry": {"type": "Point", "coordinates": [-3.0478932, 15.7413648]}, "properties": {"timestamp": "2019-11-21 02:00:41", "individual": "Margherita + / DER AU849 (e-obs 6717)"}}, {"type": "Feature", "geometry": {"type": "Point", "coordinates": [-3.4133857, 16.1485833]}, "properties": {"timestamp": "2019-11-22 02:00:47", "individual": "Margherita + / DER AU849 (e-obs 6717)"}}, {"type": "Feature", "geometry": {"type": "Point", "coordinates": [-3.4135823, 16.1496407]}, "properties": {"timestamp": "2019-11-23 02:00:23", "individual": "Margherita + / DER AU849 (e-obs 6717)"}}, {"type": "Feature", "geometry": {"type": "Point", "coordinates": [-3.4147979, 16.148844]}, "properties": {"timestamp": "2019-11-24 02:00:47", "individual": "Margherita + / DER AU849 (e-obs 6717)"}}, {"type": "Feature", "geometry": {"type": "Point", "coordinates": [-3.3857622, 16.544947]}, "properties": {"timestamp": "2019-11-25 02:00:41", "individual": "Margherita + / DER AU849 (e-obs 6717)"}}, {"type": "Feature", "geometry": {"type": "Point", "coordinates": [-2.9135234, 15.6858285]}, "properties": {"timestamp": "2019-11-26 09:15:32", "individual": "Margherita + / DER AU849 (e-obs 6717)"}}, {"type": "Feature", "geometry": {"type": "Point", "coordinates": [-3.0894104, 16.4612941]}, "properties": {"timestamp": "2019-11-28 16:45:09", "individual": "Margherita + / DER AU849 (e-obs 6717)"}}, {"type": "Feature", "geometry": {"type": "Point", "coordinates": [7.8122828, 48.0791281]}, "properties": {"timestamp": "2020-08-10 08:41:38", "individual": "Martin + A9V58 (eobs 7664)"}}, {"type": "Feature", "geometry": {"type": "Point", "coordinates": [7.8120945, 48.0791609]}, "properties": {"timestamp": "2020-08-11 00:00:51", "individual": "Martin + A9V58 (eobs 7664)"}}, {"type": "Feature", "geometry": {"type": "Point", "coordinates": [7.8123013, 48.0792235]}, "properties": {"timestamp": "2020-08-12 00:00:20", "individual": "Martin + A9V58 (eobs 7664)"}}, {"type": "Feature", "geometry": {"type": "Point", "coordinates": [7.8124081, 48.0791968]}, "properties": {"timestamp": "2020-08-13 00:00:41", "individual": "Martin + A9V58 (eobs 7664)"}}, {"type": "Feature", "geometry": {"type": "Point", "coordinates": [7.8121816, 48.079209]}, "properties": {"timestamp": "2020-08-14 02:15:47", "individual": "Martin + A9V58 (eobs 7664)"}}, {"type": "Feature", "geometry": {"type": "Point", "coordinates": [7.8121852, 48.0791761]}, "properties": {"timestamp": "2020-08-15 02:15:53", "individual": "Martin + A9V58 (eobs 7664)"}}, {"type": "Feature", "geometry": {"type": "Point", "coordinates": [7.8121072, 48.0791731]}, "properties": {"timestamp": "2020-08-16 02:17:11", "individual": "Martin + A9V58 (eobs 7664)"}}, {"type": "Feature", "geometry": {"type": "Point", "coordinates": [7.8121556, 48.0792665]}, "properties": {"timestamp": "2020-08-17 02:16:11", "individual": "Martin + A9V58 (eobs 7664)"}}, {"type": "Feature", "geometry": {"type": "Point", "coordinates": [7.8121479, 48.0791331]}, "properties": {"timestamp": "2020-08-18 02:15:53", "individual": "Martin + A9V58 (eobs 7664)"}}, {"type": "Feature", "geometry": {"type": "Point", "coordinates": [7.8122576, 48.0791099]}, "properties": {"timestamp": "2020-08-19 02:15:53", "individual": "Martin + A9V58 (eobs 7664)"}}, {"type": "Feature", "geometry": {"type": "Point", "coordinates": [7.8120675, 48.079137]}, "properties": {"timestamp": "2020-08-20 02:16:11", "individual": "Martin + A9V58 (eobs 7664)"}}, {"type": "Feature", "geometry": {"type": "Point", "coordinates": [7.8121931, 48.0791833]}, "properties": {"timestamp": "2020-08-21 02:15:47", "individual": "Martin + A9V58 (eobs 7664)"}}, {"type": "Feature", "geometry": {"type": "Point", "coordinates": [7.811852, 48.0791354]}, "properties": {"timestamp": "2020-08-22 02:15:59", "individual": "Martin + A9V58 (eobs 7664)"}}, {"type": "Feature", "geometry": {"type": "Point", "coordinates": [7.8121181, 48.0793248]}, "properties": {"timestamp": "2020-08-23 05:15:47", "individual": "Martin + A9V58 (eobs 7664)"}}, {"type": "Feature", "geometry": {"type": "Point", "coordinates": [7.8118293, 48.0799554]}, "properties": {"timestamp": "2020-08-24 02:15:53", "individual": "Martin + A9V58 (eobs 7664)"}}, {"type": "Feature", "geometry": {"type": "Point", "coordinates": [7.8122842, 48.0792771]}, "properties": {"timestamp": "2020-08-25 02:15:53", "individual": "Martin + A9V58 (eobs 7664)"}}, {"type": "Feature", "geometry": {"type": "Point", "coordinates": [7.1034451, 47.6176446]}, "properties": {"timestamp": "2020-08-26 02:15:41", "individual": "Martin + A9V58 (eobs 7664)"}}, {"type": "Feature", "geometry": {"type": "Point", "coordinates": [7.0987721, 47.6309699]}, "properties": {"timestamp": "2020-08-27 02:17:11", "individual": "Martin + A9V58 (eobs 7664)"}}, {"type": "Feature", "geometry": {"type": "Point", "coordinates": [5.3769677, 46.9513911]}, "properties": {"timestamp": "2020-08-28 02:15:23", "individual": "Martin + A9V58 (eobs 7664)"}}, {"type": "Feature", "geometry": {"type": "Point", "coordinates": [7.8123144, 48.0791362]}, "properties": {"timestamp": "2019-08-07 08:20:09", "individual": "Melanie + / DER A5N66 (e-obs 7094)"}}, {"type": "Feature", "geometry": {"type": "Point", "coordinates": [7.8121985, 48.0791542]}, "properties": {"timestamp": "2019-08-08 02:00:53", "individual": "Melanie + / DER A5N66 (e-obs 7094)"}}, {"type": "Feature", "geometry": {"type": "Point", "coordinates": [7.8121785, 48.0792129]}, "properties": {"timestamp": "2019-08-09 02:00:23", "individual": "Melanie + / DER A5N66 (e-obs 7094)"}}, {"type": "Feature", "geometry": {"type": "Point", "coordinates": [7.8120078, 48.0793075]}, "properties": {"timestamp": "2019-08-10 02:00:41", "individual": "Melanie + / DER A5N66 (e-obs 7094)"}}, {"type": "Feature", "geometry": {"type": "Point", "coordinates": [7.8119938, 48.0792547]}, "properties": {"timestamp": "2019-08-11 02:00:23", "individual": "Melanie + / DER A5N66 (e-obs 7094)"}}, {"type": "Feature", "geometry": {"type": "Point", "coordinates": [7.8120637, 48.0791831]}, "properties": {"timestamp": "2019-08-12 02:00:53", "individual": "Melanie + / DER A5N66 (e-obs 7094)"}}, {"type": "Feature", "geometry": {"type": "Point", "coordinates": [7.8121204, 48.0791511]}, "properties": {"timestamp": "2019-08-13 02:00:23", "individual": "Melanie + / DER A5N66 (e-obs 7094)"}}, {"type": "Feature", "geometry": {"type": "Point", "coordinates": [7.8121234, 48.0791593]}, "properties": {"timestamp": "2019-08-14 02:00:23", "individual": "Melanie + / DER A5N66 (e-obs 7094)"}}, {"type": "Feature", "geometry": {"type": "Point", "coordinates": [7.8121866, 48.0791694]}, "properties": {"timestamp": "2019-08-15 02:00:23", "individual": "Melanie + / DER A5N66 (e-obs 7094)"}}, {"type": "Feature", "geometry": {"type": "Point", "coordinates": [7.8121143, 48.0791713]}, "properties": {"timestamp": "2019-08-16 02:00:23", "individual": "Melanie + / DER A5N66 (e-obs 7094)"}}, {"type": "Feature", "geometry": {"type": "Point", "coordinates": [7.8121102, 48.0791817]}, "properties": {"timestamp": "2019-08-17 02:00:23", "individual": "Melanie + / DER A5N66 (e-obs 7094)"}}, {"type": "Feature", "geometry": {"type": "Point", "coordinates": [7.8120984, 48.0791732]}, "properties": {"timestamp": "2019-08-18 02:00:23", "individual": "Melanie + / DER A5N66 (e-obs 7094)"}}, {"type": "Feature", "geometry": {"type": "Point", "coordinates": [7.857301, 48.0974406]}, "properties": {"timestamp": "2019-08-19 02:00:41", "individual": "Melanie + / DER A5N66 (e-obs 7094)"}}, {"type": "Feature", "geometry": {"type": "Point", "coordinates": [7.8573018, 48.097464]}, "properties": {"timestamp": "2019-08-20 02:00:23", "individual": "Melanie + / DER A5N66 (e-obs 7094)"}}, {"type": "Feature", "geometry": {"type": "Point", "coordinates": [7.8572408, 48.0974606]}, "properties": {"timestamp": "2019-08-21 02:00:23", "individual": "Melanie + / DER A5N66 (e-obs 7094)"}}, {"type": "Feature", "geometry": {"type": "Point", "coordinates": [7.8536031, 48.1038308]}, "properties": {"timestamp": "2019-08-22 02:00:41", "individual": "Melanie + / DER A5N66 (e-obs 7094)"}}, {"type": "Feature", "geometry": {"type": "Point", "coordinates": [7.8121069, 48.0791673]}, "properties": {"timestamp": "2019-08-23 02:00:23", "individual": "Melanie + / DER A5N66 (e-obs 7094)"}}, {"type": "Feature", "geometry": {"type": "Point", "coordinates": [5.3912531, 46.5998031]}, "properties": {"timestamp": "2019-08-24 02:00:23", "individual": "Melanie + / DER A5N66 (e-obs 7094)"}}, {"type": "Feature", "geometry": {"type": "Point", "coordinates": [4.8094807, 45.3721877]}, "properties": {"timestamp": "2019-08-25 02:00:23", "individual": "Melanie + / DER A5N66 (e-obs 7094)"}}, {"type": "Feature", "geometry": {"type": "Point", "coordinates": [4.4822025, 43.6788519]}, "properties": {"timestamp": "2019-08-26 02:00:23", "individual": "Melanie + / DER A5N66 (e-obs 7094)"}}, {"type": "Feature", "geometry": {"type": "Point", "coordinates": [2.0751311, 42.5794479]}, "properties": {"timestamp": "2019-08-27 02:00:23", "individual": "Melanie + / DER A5N66 (e-obs 7094)"}}, {"type": "Feature", "geometry": {"type": "Point", "coordinates": [0.4740876, 41.6882448]}, "properties": {"timestamp": "2019-08-28 02:00:23", "individual": "Melanie + / DER A5N66 (e-obs 7094)"}}, {"type": "Feature", "geometry": {"type": "Point", "coordinates": [-2.3383808, 40.5420993]}, "properties": {"timestamp": "2019-08-29 02:00:23", "individual": "Melanie + / DER A5N66 (e-obs 7094)"}}, {"type": "Feature", "geometry": {"type": "Point", "coordinates": [-4.5620483, 39.9452784]}, "properties": {"timestamp": "2019-08-30 02:00:23", "individual": "Melanie + / DER A5N66 (e-obs 7094)"}}, {"type": "Feature", "geometry": {"type": "Point", "coordinates": [-5.5970869, 38.2803684]}, "properties": {"timestamp": "2019-08-31 02:00:23", "individual": "Melanie + / DER A5N66 (e-obs 7094)"}}, {"type": "Feature", "geometry": {"type": "Point", "coordinates": [-5.8843897, 37.22024]}, "properties": {"timestamp": "2019-09-01 02:00:23", "individual": "Melanie + / DER A5N66 (e-obs 7094)"}}, {"type": "Feature", "geometry": {"type": "Point", "coordinates": [-5.7116793, 36.1744345]}, "properties": {"timestamp": "2019-09-02 02:00:23", "individual": "Melanie + / DER A5N66 (e-obs 7094)"}}, {"type": "Feature", "geometry": {"type": "Point", "coordinates": [-6.1087703, 34.4113077]}, "properties": {"timestamp": "2019-09-03 02:00:23", "individual": "Melanie + / DER A5N66 (e-obs 7094)"}}, {"type": "Feature", "geometry": {"type": "Point", "coordinates": [-7.4603511, 31.9046206]}, "properties": {"timestamp": "2019-09-04 02:00:23", "individual": "Melanie + / DER A5N66 (e-obs 7094)"}}, {"type": "Feature", "geometry": {"type": "Point", "coordinates": [-9.219175, 30.6808031]}, "properties": {"timestamp": "2019-09-05 02:00:47", "individual": "Melanie + / DER A5N66 (e-obs 7094)"}}, {"type": "Feature", "geometry": {"type": "Point", "coordinates": [-8.3319533, 28.1217286]}, "properties": {"timestamp": "2019-09-06 02:00:23", "individual": "Melanie + / DER A5N66 (e-obs 7094)"}}, {"type": "Feature", "geometry": {"type": "Point", "coordinates": [-7.9913802, 27.2246214]}, "properties": {"timestamp": "2019-09-07 02:00:23", "individual": "Melanie + / DER A5N66 (e-obs 7094)"}}, {"type": "Feature", "geometry": {"type": "Point", "coordinates": [-6.588724, 25.343622]}, "properties": {"timestamp": "2019-09-08 02:00:23", "individual": "Melanie + / DER A5N66 (e-obs 7094)"}}, {"type": "Feature", "geometry": {"type": "Point", "coordinates": [-5.8776094, 23.7928564]}, "properties": {"timestamp": "2019-09-09 02:00:23", "individual": "Melanie + / DER A5N66 (e-obs 7094)"}}, {"type": "Feature", "geometry": {"type": "Point", "coordinates": [-6.5114367, 21.4048587]}, "properties": {"timestamp": "2019-09-10 02:00:23", "individual": "Melanie + / DER A5N66 (e-obs 7094)"}}, {"type": "Feature", "geometry": {"type": "Point", "coordinates": [-8.2380293, 18.8386255]}, "properties": {"timestamp": "2019-09-11 02:00:23", "individual": "Melanie + / DER A5N66 (e-obs 7094)"}}, {"type": "Feature", "geometry": {"type": "Point", "coordinates": [-9.3301083, 16.6160526]}, "properties": {"timestamp": "2019-09-12 02:00:23", "individual": "Melanie + / DER A5N66 (e-obs 7094)"}}, {"type": "Feature", "geometry": {"type": "Point", "coordinates": [7.8121667, 48.0791862]}, "properties": {"timestamp": "2019-08-07 07:50:08", "individual": "Silas + / DER A7N66 (e-obs 7045)"}}, {"type": "Feature", "geometry": {"type": "Point", "coordinates": [7.8122217, 48.0790725]}, "properties": {"timestamp": "2019-08-08 02:00:41", "individual": "Silas + / DER A7N66 (e-obs 7045)"}}, {"type": "Feature", "geometry": {"type": "Point", "coordinates": [7.8121196, 48.0791897]}, "properties": {"timestamp": "2019-08-09 02:00:23", "individual": "Silas + / DER A7N66 (e-obs 7045)"}}, {"type": "Feature", "geometry": {"type": "Point", "coordinates": [7.8123055, 48.0791891]}, "properties": {"timestamp": "2019-08-10 02:00:47", "individual": "Silas + / DER A7N66 (e-obs 7045)"}}, {"type": "Feature", "geometry": {"type": "Point", "coordinates": [7.8121284, 48.0791917]}, "properties": {"timestamp": "2019-08-11 02:00:23", "individual": "Silas + / DER A7N66 (e-obs 7045)"}}, {"type": "Feature", "geometry": {"type": "Point", "coordinates": [7.8121465, 48.079105]}, "properties": {"timestamp": "2019-08-12 02:00:23", "individual": "Silas + / DER A7N66 (e-obs 7045)"}}, {"type": "Feature", "geometry": {"type": "Point", "coordinates": [7.8120458, 48.0794365]}, "properties": {"timestamp": "2019-08-13 02:00:23", "individual": "Silas + / DER A7N66 (e-obs 7045)"}}, {"type": "Feature", "geometry": {"type": "Point", "coordinates": [7.8120415, 48.0794291]}, "properties": {"timestamp": "2019-08-14 02:00:23", "individual": "Silas + / DER A7N66 (e-obs 7045)"}}, {"type": "Feature", "geometry": {"type": "Point", "coordinates": [7.8120178, 48.0794059]}, "properties": {"timestamp": "2019-08-15 02:00:23", "individual": "Silas + / DER A7N66 (e-obs 7045)"}}, {"type": "Feature", "geometry": {"type": "Point", "coordinates": [7.8120677, 48.0793471]}, "properties": {"timestamp": "2019-08-16 02:00:23", "individual": "Silas + / DER A7N66 (e-obs 7045)"}}, {"type": "Feature", "geometry": {"type": "Point", "coordinates": [7.7523613, 48.0850895]}, "properties": {"timestamp": "2019-08-17 02:00:23", "individual": "Silas + / DER A7N66 (e-obs 7045)"}}, {"type": "Feature", "geometry": {"type": "Point", "coordinates": [7.7465348, 48.0902408]}, "properties": {"timestamp": "2019-08-18 02:00:23", "individual": "Silas + / DER A7N66 (e-obs 7045)"}}, {"type": "Feature", "geometry": {"type": "Point", "coordinates": [7.8579988, 48.0976037]}, "properties": {"timestamp": "2019-08-19 02:00:23", "individual": "Silas + / DER A7N66 (e-obs 7045)"}}, {"type": "Feature", "geometry": {"type": "Point", "coordinates": [7.8579342, 48.0976234]}, "properties": {"timestamp": "2019-08-20 02:00:23", "individual": "Silas + / DER A7N66 (e-obs 7045)"}}, {"type": "Feature", "geometry": {"type": "Point", "coordinates": [7.8580343, 48.0975213]}, "properties": {"timestamp": "2019-08-21 02:00:23", "individual": "Silas + / DER A7N66 (e-obs 7045)"}}, {"type": "Feature", "geometry": {"type": "Point", "coordinates": [7.8579635, 48.0976351]}, "properties": {"timestamp": "2019-08-22 02:00:23", "individual": "Silas + / DER A7N66 (e-obs 7045)"}}, {"type": "Feature", "geometry": {"type": "Point", "coordinates": [7.8668461, 48.0894372]}, "properties": {"timestamp": "2019-08-23 04:31:21", "individual": "Silas + / DER A7N66 (e-obs 7045)"}}, {"type": "Feature", "geometry": {"type": "Point", "coordinates": [7.5446155, 47.4874971]}, "properties": {"timestamp": "2019-08-24 02:00:23", "individual": "Silas + / DER A7N66 (e-obs 7045)"}}, {"type": "Feature", "geometry": {"type": "Point", "coordinates": [7.3017825, 47.4995888]}, "properties": {"timestamp": "2019-08-25 02:00:23", "individual": "Silas + / DER A7N66 (e-obs 7045)"}}, {"type": "Feature", "geometry": {"type": "Point", "coordinates": [7.2190127, 47.5327295]}, "properties": {"timestamp": "2019-08-26 02:00:23", "individual": "Silas + / DER A7N66 (e-obs 7045)"}}, {"type": "Feature", "geometry": {"type": "Point", "coordinates": [7.3089948, 47.500373]}, "properties": {"timestamp": "2019-08-27 02:00:22.999000", "individual": "Silas + / DER A7N66 (e-obs 7045)"}}, {"type": "Feature", "geometry": {"type": "Point", "coordinates": [7.3090317, 47.5004086]}, "properties": {"timestamp": "2019-08-28 02:00:23", "individual": "Silas + / DER A7N66 (e-obs 7045)"}}, {"type": "Feature", "geometry": {"type": "Point", "coordinates": [7.1129454, 47.5078109]}, "properties": {"timestamp": "2019-08-29 02:00:23", "individual": "Silas + / DER A7N66 (e-obs 7045)"}}, {"type": "Feature", "geometry": {"type": "Point", "coordinates": [7.1129585, 47.5076738]}, "properties": {"timestamp": "2019-08-30 02:00:23", "individual": "Silas + / DER A7N66 (e-obs 7045)"}}, {"type": "Feature", "geometry": {"type": "Point", "coordinates": [5.0780176, 46.0297959]}, "properties": {"timestamp": "2019-08-31 02:00:23", "individual": "Silas + / DER A7N66 (e-obs 7045)"}}, {"type": "Feature", "geometry": {"type": "Point", "coordinates": [4.9046479, 45.1100166]}, "properties": {"timestamp": "2019-09-01 02:00:23", "individual": "Silas + / DER A7N66 (e-obs 7045)"}}, {"type": "Feature", "geometry": {"type": "Point", "coordinates": [4.3748722, 43.5782549]}, "properties": {"timestamp": "2019-09-02 02:00:23", "individual": "Silas + / DER A7N66 (e-obs 7045)"}}, {"type": "Feature", "geometry": {"type": "Point", "coordinates": [3.2143553, 43.2341932]}, "properties": {"timestamp": "2019-09-03 02:00:23", "individual": "Silas + / DER A7N66 (e-obs 7045)"}}, {"type": "Feature", "geometry": {"type": "Point", "coordinates": [1.1732627, 41.7517772]}, "properties": {"timestamp": "2019-09-04 02:00:23", "individual": "Silas + / DER A7N66 (e-obs 7045)"}}, {"type": "Feature", "geometry": {"type": "Point", "coordinates": [0.550318, 41.7438549]}, "properties": {"timestamp": "2019-09-05 02:00:23", "individual": "Silas + / DER A7N66 (e-obs 7045)"}}, {"type": "Feature", "geometry": {"type": "Point", "coordinates": [0.4771325, 41.6886666]}, "properties": {"timestamp": "2019-09-06 02:00:23", "individual": "Silas + / DER A7N66 (e-obs 7045)"}}, {"type": "Feature", "geometry": {"type": "Point", "coordinates": [0.4746046, 41.705364]}, "properties": {"timestamp": "2019-09-07 02:00:23", "individual": "Silas + / DER A7N66 (e-obs 7045)"}}, {"type": "Feature", "geometry": {"type": "Point", "coordinates": [0.5295121, 41.7230322]}, "properties": {"timestamp": "2019-09-08 02:00:23", "individual": "Silas + / DER A7N66 (e-obs 7045)"}}, {"type": "Feature", "geometry": {"type": "Point", "coordinates": [0.5294822, 41.7230587]}, "properties": {"timestamp": "2019-09-09 02:00:23", "individual": "Silas + / DER A7N66 (e-obs 7045)"}}, {"type": "Feature", "geometry": {"type": "Point", "coordinates": [-0.6313874, 41.5080088]}, "properties": {"timestamp": "2019-09-10 02:00:23", "individual": "Silas + / DER A7N66 (e-obs 7045)"}}, {"type": "Feature", "geometry": {"type": "Point", "coordinates": [-0.5864232, 41.5388221]}, "properties": {"timestamp": "2019-09-11 02:00:23", "individual": "Silas + / DER A7N66 (e-obs 7045)"}}, {"type": "Feature", "geometry": {"type": "Point", "coordinates": [-0.7320258, 41.5724975]}, "properties": {"timestamp": "2019-09-12 02:00:23", "individual": "Silas + / DER A7N66 (e-obs 7045)"}}, {"type": "Feature", "geometry": {"type": "Point", "coordinates": [-0.7384888, 41.5729903]}, "properties": {"timestamp": "2019-09-13 02:00:23", "individual": "Silas + / DER A7N66 (e-obs 7045)"}}, {"type": "Feature", "geometry": {"type": "Point", "coordinates": [-0.7429881, 41.6240996]}, "properties": {"timestamp": "2019-09-14 02:00:23", "individual": "Silas + / DER A7N66 (e-obs 7045)"}}, {"type": "Feature", "geometry": {"type": "Point", "coordinates": [-0.7385083, 41.5730054]}, "properties": {"timestamp": "2019-09-15 02:00:23", "individual": "Silas + / DER A7N66 (e-obs 7045)"}}, {"type": "Feature", "geometry": {"type": "Point", "coordinates": [-0.7990196, 41.5892884]}, "properties": {"timestamp": "2019-09-16 02:00:23", "individual": "Silas + / DER A7N66 (e-obs 7045)"}}, {"type": "Feature", "geometry": {"type": "Point", "coordinates": [-0.8644995, 41.5603214]}, "properties": {"timestamp": "2019-09-17 02:00:23", "individual": "Silas + / DER A7N66 (e-obs 7045)"}}, {"type": "Feature", "geometry": {"type": "Point", "coordinates": [-0.7320582, 41.572728]}, "properties": {"timestamp": "2019-09-18 02:00:23", "individual": "Silas + / DER A7N66 (e-obs 7045)"}}, {"type": "Feature", "geometry": {"type": "Point", "coordinates": [-0.7295796, 41.5725737]}, "properties": {"timestamp": "2019-09-19 02:00:23", "individual": "Silas + / DER A7N66 (e-obs 7045)"}}, {"type": "Feature", "geometry": {"type": "Point", "coordinates": [-0.7320489, 41.5726977]}, "properties": {"timestamp": "2019-09-20 02:00:23", "individual": "Silas + / DER A7N66 (e-obs 7045)"}}, {"type": "Feature", "geometry": {"type": "Point", "coordinates": [-2.6598622, 41.0615492]}, "properties": {"timestamp": "2019-09-21 02:00:23", "individual": "Silas + / DER A7N66 (e-obs 7045)"}}, {"type": "Feature", "geometry": {"type": "Point", "coordinates": [-2.6599299, 41.0615883]}, "properties": {"timestamp": "2019-09-22 02:00:23", "individual": "Silas + / DER A7N66 (e-obs 7045)"}}, {"type": "Feature", "geometry": {"type": "Point", "coordinates": [-3.3698548, 40.4767526]}, "properties": {"timestamp": "2019-09-23 02:00:23", "individual": "Silas + / DER A7N66 (e-obs 7045)"}}, {"type": "Feature", "geometry": {"type": "Point", "coordinates": [-3.3726296, 40.4751722]}, "properties": {"timestamp": "2019-09-24 02:00:23", "individual": "Silas + / DER A7N66 (e-obs 7045)"}}, {"type": "Feature", "geometry": {"type": "Point", "coordinates": [-3.37274, 40.4750343]}, "properties": {"timestamp": "2019-09-25 02:00:23", "individual": "Silas + / DER A7N66 (e-obs 7045)"}}, {"type": "Feature", "geometry": {"type": "Point", "coordinates": [-3.3750702, 40.4770621]}, "properties": {"timestamp": "2019-09-26 02:00:23", "individual": "Silas + / DER A7N66 (e-obs 7045)"}}, {"type": "Feature", "geometry": {"type": "Point", "coordinates": [-3.3727424, 40.4750685]}, "properties": {"timestamp": "2019-09-27 02:00:23", "individual": "Silas + / DER A7N66 (e-obs 7045)"}}, {"type": "Feature", "geometry": {"type": "Point", "coordinates": [-3.3724371, 40.4750833]}, "properties": {"timestamp": "2019-09-28 02:00:23", "individual": "Silas + / DER A7N66 (e-obs 7045)"}}, {"type": "Feature", "geometry": {"type": "Point", "coordinates": [-3.3718584, 40.4733177]}, "properties": {"timestamp": "2019-09-29 02:00:23", "individual": "Silas + / DER A7N66 (e-obs 7045)"}}, {"type": "Feature", "geometry": {"type": "Point", "coordinates": [-3.3692192, 40.4762823]}, "properties": {"timestamp": "2019-09-30 02:00:23", "individual": "Silas + / DER A7N66 (e-obs 7045)"}}, {"type": "Feature", "geometry": {"type": "Point", "coordinates": [-3.5700087, 40.3125392]}, "properties": {"timestamp": "2019-10-01 02:00:23", "individual": "Silas + / DER A7N66 (e-obs 7045)"}}, {"type": "Feature", "geometry": {"type": "Point", "coordinates": [-3.5996527, 40.3091502]}, "properties": {"timestamp": "2019-10-02 02:00:23", "individual": "Silas + / DER A7N66 (e-obs 7045)"}}, {"type": "Feature", "geometry": {"type": "Point", "coordinates": [-4.2537727, 39.8408407]}, "properties": {"timestamp": "2019-10-03 02:00:23", "individual": "Silas + / DER A7N66 (e-obs 7045)"}}, {"type": "Feature", "geometry": {"type": "Point", "coordinates": [-4.2552296, 39.8414016]}, "properties": {"timestamp": "2019-10-04 02:00:23", "individual": "Silas + / DER A7N66 (e-obs 7045)"}}, {"type": "Feature", "geometry": {"type": "Point", "coordinates": [-4.4095893, 38.5999674]}, "properties": {"timestamp": "2019-10-05 02:00:23", "individual": "Silas + / DER A7N66 (e-obs 7045)"}}, {"type": "Feature", "geometry": {"type": "Point", "coordinates": [-5.3794916, 37.5042275]}, "properties": {"timestamp": "2019-10-06 02:00:23", "individual": "Silas + / DER A7N66 (e-obs 7045)"}}, {"type": "Feature", "geometry": {"type": "Point", "coordinates": [-5.815509, 36.3071041]}, "properties": {"timestamp": "2019-10-07 02:00:23", "individual": "Silas + / DER A7N66 (e-obs 7045)"}}, {"type": "Feature", "geometry": {"type": "Point", "coordinates": [-5.7924723, 36.2143048]}, "properties": {"timestamp": "2019-10-08 02:00:23", "individual": "Silas + / DER A7N66 (e-obs 7045)"}}, {"type": "Feature", "geometry": {"type": "Point", "coordinates": [-5.795773, 36.216912]}, "properties": {"timestamp": "2019-10-09 02:00:23", "individual": "Silas + / DER A7N66 (e-obs 7045)"}}, {"type": "Feature", "geometry": {"type": "Point", "coordinates": [-5.7903187, 36.2265193]}, "properties": {"timestamp": "2019-10-10 02:00:23", "individual": "Silas + / DER A7N66 (e-obs 7045)"}}, {"type": "Feature", "geometry": {"type": "Point", "coordinates": [-5.7897875, 36.229158]}, "properties": {"timestamp": "2019-10-11 02:00:23", "individual": "Silas + / DER A7N66 (e-obs 7045)"}}, {"type": "Feature", "geometry": {"type": "Point", "coordinates": [-5.7876943, 36.230374]}, "properties": {"timestamp": "2019-10-12 02:00:23", "individual": "Silas + / DER A7N66 (e-obs 7045)"}}, {"type": "Feature", "geometry": {"type": "Point", "coordinates": [-5.7901676, 36.2289842]}, "properties": {"timestamp": "2019-10-13 02:00:23", "individual": "Silas + / DER A7N66 (e-obs 7045)"}}, {"type": "Feature", "geometry": {"type": "Point", "coordinates": [-6.0397627, 35.1156377]}, "properties": {"timestamp": "2019-10-14 02:00:23", "individual": "Silas + / DER A7N66 (e-obs 7045)"}}, {"type": "Feature", "geometry": {"type": "Point", "coordinates": [-5.9089019, 34.9990472]}, "properties": {"timestamp": "2019-10-15 02:00:23", "individual": "Silas + / DER A7N66 (e-obs 7045)"}}, {"type": "Feature", "geometry": {"type": "Point", "coordinates": [-6.2601627, 34.6755617]}, "properties": {"timestamp": "2019-10-16 02:00:23", "individual": "Silas + / DER A7N66 (e-obs 7045)"}}, {"type": "Feature", "geometry": {"type": "Point", "coordinates": [-6.2938131, 34.4698582]}, "properties": {"timestamp": "2019-10-17 02:00:38", "individual": "Silas + / DER A7N66 (e-obs 7045)"}}, {"type": "Feature", "geometry": {"type": "Point", "coordinates": [-6.270468, 34.4785553]}, "properties": {"timestamp": "2019-10-18 02:00:23", "individual": "Silas + / DER A7N66 (e-obs 7045)"}}, {"type": "Feature", "geometry": {"type": "Point", "coordinates": [-6.2931128, 34.4597387]}, "properties": {"timestamp": "2019-10-19 02:00:23", "individual": "Silas + / DER A7N66 (e-obs 7045)"}}, {"type": "Feature", "geometry": {"type": "Point", "coordinates": [-6.5513283, 34.2736542]}, "properties": {"timestamp": "2019-10-20 02:00:39", "individual": "Silas + / DER A7N66 (e-obs 7045)"}}, {"type": "Feature", "geometry": {"type": "Point", "coordinates": [-6.2742358, 34.5698944]}, "properties": {"timestamp": "2019-10-21 02:00:23", "individual": "Silas + / DER A7N66 (e-obs 7045)"}}, {"type": "Feature", "geometry": {"type": "Point", "coordinates": [-6.2706623, 34.5821259]}, "properties": {"timestamp": "2019-10-22 02:00:39", "individual": "Silas + / DER A7N66 (e-obs 7045)"}}, {"type": "Feature", "geometry": {"type": "Point", "coordinates": [-6.2255713, 34.5729574]}, "properties": {"timestamp": "2019-10-23 02:00:23", "individual": "Silas + / DER A7N66 (e-obs 7045)"}}, {"type": "Feature", "geometry": {"type": "Point", "coordinates": [-6.2689523, 34.5781503]}, "properties": {"timestamp": "2019-10-24 02:00:41", "individual": "Silas + / DER A7N66 (e-obs 7045)"}}, {"type": "Feature", "geometry": {"type": "Point", "coordinates": [-6.2571736, 34.6719589]}, "properties": {"timestamp": "2019-10-25 02:00:23", "individual": "Silas + / DER A7N66 (e-obs 7045)"}}, {"type": "Feature", "geometry": {"type": "Point", "coordinates": [-6.268444, 34.5858151]}, "properties": {"timestamp": "2019-10-26 02:00:23", "individual": "Silas + / DER A7N66 (e-obs 7045)"}}, {"type": "Feature", "geometry": {"type": "Point", "coordinates": [-6.2724249, 34.586295]}, "properties": {"timestamp": "2019-10-27 02:00:23", "individual": "Silas + / DER A7N66 (e-obs 7045)"}}, {"type": "Feature", "geometry": {"type": "Point", "coordinates": [-6.3278988, 34.5370463]}, "properties": {"timestamp": "2019-10-28 02:00:23", "individual": "Silas + / DER A7N66 (e-obs 7045)"}}, {"type": "Feature", "geometry": {"type": "Point", "coordinates": [-6.358089, 34.4640473]}, "properties": {"timestamp": "2019-10-29 02:00:23", "individual": "Silas + / DER A7N66 (e-obs 7045)"}}, {"type": "Feature", "geometry": {"type": "Point", "coordinates": [-6.1699904, 34.5029391]}, "properties": {"timestamp": "2019-10-30 02:00:23", "individual": "Silas + / DER A7N66 (e-obs 7045)"}}, {"type": "Feature", "geometry": {"type": "Point", "coordinates": [-6.2592093, 34.666524]}, "properties": {"timestamp": "2019-10-31 02:00:23", "individual": "Silas + / DER A7N66 (e-obs 7045)"}}, {"type": "Feature", "geometry": {"type": "Point", "coordinates": [-6.2574209, 34.6696172]}, "properties": {"timestamp": "2019-11-01 02:00:23", "individual": "Silas + / DER A7N66 (e-obs 7045)"}}, {"type": "Feature", "geometry": {"type": "Point", "coordinates": [-6.2257823, 34.5719008]}, "properties": {"timestamp": "2019-11-02 02:00:23", "individual": "Silas + / DER A7N66 (e-obs 7045)"}}, {"type": "Feature", "geometry": {"type": "Point", "coordinates": [-6.294528, 34.5614401]}, "properties": {"timestamp": "2019-11-03 02:00:23", "individual": "Silas + / DER A7N66 (e-obs 7045)"}}, {"type": "Feature", "geometry": {"type": "Point", "coordinates": [-6.2759032, 34.57833]}, "properties": {"timestamp": "2019-11-04 02:00:23", "individual": "Silas + / DER A7N66 (e-obs 7045)"}}, {"type": "Feature", "geometry": {"type": "Point", "coordinates": [-6.2823464, 34.5625832]}, "properties": {"timestamp": "2019-11-05 02:00:23", "individual": "Silas + / DER A7N66 (e-obs 7045)"}}, {"type": "Feature", "geometry": {"type": "Point", "coordinates": [-6.2539445, 34.6711701]}, "properties": {"timestamp": "2019-11-06 02:00:23", "individual": "Silas + / DER A7N66 (e-obs 7045)"}}, {"type": "Feature", "geometry": {"type": "Point", "coordinates": [-6.55053, 34.2736911]}, "properties": {"timestamp": "2019-11-07 02:00:23", "individual": "Silas + / DER A7N66 (e-obs 7045)"}}, {"type": "Feature", "geometry": {"type": "Point", "coordinates": [-6.5723051, 34.2848516]}, "properties": {"timestamp": "2019-11-08 02:00:23", "individual": "Silas + / DER A7N66 (e-obs 7045)"}}, {"type": "Feature", "geometry": {"type": "Point", "coordinates": [-6.5503829, 34.2733444]}, "properties": {"timestamp": "2019-11-09 02:00:23", "individual": "Silas + / DER A7N66 (e-obs 7045)"}}, {"type": "Feature", "geometry": {"type": "Point", "coordinates": [-6.5724412, 34.2848147]}, "properties": {"timestamp": "2019-11-10 02:00:23", "individual": "Silas + / DER A7N66 (e-obs 7045)"}}, {"type": "Feature", "geometry": {"type": "Point", "coordinates": [-6.5721108, 34.2848198]}, "properties": {"timestamp": "2019-11-11 02:00:23", "individual": "Silas + / DER A7N66 (e-obs 7045)"}}, {"type": "Feature", "geometry": {"type": "Point", "coordinates": [-6.5744909, 34.2606401]}, "properties": {"timestamp": "2019-11-12 02:00:23", "individual": "Silas + / DER A7N66 (e-obs 7045)"}}, {"type": "Feature", "geometry": {"type": "Point", "coordinates": [-6.573446, 34.2851844]}, "properties": {"timestamp": "2019-11-13 02:00:23", "individual": "Silas + / DER A7N66 (e-obs 7045)"}}, {"type": "Feature", "geometry": {"type": "Point", "coordinates": [-6.5734119, 34.2850461]}, "properties": {"timestamp": "2019-11-14 02:00:23", "individual": "Silas + / DER A7N66 (e-obs 7045)"}}, {"type": "Feature", "geometry": {"type": "Point", "coordinates": [-6.5801485, 34.2780223]}, "properties": {"timestamp": "2019-11-15 02:00:23", "individual": "Silas + / DER A7N66 (e-obs 7045)"}}, {"type": "Feature", "geometry": {"type": "Point", "coordinates": [-6.5777829, 34.2752349]}, "properties": {"timestamp": "2019-11-16 02:00:23", "individual": "Silas + / DER A7N66 (e-obs 7045)"}}, {"type": "Feature", "geometry": {"type": "Point", "coordinates": [-6.5777524, 34.275438]}, "properties": {"timestamp": "2019-11-17 02:00:23", "individual": "Silas + / DER A7N66 (e-obs 7045)"}}, {"type": "Feature", "geometry": {"type": "Point", "coordinates": [-6.5779139, 34.2753366]}, "properties": {"timestamp": "2019-11-18 02:00:23", "individual": "Silas + / DER A7N66 (e-obs 7045)"}}, {"type": "Feature", "geometry": {"type": "Point", "coordinates": [-6.5779346, 34.2754264]}, "properties": {"timestamp": "2019-11-19 02:00:23", "individual": "Silas + / DER A7N66 (e-obs 7045)"}}, {"type": "Feature", "geometry": {"type": "Point", "coordinates": [-6.5780602, 34.2753899]}, "properties": {"timestamp": "2019-11-20 02:00:23", "individual": "Silas + / DER A7N66 (e-obs 7045)"}}, {"type": "Feature", "geometry": {"type": "Point", "coordinates": [-6.5780112, 34.2753426]}, "properties": {"timestamp": "2019-11-21 02:00:23", "individual": "Silas + / DER A7N66 (e-obs 7045)"}}, {"type": "Feature", "geometry": {"type": "Point", "coordinates": [-6.577824, 34.2755165]}, "properties": {"timestamp": "2019-11-22 02:00:23", "individual": "Silas + / DER A7N66 (e-obs 7045)"}}, {"type": "Feature", "geometry": {"type": "Point", "coordinates": [-6.5779505, 34.2754027]}, "properties": {"timestamp": "2019-11-23 02:00:23", "individual": "Silas + / DER A7N66 (e-obs 7045)"}}, {"type": "Feature", "geometry": {"type": "Point", "coordinates": [-6.5802928, 34.2754116]}, "properties": {"timestamp": "2019-11-24 02:00:23", "individual": "Silas + / DER A7N66 (e-obs 7045)"}}, {"type": "Feature", "geometry": {"type": "Point", "coordinates": [-6.5807832, 34.2762091]}, "properties": {"timestamp": "2019-11-25 02:00:23", "individual": "Silas + / DER A7N66 (e-obs 7045)"}}, {"type": "Feature", "geometry": {"type": "Point", "coordinates": [-6.5780071, 34.2756139]}, "properties": {"timestamp": "2019-11-26 02:00:23", "individual": "Silas + / DER A7N66 (e-obs 7045)"}}, {"type": "Feature", "geometry": {"type": "Point", "coordinates": [-6.5778077, 34.2755031]}, "properties": {"timestamp": "2019-11-27 02:00:23", "individual": "Silas + / DER A7N66 (e-obs 7045)"}}, {"type": "Feature", "geometry": {"type": "Point", "coordinates": [-6.5779055, 34.2752468]}, "properties": {"timestamp": "2019-11-28 02:00:23", "individual": "Silas + / DER A7N66 (e-obs 7045)"}}, {"type": "Feature", "geometry": {"type": "Point", "coordinates": [-6.5778798, 34.275489]}, "properties": {"timestamp": "2019-11-29 02:00:23", "individual": "Silas + / DER A7N66 (e-obs 7045)"}}, {"type": "Feature", "geometry": {"type": "Point", "coordinates": [-6.5778721, 34.2754305]}, "properties": {"timestamp": "2019-11-30 02:00:23", "individual": "Silas + / DER A7N66 (e-obs 7045)"}}, {"type": "Feature", "geometry": {"type": "Point", "coordinates": [-6.5778475, 34.2753495]}, "properties": {"timestamp": "2019-12-01 02:00:23", "individual": "Silas + / DER A7N66 (e-obs 7045)"}}, {"type": "Feature", "geometry": {"type": "Point", "coordinates": [-6.5779112, 34.2753773]}, "properties": {"timestamp": "2019-12-02 02:00:23", "individual": "Silas + / DER A7N66 (e-obs 7045)"}}, {"type": "Feature", "geometry": {"type": "Point", "coordinates": [-6.5799294, 34.2777467]}, "properties": {"timestamp": "2019-12-03 02:00:23", "individual": "Silas + / DER A7N66 (e-obs 7045)"}}, {"type": "Feature", "geometry": {"type": "Point", "coordinates": [-6.5797933, 34.2756779]}, "properties": {"timestamp": "2019-12-04 02:00:23", "individual": "Silas + / DER A7N66 (e-obs 7045)"}}, {"type": "Feature", "geometry": {"type": "Point", "coordinates": [-6.5793967, 34.2748951]}, "properties": {"timestamp": "2019-12-05 02:00:23", "individual": "Silas + / DER A7N66 (e-obs 7045)"}}, {"type": "Feature", "geometry": {"type": "Point", "coordinates": [-6.5797786, 34.2754433]}, "properties": {"timestamp": "2019-12-06 02:00:23", "individual": "Silas + / DER A7N66 (e-obs 7045)"}}, {"type": "Feature", "geometry": {"type": "Point", "coordinates": [-6.5801986, 34.2751734]}, "properties": {"timestamp": "2019-12-07 02:00:23", "individual": "Silas + / DER A7N66 (e-obs 7045)"}}, {"type": "Feature", "geometry": {"type": "Point", "coordinates": [-6.5800367, 34.2754778]}, "properties": {"timestamp": "2019-12-08 02:00:23", "individual": "Silas + / DER A7N66 (e-obs 7045)"}}, {"type": "Feature", "geometry": {"type": "Point", "coordinates": [-6.5794741, 34.2747204]}, "properties": {"timestamp": "2019-12-09 02:00:23", "individual": "Silas + / DER A7N66 (e-obs 7045)"}}, {"type": "Feature", "geometry": {"type": "Point", "coordinates": [-6.5737357, 34.2852109]}, "properties": {"timestamp": "2019-12-10 02:00:23", "individual": "Silas + / DER A7N66 (e-obs 7045)"}}, {"type": "Feature", "geometry": {"type": "Point", "coordinates": [-6.5801885, 34.2760469]}, "properties": {"timestamp": "2019-12-11 02:00:23", "individual": "Silas + / DER A7N66 (e-obs 7045)"}}, {"type": "Feature", "geometry": {"type": "Point", "coordinates": [-6.5803511, 34.2749705]}, "properties": {"timestamp": "2019-12-12 02:00:23", "individual": "Silas + / DER A7N66 (e-obs 7045)"}}, {"type": "Feature", "geometry": {"type": "Point", "coordinates": [-6.5801273, 34.2755553]}, "properties": {"timestamp": "2019-12-13 02:00:23", "individual": "Silas + / DER A7N66 (e-obs 7045)"}}, {"type": "Feature", "geometry": {"type": "Point", "coordinates": [-6.580205, 34.2777962]}, "properties": {"timestamp": "2019-12-14 02:00:23", "individual": "Silas + / DER A7N66 (e-obs 7045)"}}, {"type": "Feature", "geometry": {"type": "Point", "coordinates": [-6.5795822, 34.2735163]}, "properties": {"timestamp": "2019-12-15 02:00:23", "individual": "Silas + / DER A7N66 (e-obs 7045)"}}, {"type": "Feature", "geometry": {"type": "Point", "coordinates": [-6.5792013, 34.273276]}, "properties": {"timestamp": "2019-12-16 02:00:23", "individual": "Silas + / DER A7N66 (e-obs 7045)"}}, {"type": "Feature", "geometry": {"type": "Point", "coordinates": [-6.5792023, 34.2732967]}, "properties": {"timestamp": "2019-12-17 02:00:23", "individual": "Silas + / DER A7N66 (e-obs 7045)"}}, {"type": "Feature", "geometry": {"type": "Point", "coordinates": [-6.5796224, 34.2755637]}, "properties": {"timestamp": "2019-12-18 02:00:23", "individual": "Silas + / DER A7N66 (e-obs 7045)"}}, {"type": "Feature", "geometry": {"type": "Point", "coordinates": [-6.5797373, 34.2754078]}, "properties": {"timestamp": "2019-12-19 02:00:23", "individual": "Silas + / DER A7N66 (e-obs 7045)"}}, {"type": "Feature", "geometry": {"type": "Point", "coordinates": [-6.5797462, 34.2736337]}, "properties": {"timestamp": "2019-12-20 02:00:23", "individual": "Silas + / DER A7N66 (e-obs 7045)"}}, {"type": "Feature", "geometry": {"type": "Point", "coordinates": [-6.5801173, 34.2754207]}, "properties": {"timestamp": "2019-12-21 02:00:23", "individual": "Silas + / DER A7N66 (e-obs 7045)"}}, {"type": "Feature", "geometry": {"type": "Point", "coordinates": [-6.5801223, 34.2754881]}, "properties": {"timestamp": "2019-12-22 02:00:23", "individual": "Silas + / DER A7N66 (e-obs 7045)"}}, {"type": "Feature", "geometry": {"type": "Point", "coordinates": [-6.5799109, 34.2755226]}, "properties": {"timestamp": "2019-12-23 02:00:23", "individual": "Silas + / DER A7N66 (e-obs 7045)"}}, {"type": "Feature", "geometry": {"type": "Point", "coordinates": [-6.5797544, 34.2754614]}, "properties": {"timestamp": "2019-12-24 02:00:23", "individual": "Silas + / DER A7N66 (e-obs 7045)"}}, {"type": "Feature", "geometry": {"type": "Point", "coordinates": [-6.5794056, 34.273742]}, "properties": {"timestamp": "2019-12-25 02:00:23", "individual": "Silas + / DER A7N66 (e-obs 7045)"}}, {"type": "Feature", "geometry": {"type": "Point", "coordinates": [-6.5798649, 34.2755654]}, "properties": {"timestamp": "2019-12-26 02:00:23", "individual": "Silas + / DER A7N66 (e-obs 7045)"}}, {"type": "Feature", "geometry": {"type": "Point", "coordinates": [-6.5726228, 34.2850917]}, "properties": {"timestamp": "2019-12-27 02:00:23", "individual": "Silas + / DER A7N66 (e-obs 7045)"}}, {"type": "Feature", "geometry": {"type": "Point", "coordinates": [-6.5796183, 34.2736438]}, "properties": {"timestamp": "2019-12-28 02:00:23", "individual": "Silas + / DER A7N66 (e-obs 7045)"}}, {"type": "Feature", "geometry": {"type": "Point", "coordinates": [-6.5803703, 34.2763081]}, "properties": {"timestamp": "2019-12-29 02:00:23", "individual": "Silas + / DER A7N66 (e-obs 7045)"}}, {"type": "Feature", "geometry": {"type": "Point", "coordinates": [-6.5731428, 34.2849889]}, "properties": {"timestamp": "2019-12-30 02:00:23", "individual": "Silas + / DER A7N66 (e-obs 7045)"}}, {"type": "Feature", "geometry": {"type": "Point", "coordinates": [-6.5727904, 34.2850615]}, "properties": {"timestamp": "2019-12-31 02:00:23", "individual": "Silas + / DER A7N66 (e-obs 7045)"}}, {"type": "Feature", "geometry": {"type": "Point", "coordinates": [-6.5719728, 34.2850918]}, "properties": {"timestamp": "2020-01-01 02:00:23", "individual": "Silas + / DER A7N66 (e-obs 7045)"}}, {"type": "Feature", "geometry": {"type": "Point", "coordinates": [-6.5723487, 34.285012]}, "properties": {"timestamp": "2020-01-02 02:00:23", "individual": "Silas + / DER A7N66 (e-obs 7045)"}}, {"type": "Feature", "geometry": {"type": "Point", "coordinates": [-6.5803364, 34.2763604]}, "properties": {"timestamp": "2020-01-03 02:00:23", "individual": "Silas + / DER A7N66 (e-obs 7045)"}}, {"type": "Feature", "geometry": {"type": "Point", "coordinates": [-6.5727071, 34.2850679]}, "properties": {"timestamp": "2020-01-04 02:00:23", "individual": "Silas + / DER A7N66 (e-obs 7045)"}}, {"type": "Feature", "geometry": {"type": "Point", "coordinates": [-6.5801476, 34.2755479]}, "properties": {"timestamp": "2020-01-05 02:00:23", "individual": "Silas + / DER A7N66 (e-obs 7045)"}}, {"type": "Feature", "geometry": {"type": "Point", "coordinates": [-6.5800611, 34.2755205]}, "properties": {"timestamp": "2020-01-06 02:00:23", "individual": "Silas + / DER A7N66 (e-obs 7045)"}}, {"type": "Feature", "geometry": {"type": "Point", "coordinates": [-6.5719147, 34.2849088]}, "properties": {"timestamp": "2020-01-07 02:00:23", "individual": "Silas + / DER A7N66 (e-obs 7045)"}}, {"type": "Feature", "geometry": {"type": "Point", "coordinates": [-6.5722334, 34.2849486]}, "properties": {"timestamp": "2020-01-08 02:00:23", "individual": "Silas + / DER A7N66 (e-obs 7045)"}}, {"type": "Feature", "geometry": {"type": "Point", "coordinates": [-6.5800797, 34.2755212]}, "properties": {"timestamp": "2020-01-09 02:00:23", "individual": "Silas + / DER A7N66 (e-obs 7045)"}}, {"type": "Feature", "geometry": {"type": "Point", "coordinates": [-6.5787001, 34.2782744]}, "properties": {"timestamp": "2020-01-10 02:00:23", "individual": "Silas + / DER A7N66 (e-obs 7045)"}}, {"type": "Feature", "geometry": {"type": "Point", "coordinates": [-6.5804943, 34.2762768]}, "properties": {"timestamp": "2020-01-11 02:00:23", "individual": "Silas + / DER A7N66 (e-obs 7045)"}}, {"type": "Feature", "geometry": {"type": "Point", "coordinates": [-6.5607988, 34.2868878]}, "properties": {"timestamp": "2020-01-12 02:00:23", "individual": "Silas + / DER A7N66 (e-obs 7045)"}}, {"type": "Feature", "geometry": {"type": "Point", "coordinates": [-6.5800979, 34.2774627]}, "properties": {"timestamp": "2020-01-13 02:00:23", "individual": "Silas + / DER A7N66 (e-obs 7045)"}}, {"type": "Feature", "geometry": {"type": "Point", "coordinates": [-6.5793339, 34.2781196]}, "properties": {"timestamp": "2020-01-14 02:00:23", "individual": "Silas + / DER A7N66 (e-obs 7045)"}}, {"type": "Feature", "geometry": {"type": "Point", "coordinates": [-6.580181, 34.2775819]}, "properties": {"timestamp": "2020-01-15 02:00:23", "individual": "Silas + / DER A7N66 (e-obs 7045)"}}, {"type": "Feature", "geometry": {"type": "Point", "coordinates": [-6.5804618, 34.2761881]}, "properties": {"timestamp": "2020-01-16 02:00:23", "individual": "Silas + / DER A7N66 (e-obs 7045)"}}, {"type": "Feature", "geometry": {"type": "Point", "coordinates": [-6.580413, 34.2762832]}, "properties": {"timestamp": "2020-01-17 02:00:23", "individual": "Silas + / DER A7N66 (e-obs 7045)"}}, {"type": "Feature", "geometry": {"type": "Point", "coordinates": [-6.5812075, 34.275987]}, "properties": {"timestamp": "2020-01-18 02:00:23", "individual": "Silas + / DER A7N66 (e-obs 7045)"}}, {"type": "Feature", "geometry": {"type": "Point", "coordinates": [-6.5795416, 34.2736698]}, "properties": {"timestamp": "2020-01-19 02:00:23", "individual": "Silas + / DER A7N66 (e-obs 7045)"}}, {"type": "Feature", "geometry": {"type": "Point", "coordinates": [-6.5809234, 34.2758315]}, "properties": {"timestamp": "2020-01-20 02:00:23", "individual": "Silas + / DER A7N66 (e-obs 7045)"}}, {"type": "Feature", "geometry": {"type": "Point", "coordinates": [-6.5799462, 34.2756061]}, "properties": {"timestamp": "2020-01-21 02:00:23", "individual": "Silas + / DER A7N66 (e-obs 7045)"}}, {"type": "Feature", "geometry": {"type": "Point", "coordinates": [-6.5804339, 34.2754911]}, "properties": {"timestamp": "2020-01-22 02:00:23", "individual": "Silas + / DER A7N66 (e-obs 7045)"}}, {"type": "Feature", "geometry": {"type": "Point", "coordinates": [-6.5805278, 34.2761539]}, "properties": {"timestamp": "2020-01-23 02:00:23", "individual": "Silas + / DER A7N66 (e-obs 7045)"}}, {"type": "Feature", "geometry": {"type": "Point", "coordinates": [-6.5807778, 34.2760096]}, "properties": {"timestamp": "2020-01-24 02:00:23", "individual": "Silas + / DER A7N66 (e-obs 7045)"}}, {"type": "Feature", "geometry": {"type": "Point", "coordinates": [-6.5853147, 34.2641305]}, "properties": {"timestamp": "2020-01-25 02:00:23", "individual": "Silas + / DER A7N66 (e-obs 7045)"}}, {"type": "Feature", "geometry": {"type": "Point", "coordinates": [-6.5804757, 34.2760044]}, "properties": {"timestamp": "2020-01-26 07:30:46", "individual": "Silas + / DER A7N66 (e-obs 7045)"}}, {"type": "Feature", "geometry": {"type": "Point", "coordinates": [-6.5801952, 34.2783271]}, "properties": {"timestamp": "2020-01-27 02:00:23", "individual": "Silas + / DER A7N66 (e-obs 7045)"}}, {"type": "Feature", "geometry": {"type": "Point", "coordinates": [-6.5799061, 34.2755201]}, "properties": {"timestamp": "2020-01-28 02:00:23", "individual": "Silas + / DER A7N66 (e-obs 7045)"}}, {"type": "Feature", "geometry": {"type": "Point", "coordinates": [-6.5798135, 34.2757524]}, "properties": {"timestamp": "2020-01-29 02:00:23", "individual": "Silas + / DER A7N66 (e-obs 7045)"}}, {"type": "Feature", "geometry": {"type": "Point", "coordinates": [-6.5805188, 34.2761433]}, "properties": {"timestamp": "2020-01-30 02:00:23", "individual": "Silas + / DER A7N66 (e-obs 7045)"}}, {"type": "Feature", "geometry": {"type": "Point", "coordinates": [-6.5797585, 34.2761821]}, "properties": {"timestamp": "2020-01-31 02:00:23", "individual": "Silas + / DER A7N66 (e-obs 7045)"}}, {"type": "Feature", "geometry": {"type": "Point", "coordinates": [-6.579408, 34.2736457]}, "properties": {"timestamp": "2020-02-01 02:00:23", "individual": "Silas + / DER A7N66 (e-obs 7045)"}}, {"type": "Feature", "geometry": {"type": "Point", "coordinates": [-6.5810979, 34.2762734]}, "properties": {"timestamp": "2020-02-02 02:00:23", "individual": "Silas + / DER A7N66 (e-obs 7045)"}}, {"type": "Feature", "geometry": {"type": "Point", "coordinates": [-6.5730093, 34.2852759]}, "properties": {"timestamp": "2020-02-03 02:00:23", "individual": "Silas + / DER A7N66 (e-obs 7045)"}}, {"type": "Feature", "geometry": {"type": "Point", "coordinates": [-6.5731468, 34.285209]}, "properties": {"timestamp": "2020-02-04 02:00:23", "individual": "Silas + / DER A7N66 (e-obs 7045)"}}, {"type": "Feature", "geometry": {"type": "Point", "coordinates": [-6.5732333, 34.2851638]}, "properties": {"timestamp": "2020-02-05 02:00:23", "individual": "Silas + / DER A7N66 (e-obs 7045)"}}, {"type": "Feature", "geometry": {"type": "Point", "coordinates": [-6.5730041, 34.2853007]}, "properties": {"timestamp": "2020-02-06 02:00:23", "individual": "Silas + / DER A7N66 (e-obs 7045)"}}, {"type": "Feature", "geometry": {"type": "Point", "coordinates": [-6.5792717, 34.2780718]}, "properties": {"timestamp": "2020-02-07 02:00:23", "individual": "Silas + / DER A7N66 (e-obs 7045)"}}, {"type": "Feature", "geometry": {"type": "Point", "coordinates": [-6.5792124, 34.2780837]}, "properties": {"timestamp": "2020-02-08 02:00:23", "individual": "Silas + / DER A7N66 (e-obs 7045)"}}, {"type": "Feature", "geometry": {"type": "Point", "coordinates": [-6.5797797, 34.277895]}, "properties": {"timestamp": "2020-02-09 02:00:23", "individual": "Silas + / DER A7N66 (e-obs 7045)"}}, {"type": "Feature", "geometry": {"type": "Point", "coordinates": [-6.5801671, 34.2782779]}, "properties": {"timestamp": "2020-02-10 02:00:23", "individual": "Silas + / DER A7N66 (e-obs 7045)"}}, {"type": "Feature", "geometry": {"type": "Point", "coordinates": [-6.5800423, 34.2783318]}, "properties": {"timestamp": "2020-02-11 02:00:23", "individual": "Silas + / DER A7N66 (e-obs 7045)"}}, {"type": "Feature", "geometry": {"type": "Point", "coordinates": [-6.5797651, 34.2779549]}, "properties": {"timestamp": "2020-02-12 02:00:23", "individual": "Silas + / DER A7N66 (e-obs 7045)"}}, {"type": "Feature", "geometry": {"type": "Point", "coordinates": [-6.5800464, 34.2783134]}, "properties": {"timestamp": "2020-02-13 02:00:23", "individual": "Silas + / DER A7N66 (e-obs 7045)"}}, {"type": "Feature", "geometry": {"type": "Point", "coordinates": [-6.5801418, 34.2776803]}, "properties": {"timestamp": "2020-02-14 02:00:23", "individual": "Silas + / DER A7N66 (e-obs 7045)"}}, {"type": "Feature", "geometry": {"type": "Point", "coordinates": [-6.5797918, 34.2779705]}, "properties": {"timestamp": "2020-02-15 02:00:23", "individual": "Silas + / DER A7N66 (e-obs 7045)"}}, {"type": "Feature", "geometry": {"type": "Point", "coordinates": [-6.5802419, 34.2779076]}, "properties": {"timestamp": "2020-02-16 02:00:23", "individual": "Silas + / DER A7N66 (e-obs 7045)"}}, {"type": "Feature", "geometry": {"type": "Point", "coordinates": [-6.5803011, 34.2782735]}, "properties": {"timestamp": "2020-02-17 02:00:23", "individual": "Silas + / DER A7N66 (e-obs 7045)"}}, {"type": "Feature", "geometry": {"type": "Point", "coordinates": [-6.5802423, 34.2782312]}, "properties": {"timestamp": "2020-02-18 02:00:23", "individual": "Silas + / DER A7N66 (e-obs 7045)"}}, {"type": "Feature", "geometry": {"type": "Point", "coordinates": [-6.5803311, 34.2782475]}, "properties": {"timestamp": "2020-02-19 02:00:23", "individual": "Silas + / DER A7N66 (e-obs 7045)"}}, {"type": "Feature", "geometry": {"type": "Point", "coordinates": [-6.5795442, 34.2780693]}, "properties": {"timestamp": "2020-02-20 02:00:23", "individual": "Silas + / DER A7N66 (e-obs 7045)"}}, {"type": "Feature", "geometry": {"type": "Point", "coordinates": [-6.5801783, 34.278279]}, "properties": {"timestamp": "2020-02-21 02:00:41", "individual": "Silas + / DER A7N66 (e-obs 7045)"}}, {"type": "Feature", "geometry": {"type": "Point", "coordinates": [-6.5801617, 34.2782839]}, "properties": {"timestamp": "2020-02-22 02:00:23", "individual": "Silas + / DER A7N66 (e-obs 7045)"}}, {"type": "Feature", "geometry": {"type": "Point", "coordinates": [-6.5801566, 34.2776291]}, "properties": {"timestamp": "2020-02-23 02:00:23", "individual": "Silas + / DER A7N66 (e-obs 7045)"}}, {"type": "Feature", "geometry": {"type": "Point", "coordinates": [-6.5800428, 34.2776836]}, "properties": {"timestamp": "2020-02-24 02:00:23", "individual": "Silas + / DER A7N66 (e-obs 7045)"}}, {"type": "Feature", "geometry": {"type": "Point", "coordinates": [-6.5808139, 34.2759718]}, "properties": {"timestamp": "2020-02-25 02:00:23", "individual": "Silas + / DER A7N66 (e-obs 7045)"}}, {"type": "Feature", "geometry": {"type": "Point", "coordinates": [-6.5800569, 34.2776833]}, "properties": {"timestamp": "2020-02-26 02:00:23", "individual": "Silas + / DER A7N66 (e-obs 7045)"}}, {"type": "Feature", "geometry": {"type": "Point", "coordinates": [-6.5793554, 34.2735149]}, "properties": {"timestamp": "2020-02-27 02:00:23", "individual": "Silas + / DER A7N66 (e-obs 7045)"}}, {"type": "Feature", "geometry": {"type": "Point", "coordinates": [-6.5506608, 34.275659]}, "properties": {"timestamp": "2020-02-28 02:00:23", "individual": "Silas + / DER A7N66 (e-obs 7045)"}}, {"type": "Feature", "geometry": {"type": "Point", "coordinates": [-6.5507816, 34.2755781]}, "properties": {"timestamp": "2020-02-29 02:00:23", "individual": "Silas + / DER A7N66 (e-obs 7045)"}}, {"type": "Feature", "geometry": {"type": "Point", "coordinates": [-6.5812038, 34.2760273]}, "properties": {"timestamp": "2020-03-01 02:00:23", "individual": "Silas + / DER A7N66 (e-obs 7045)"}}, {"type": "Feature", "geometry": {"type": "Point", "coordinates": [-6.5600924, 34.2849105]}, "properties": {"timestamp": "2020-03-02 02:00:23", "individual": "Silas + / DER A7N66 (e-obs 7045)"}}, {"type": "Feature", "geometry": {"type": "Point", "coordinates": [-6.57963, 34.2781163]}, "properties": {"timestamp": "2020-03-03 02:00:23", "individual": "Silas + / DER A7N66 (e-obs 7045)"}}, {"type": "Feature", "geometry": {"type": "Point", "coordinates": [-6.5799909, 34.2782976]}, "properties": {"timestamp": "2020-03-04 02:00:23", "individual": "Silas + / DER A7N66 (e-obs 7045)"}}, {"type": "Feature", "geometry": {"type": "Point", "coordinates": [-6.5609298, 34.2852945]}, "properties": {"timestamp": "2020-03-05 02:00:41", "individual": "Silas + / DER A7N66 (e-obs 7045)"}}, {"type": "Feature", "geometry": {"type": "Point", "coordinates": [-6.5609609, 34.2853988]}, "properties": {"timestamp": "2020-03-06 02:00:23", "individual": "Silas + / DER A7N66 (e-obs 7045)"}}, {"type": "Feature", "geometry": {"type": "Point", "coordinates": [-6.5762, 34.2793546]}, "properties": {"timestamp": "2020-03-07 02:00:23", "individual": "Silas + / DER A7N66 (e-obs 7045)"}}, {"type": "Feature", "geometry": {"type": "Point", "coordinates": [-6.5608077, 34.2854302]}, "properties": {"timestamp": "2020-03-08 02:00:23", "individual": "Silas + / DER A7N66 (e-obs 7045)"}}, {"type": "Feature", "geometry": {"type": "Point", "coordinates": [-6.5611074, 34.2860749]}, "properties": {"timestamp": "2020-03-09 02:00:23", "individual": "Silas + / DER A7N66 (e-obs 7045)"}}, {"type": "Feature", "geometry": {"type": "Point", "coordinates": [-6.5610421, 34.2860363]}, "properties": {"timestamp": "2020-03-10 02:00:23", "individual": "Silas + / DER A7N66 (e-obs 7045)"}}, {"type": "Feature", "geometry": {"type": "Point", "coordinates": [-6.5605625, 34.2854125]}, "properties": {"timestamp": "2020-03-11 02:00:23", "individual": "Silas + / DER A7N66 (e-obs 7045)"}}, {"type": "Feature", "geometry": {"type": "Point", "coordinates": [-6.5619516, 34.2843367]}, "properties": {"timestamp": "2020-03-12 02:00:41", "individual": "Silas + / DER A7N66 (e-obs 7045)"}}, {"type": "Feature", "geometry": {"type": "Point", "coordinates": [-6.5606737, 34.2843508]}, "properties": {"timestamp": "2020-03-13 02:00:41", "individual": "Silas + / DER A7N66 (e-obs 7045)"}}, {"type": "Feature", "geometry": {"type": "Point", "coordinates": [-6.5613903, 34.2862686]}, "properties": {"timestamp": "2020-03-14 02:00:23", "individual": "Silas + / DER A7N66 (e-obs 7045)"}}, {"type": "Feature", "geometry": {"type": "Point", "coordinates": [-6.575868, 34.278889]}, "properties": {"timestamp": "2020-03-15 02:00:23", "individual": "Silas + / DER A7N66 (e-obs 7045)"}}, {"type": "Feature", "geometry": {"type": "Point", "coordinates": [-6.5612147, 34.2861812]}, "properties": {"timestamp": "2020-03-16 02:00:23", "individual": "Silas + / DER A7N66 (e-obs 7045)"}}, {"type": "Feature", "geometry": {"type": "Point", "coordinates": [-6.5800521, 34.2777215]}, "properties": {"timestamp": "2020-03-17 02:00:23", "individual": "Silas + / DER A7N66 (e-obs 7045)"}}, {"type": "Feature", "geometry": {"type": "Point", "coordinates": [-6.5612314, 34.2861948]}, "properties": {"timestamp": "2020-03-18 02:00:23", "individual": "Silas + / DER A7N66 (e-obs 7045)"}}, {"type": "Feature", "geometry": {"type": "Point", "coordinates": [-6.5801663, 34.2782063]}, "properties": {"timestamp": "2020-03-19 02:00:23", "individual": "Silas + / DER A7N66 (e-obs 7045)"}}, {"type": "Feature", "geometry": {"type": "Point", "coordinates": [-6.5620894, 34.2866929]}, "properties": {"timestamp": "2020-03-20 02:00:23", "individual": "Silas + / DER A7N66 (e-obs 7045)"}}, {"type": "Feature", "geometry": {"type": "Point", "coordinates": [-6.5610833, 34.2861384]}, "properties": {"timestamp": "2020-03-21 02:00:23", "individual": "Silas + / DER A7N66 (e-obs 7045)"}}, {"type": "Feature", "geometry": {"type": "Point", "coordinates": [-6.5803815, 34.2781374]}, "properties": {"timestamp": "2020-03-22 02:00:23", "individual": "Silas + / DER A7N66 (e-obs 7045)"}}, {"type": "Feature", "geometry": {"type": "Point", "coordinates": [-6.580078, 34.2777907]}, "properties": {"timestamp": "2020-03-23 02:00:23", "individual": "Silas + / DER A7N66 (e-obs 7045)"}}, {"type": "Feature", "geometry": {"type": "Point", "coordinates": [-6.5620826, 34.2866389]}, "properties": {"timestamp": "2020-03-24 02:00:23", "individual": "Silas + / DER A7N66 (e-obs 7045)"}}, {"type": "Feature", "geometry": {"type": "Point", "coordinates": [-6.5611767, 34.2861017]}, "properties": {"timestamp": "2020-03-25 02:00:23", "individual": "Silas + / DER A7N66 (e-obs 7045)"}}, {"type": "Feature", "geometry": {"type": "Point", "coordinates": [-5.9434795, 35.5416366]}, "properties": {"timestamp": "2020-03-26 02:00:23", "individual": "Silas + / DER A7N66 (e-obs 7045)"}}, {"type": "Feature", "geometry": {"type": "Point", "coordinates": [-5.9105342, 35.6290156]}, "properties": {"timestamp": "2020-03-27 02:00:23", "individual": "Silas + / DER A7N66 (e-obs 7045)"}}, {"type": "Feature", "geometry": {"type": "Point", "coordinates": [-5.7681072, 35.7336276]}, "properties": {"timestamp": "2020-03-28 02:00:23", "individual": "Silas + / DER A7N66 (e-obs 7045)"}}, {"type": "Feature", "geometry": {"type": "Point", "coordinates": [-6.1239646, 36.6148353]}, "properties": {"timestamp": "2020-03-29 02:00:23", "individual": "Silas + / DER A7N66 (e-obs 7045)"}}, {"type": "Feature", "geometry": {"type": "Point", "coordinates": [-6.2825812, 37.0672526]}, "properties": {"timestamp": "2020-03-30 02:00:23", "individual": "Silas + / DER A7N66 (e-obs 7045)"}}, {"type": "Feature", "geometry": {"type": "Point", "coordinates": [-6.2810436, 37.064359]}, "properties": {"timestamp": "2020-03-31 02:00:23", "individual": "Silas + / DER A7N66 (e-obs 7045)"}}, {"type": "Feature", "geometry": {"type": "Point", "coordinates": [-6.2845931, 37.0683685]}, "properties": {"timestamp": "2020-04-01 02:00:23", "individual": "Silas + / DER A7N66 (e-obs 7045)"}}, {"type": "Feature", "geometry": {"type": "Point", "coordinates": [-6.3648961, 37.1070568]}, "properties": {"timestamp": "2020-04-02 02:00:23", "individual": "Silas + / DER A7N66 (e-obs 7045)"}}, {"type": "Feature", "geometry": {"type": "Point", "coordinates": [-6.3735734, 37.0955653]}, "properties": {"timestamp": "2020-04-03 02:00:23", "individual": "Silas + / DER A7N66 (e-obs 7045)"}}, {"type": "Feature", "geometry": {"type": "Point", "coordinates": [-6.3727649, 37.1448786]}, "properties": {"timestamp": "2020-04-04 02:00:23", "individual": "Silas + / DER A7N66 (e-obs 7045)"}}, {"type": "Feature", "geometry": {"type": "Point", "coordinates": [-6.2584981, 37.0897239]}, "properties": {"timestamp": "2020-04-05 02:00:23", "individual": "Silas + / DER A7N66 (e-obs 7045)"}}, {"type": "Feature", "geometry": {"type": "Point", "coordinates": [-6.3415493, 37.113311]}, "properties": {"timestamp": "2020-04-06 02:00:23", "individual": "Silas + / DER A7N66 (e-obs 7045)"}}, {"type": "Feature", "geometry": {"type": "Point", "coordinates": [-6.3403084, 37.1136244]}, "properties": {"timestamp": "2020-04-07 02:00:23", "individual": "Silas + / DER A7N66 (e-obs 7045)"}}, {"type": "Feature", "geometry": {"type": "Point", "coordinates": [-6.3750843, 37.1442273]}, "properties": {"timestamp": "2020-04-08 02:00:23", "individual": "Silas + / DER A7N66 (e-obs 7045)"}}, {"type": "Feature", "geometry": {"type": "Point", "coordinates": [-6.3750911, 37.1442338]}, "properties": {"timestamp": "2020-04-09 02:00:41", "individual": "Silas + / DER A7N66 (e-obs 7045)"}}, {"type": "Feature", "geometry": {"type": "Point", "coordinates": [-6.3750918, 37.1442434]}, "properties": {"timestamp": "2020-04-10 02:00:23", "individual": "Silas + / DER A7N66 (e-obs 7045)"}}, {"type": "Feature", "geometry": {"type": "Point", "coordinates": [-6.3679049, 37.1488844]}, "properties": {"timestamp": "2020-04-11 02:00:23", "individual": "Silas + / DER A7N66 (e-obs 7045)"}}, {"type": "Feature", "geometry": {"type": "Point", "coordinates": [-6.3470139, 37.1264054]}, "properties": {"timestamp": "2020-04-12 02:00:23", "individual": "Silas + / DER A7N66 (e-obs 7045)"}}, {"type": "Feature", "geometry": {"type": "Point", "coordinates": [-6.2297648, 38.8615952]}, "properties": {"timestamp": "2020-04-13 02:00:23", "individual": "Silas + / DER A7N66 (e-obs 7045)"}}, {"type": "Feature", "geometry": {"type": "Point", "coordinates": [-5.6451779, 39.241603]}, "properties": {"timestamp": "2020-04-14 02:00:23", "individual": "Silas + / DER A7N66 (e-obs 7045)"}}, {"type": "Feature", "geometry": {"type": "Point", "coordinates": [-5.6452816, 39.2416568]}, "properties": {"timestamp": "2020-04-15 02:00:23", "individual": "Silas + / DER A7N66 (e-obs 7045)"}}, {"type": "Feature", "geometry": {"type": "Point", "coordinates": [-5.6452626, 39.2416484]}, "properties": {"timestamp": "2020-04-16 02:00:23", "individual": "Silas + / DER A7N66 (e-obs 7045)"}}, {"type": "Feature", "geometry": {"type": "Point", "coordinates": [-5.6452953, 39.2415741]}, "properties": {"timestamp": "2020-04-17 02:00:23", "individual": "Silas + / DER A7N66 (e-obs 7045)"}}, {"type": "Feature", "geometry": {"type": "Point", "coordinates": [-5.6611172, 39.2398697]}, "properties": {"timestamp": "2020-04-18 02:00:23", "individual": "Silas + / DER A7N66 (e-obs 7045)"}}, {"type": "Feature", "geometry": {"type": "Point", "coordinates": [-5.842488, 39.287617]}, "properties": {"timestamp": "2020-04-19 02:00:23", "individual": "Silas + / DER A7N66 (e-obs 7045)"}}, {"type": "Feature", "geometry": {"type": "Point", "coordinates": [-5.8425034, 39.2876118]}, "properties": {"timestamp": "2020-04-20 02:00:23", "individual": "Silas + / DER A7N66 (e-obs 7045)"}}, {"type": "Feature", "geometry": {"type": "Point", "coordinates": [-5.8425277, 39.2875771]}, "properties": {"timestamp": "2020-04-21 02:00:23", "individual": "Silas + / DER A7N66 (e-obs 7045)"}}, {"type": "Feature", "geometry": {"type": "Point", "coordinates": [-5.8424868, 39.2876265]}, "properties": {"timestamp": "2020-04-22 02:00:23", "individual": "Silas + / DER A7N66 (e-obs 7045)"}}, {"type": "Feature", "geometry": {"type": "Point", "coordinates": [-5.8433688, 39.2889067]}, "properties": {"timestamp": "2020-04-23 02:00:23", "individual": "Silas + / DER A7N66 (e-obs 7045)"}}, {"type": "Feature", "geometry": {"type": "Point", "coordinates": [-5.8424874, 39.2876256]}, "properties": {"timestamp": "2020-04-24 02:00:41", "individual": "Silas + / DER A7N66 (e-obs 7045)"}}, {"type": "Feature", "geometry": {"type": "Point", "coordinates": [-5.8372812, 39.518523]}, "properties": {"timestamp": "2020-04-25 02:00:23", "individual": "Silas + / DER A7N66 (e-obs 7045)"}}, {"type": "Feature", "geometry": {"type": "Point", "coordinates": [-5.8256284, 39.5054719]}, "properties": {"timestamp": "2020-04-26 02:00:23", "individual": "Silas + / DER A7N66 (e-obs 7045)"}}, {"type": "Feature", "geometry": {"type": "Point", "coordinates": [-5.8387908, 39.5188051]}, "properties": {"timestamp": "2020-04-27 02:00:23", "individual": "Silas + / DER A7N66 (e-obs 7045)"}}, {"type": "Feature", "geometry": {"type": "Point", "coordinates": [-5.8373501, 39.5185129]}, "properties": {"timestamp": "2020-04-28 02:00:23", "individual": "Silas + / DER A7N66 (e-obs 7045)"}}, {"type": "Feature", "geometry": {"type": "Point", "coordinates": [-5.8373078, 39.5185032]}, "properties": {"timestamp": "2020-04-29 02:00:23", "individual": "Silas + / DER A7N66 (e-obs 7045)"}}, {"type": "Feature", "geometry": {"type": "Point", "coordinates": [-5.8373404, 39.5185389]}, "properties": {"timestamp": "2020-04-30 02:00:23", "individual": "Silas + / DER A7N66 (e-obs 7045)"}}, {"type": "Feature", "geometry": {"type": "Point", "coordinates": [-5.8334114, 39.5286957]}, "properties": {"timestamp": "2020-05-01 02:00:23", "individual": "Silas + / DER A7N66 (e-obs 7045)"}}, {"type": "Feature", "geometry": {"type": "Point", "coordinates": [-5.8387445, 39.5188106]}, "properties": {"timestamp": "2020-05-02 02:00:23", "individual": "Silas + / DER A7N66 (e-obs 7045)"}}, {"type": "Feature", "geometry": {"type": "Point", "coordinates": [-5.8387597, 39.5188086]}, "properties": {"timestamp": "2020-05-03 02:00:23", "individual": "Silas + / DER A7N66 (e-obs 7045)"}}, {"type": "Feature", "geometry": {"type": "Point", "coordinates": [-5.8372839, 39.5185159]}, "properties": {"timestamp": "2020-05-04 02:00:23", "individual": "Silas + / DER A7N66 (e-obs 7045)"}}, {"type": "Feature", "geometry": {"type": "Point", "coordinates": [-5.8387581, 39.5188124]}, "properties": {"timestamp": "2020-05-05 02:00:23", "individual": "Silas + / DER A7N66 (e-obs 7045)"}}, {"type": "Feature", "geometry": {"type": "Point", "coordinates": [-5.8373161, 39.5185121]}, "properties": {"timestamp": "2020-05-06 02:00:23", "individual": "Silas + / DER A7N66 (e-obs 7045)"}}, {"type": "Feature", "geometry": {"type": "Point", "coordinates": [-5.7613248, 39.5141942]}, "properties": {"timestamp": "2020-05-07 02:00:23", "individual": "Silas + / DER A7N66 (e-obs 7045)"}}, {"type": "Feature", "geometry": {"type": "Point", "coordinates": [-5.8387345, 39.5188318]}, "properties": {"timestamp": "2020-05-08 02:00:23", "individual": "Silas + / DER A7N66 (e-obs 7045)"}}, {"type": "Feature", "geometry": {"type": "Point", "coordinates": [-5.8373206, 39.5185131]}, "properties": {"timestamp": "2020-05-09 02:00:23", "individual": "Silas + / DER A7N66 (e-obs 7045)"}}, {"type": "Feature", "geometry": {"type": "Point", "coordinates": [-5.8373184, 39.5184992]}, "properties": {"timestamp": "2020-05-10 02:00:23", "individual": "Silas + / DER A7N66 (e-obs 7045)"}}, {"type": "Feature", "geometry": {"type": "Point", "coordinates": [-5.8373192, 39.5184898]}, "properties": {"timestamp": "2020-05-11 02:00:23", "individual": "Silas + / DER A7N66 (e-obs 7045)"}}, {"type": "Feature", "geometry": {"type": "Point", "coordinates": [-5.8387862, 39.5188159]}, "properties": {"timestamp": "2020-05-12 02:00:23", "individual": "Silas + / DER A7N66 (e-obs 7045)"}}, {"type": "Feature", "geometry": {"type": "Point", "coordinates": [-5.8387612, 39.5187837]}, "properties": {"timestamp": "2020-05-13 02:00:23", "individual": "Silas + / DER A7N66 (e-obs 7045)"}}, {"type": "Feature", "geometry": {"type": "Point", "coordinates": [-5.8387961, 39.5188096]}, "properties": {"timestamp": "2020-05-14 02:00:23", "individual": "Silas + / DER A7N66 (e-obs 7045)"}}, {"type": "Feature", "geometry": {"type": "Point", "coordinates": [-5.8373091, 39.5185317]}, "properties": {"timestamp": "2020-05-15 02:00:23", "individual": "Silas + / DER A7N66 (e-obs 7045)"}}, {"type": "Feature", "geometry": {"type": "Point", "coordinates": [-5.8388599, 39.5188925]}, "properties": {"timestamp": "2020-05-16 02:00:23", "individual": "Silas + / DER A7N66 (e-obs 7045)"}}, {"type": "Feature", "geometry": {"type": "Point", "coordinates": [-5.8419887, 39.5195744]}, "properties": {"timestamp": "2020-05-17 02:00:23", "individual": "Silas + / DER A7N66 (e-obs 7045)"}}, {"type": "Feature", "geometry": {"type": "Point", "coordinates": [-5.8387661, 39.5188006]}, "properties": {"timestamp": "2020-05-18 02:00:23", "individual": "Silas + / DER A7N66 (e-obs 7045)"}}, {"type": "Feature", "geometry": {"type": "Point", "coordinates": [-5.8387583, 39.5188142]}, "properties": {"timestamp": "2020-05-19 02:00:23", "individual": "Silas + / DER A7N66 (e-obs 7045)"}}, {"type": "Feature", "geometry": {"type": "Point", "coordinates": [-5.8387419, 39.5187798]}, "properties": {"timestamp": "2020-05-20 02:00:23", "individual": "Silas + / DER A7N66 (e-obs 7045)"}}, {"type": "Feature", "geometry": {"type": "Point", "coordinates": [-5.8387951, 39.5188311]}, "properties": {"timestamp": "2020-05-21 02:00:23", "individual": "Silas + / DER A7N66 (e-obs 7045)"}}, {"type": "Feature", "geometry": {"type": "Point", "coordinates": [-5.8387332, 39.5187791]}, "properties": {"timestamp": "2020-05-22 02:00:23", "individual": "Silas + / DER A7N66 (e-obs 7045)"}}, {"type": "Feature", "geometry": {"type": "Point", "coordinates": [-5.8387622, 39.5188026]}, "properties": {"timestamp": "2020-05-23 02:00:23", "individual": "Silas + / DER A7N66 (e-obs 7045)"}}, {"type": "Feature", "geometry": {"type": "Point", "coordinates": [-5.8387224, 39.5188127]}, "properties": {"timestamp": "2020-05-24 02:00:23", "individual": "Silas + / DER A7N66 (e-obs 7045)"}}, {"type": "Feature", "geometry": {"type": "Point", "coordinates": [-5.8387972, 39.5188085]}, "properties": {"timestamp": "2020-05-25 02:00:23", "individual": "Silas + / DER A7N66 (e-obs 7045)"}}, {"type": "Feature", "geometry": {"type": "Point", "coordinates": [-5.8387393, 39.5187728]}, "properties": {"timestamp": "2020-05-26 02:00:23", "individual": "Silas + / DER A7N66 (e-obs 7045)"}}, {"type": "Feature", "geometry": {"type": "Point", "coordinates": [-5.8387565, 39.5187554]}, "properties": {"timestamp": "2020-05-27 02:00:23", "individual": "Silas + / DER A7N66 (e-obs 7045)"}}, {"type": "Feature", "geometry": {"type": "Point", "coordinates": [-5.8387402, 39.5187621]}, "properties": {"timestamp": "2020-05-28 02:00:23", "individual": "Silas + / DER A7N66 (e-obs 7045)"}}, {"type": "Feature", "geometry": {"type": "Point", "coordinates": [-5.751978, 39.146575]}, "properties": {"timestamp": "2020-05-29 02:00:23", "individual": "Silas + / DER A7N66 (e-obs 7045)"}}, {"type": "Feature", "geometry": {"type": "Point", "coordinates": [-5.6251, 39.1338983]}, "properties": {"timestamp": "2020-05-30 02:00:47", "individual": "Silas + / DER A7N66 (e-obs 7045)"}}, {"type": "Feature", "geometry": {"type": "Point", "coordinates": [-5.3130923, 38.8708608]}, "properties": {"timestamp": "2020-05-31 02:00:41", "individual": "Silas + / DER A7N66 (e-obs 7045)"}}, {"type": "Feature", "geometry": {"type": "Point", "coordinates": [-5.2611986, 38.7378177]}, "properties": {"timestamp": "2020-06-01 02:00:23", "individual": "Silas + / DER A7N66 (e-obs 7045)"}}, {"type": "Feature", "geometry": {"type": "Point", "coordinates": [-5.2037592, 38.7564468]}, "properties": {"timestamp": "2020-06-02 02:00:23", "individual": "Silas + / DER A7N66 (e-obs 7045)"}}, {"type": "Feature", "geometry": {"type": "Point", "coordinates": [-5.2612393, 38.7378261]}, "properties": {"timestamp": "2020-06-03 02:00:23", "individual": "Silas + / DER A7N66 (e-obs 7045)"}}, {"type": "Feature", "geometry": {"type": "Point", "coordinates": [-5.2127005, 38.7502029]}, "properties": {"timestamp": "2020-06-04 02:00:23", "individual": "Silas + / DER A7N66 (e-obs 7045)"}}, {"type": "Feature", "geometry": {"type": "Point", "coordinates": [-5.288382, 38.7944575]}, "properties": {"timestamp": "2020-06-05 02:00:23", "individual": "Silas + / DER A7N66 (e-obs 7045)"}}, {"type": "Feature", "geometry": {"type": "Point", "coordinates": [-5.2900075, 38.7958689]}, "properties": {"timestamp": "2020-06-06 02:00:23", "individual": "Silas + / DER A7N66 (e-obs 7045)"}}, {"type": "Feature", "geometry": {"type": "Point", "coordinates": [-5.2662993, 38.7917217]}, "properties": {"timestamp": "2020-06-07 02:00:23", "individual": "Silas + / DER A7N66 (e-obs 7045)"}}, {"type": "Feature", "geometry": {"type": "Point", "coordinates": [-5.2885127, 38.7944154]}, "properties": {"timestamp": "2020-06-08 02:00:23", "individual": "Silas + / DER A7N66 (e-obs 7045)"}}, {"type": "Feature", "geometry": {"type": "Point", "coordinates": [-5.2221632, 39.0187827]}, "properties": {"timestamp": "2020-06-09 02:00:23", "individual": "Silas + / DER A7N66 (e-obs 7045)"}}, {"type": "Feature", "geometry": {"type": "Point", "coordinates": [-5.4333292, 39.1948038]}, "properties": {"timestamp": "2020-06-10 02:00:23", "individual": "Silas + / DER A7N66 (e-obs 7045)"}}, {"type": "Feature", "geometry": {"type": "Point", "coordinates": [-4.1801868, 39.8615732]}, "properties": {"timestamp": "2020-06-11 02:00:23", "individual": "Silas + / DER A7N66 (e-obs 7045)"}}, {"type": "Feature", "geometry": {"type": "Point", "coordinates": [-1.2718069, 42.1171535]}, "properties": {"timestamp": "2020-06-12 02:00:23", "individual": "Silas + / DER A7N66 (e-obs 7045)"}}, {"type": "Feature", "geometry": {"type": "Point", "coordinates": [-1.2724752, 42.1204882]}, "properties": {"timestamp": "2020-06-13 02:00:23", "individual": "Silas + / DER A7N66 (e-obs 7045)"}}, {"type": "Feature", "geometry": {"type": "Point", "coordinates": [-1.3393874, 42.1626253]}, "properties": {"timestamp": "2020-06-14 02:00:41", "individual": "Silas + / DER A7N66 (e-obs 7045)"}}, {"type": "Feature", "geometry": {"type": "Point", "coordinates": [-1.3423238, 42.1535761]}, "properties": {"timestamp": "2020-06-15 02:00:23", "individual": "Silas + / DER A7N66 (e-obs 7045)"}}, {"type": "Feature", "geometry": {"type": "Point", "coordinates": [-1.1517982, 42.09053]}, "properties": {"timestamp": "2020-06-16 02:00:23", "individual": "Silas + / DER A7N66 (e-obs 7045)"}}, {"type": "Feature", "geometry": {"type": "Point", "coordinates": [-1.096328, 42.1532867]}, "properties": {"timestamp": "2020-06-17 02:00:23", "individual": "Silas + / DER A7N66 (e-obs 7045)"}}, {"type": "Feature", "geometry": {"type": "Point", "coordinates": [-1.148054, 42.1076367]}, "properties": {"timestamp": "2020-06-18 02:00:23", "individual": "Silas + / DER A7N66 (e-obs 7045)"}}, {"type": "Feature", "geometry": {"type": "Point", "coordinates": [-1.2453195, 42.0944825]}, "properties": {"timestamp": "2020-06-19 02:00:23", "individual": "Silas + / DER A7N66 (e-obs 7045)"}}, {"type": "Feature", "geometry": {"type": "Point", "coordinates": [-1.2484073, 42.0957639]}, "properties": {"timestamp": "2020-06-20 02:00:23", "individual": "Silas + / DER A7N66 (e-obs 7045)"}}, {"type": "Feature", "geometry": {"type": "Point", "coordinates": [-1.2704454, 42.1167382]}, "properties": {"timestamp": "2020-06-21 02:00:23", "individual": "Silas + / DER A7N66 (e-obs 7045)"}}, {"type": "Feature", "geometry": {"type": "Point", "coordinates": [-1.3707831, 42.1620105]}, "properties": {"timestamp": "2020-06-22 02:00:23", "individual": "Silas + / DER A7N66 (e-obs 7045)"}}, {"type": "Feature", "geometry": {"type": "Point", "coordinates": [-1.3257404, 42.3845295]}, "properties": {"timestamp": "2020-06-23 02:00:23", "individual": "Silas + / DER A7N66 (e-obs 7045)"}}, {"type": "Feature", "geometry": {"type": "Point", "coordinates": [-1.3253321, 42.384675]}, "properties": {"timestamp": "2020-06-24 02:00:23", "individual": "Silas + / DER A7N66 (e-obs 7045)"}}, {"type": "Feature", "geometry": {"type": "Point", "coordinates": [-1.358192, 42.327569]}, "properties": {"timestamp": "2020-06-25 02:00:23", "individual": "Silas + / DER A7N66 (e-obs 7045)"}}, {"type": "Feature", "geometry": {"type": "Point", "coordinates": [-1.3585085, 42.3278184]}, "properties": {"timestamp": "2020-06-26 02:00:23", "individual": "Silas + / DER A7N66 (e-obs 7045)"}}, {"type": "Feature", "geometry": {"type": "Point", "coordinates": [-1.3584262, 42.327688]}, "properties": {"timestamp": "2020-06-27 02:00:23", "individual": "Silas + / DER A7N66 (e-obs 7045)"}}, {"type": "Feature", "geometry": {"type": "Point", "coordinates": [-1.3580192, 42.3208006]}, "properties": {"timestamp": "2020-06-28 02:00:23", "individual": "Silas + / DER A7N66 (e-obs 7045)"}}, {"type": "Feature", "geometry": {"type": "Point", "coordinates": [-1.3579937, 42.3208337]}, "properties": {"timestamp": "2020-06-29 02:00:23", "individual": "Silas + / DER A7N66 (e-obs 7045)"}}, {"type": "Feature", "geometry": {"type": "Point", "coordinates": [-1.353343, 42.3256667]}, "properties": {"timestamp": "2020-06-30 02:00:23", "individual": "Silas + / DER A7N66 (e-obs 7045)"}}, {"type": "Feature", "geometry": {"type": "Point", "coordinates": [-1.3534594, 42.3254925]}, "properties": {"timestamp": "2020-07-01 02:00:23", "individual": "Silas + / DER A7N66 (e-obs 7045)"}}, {"type": "Feature", "geometry": {"type": "Point", "coordinates": [-1.5003408, 42.3738942]}, "properties": {"timestamp": "2020-07-02 02:00:23", "individual": "Silas + / DER A7N66 (e-obs 7045)"}}, {"type": "Feature", "geometry": {"type": "Point", "coordinates": [-1.3582381, 42.3208908]}, "properties": {"timestamp": "2020-07-03 02:00:23", "individual": "Silas + / DER A7N66 (e-obs 7045)"}}, {"type": "Feature", "geometry": {"type": "Point", "coordinates": [-1.2740759, 42.1203884]}, "properties": {"timestamp": "2020-07-04 02:00:23", "individual": "Silas + / DER A7N66 (e-obs 7045)"}}, {"type": "Feature", "geometry": {"type": "Point", "coordinates": [-1.2708946, 42.1153049]}, "properties": {"timestamp": "2020-07-05 02:00:23", "individual": "Silas + / DER A7N66 (e-obs 7045)"}}, {"type": "Feature", "geometry": {"type": "Point", "coordinates": [-1.363199, 42.1570311]}, "properties": {"timestamp": "2020-07-06 02:00:23", "individual": "Silas + / DER A7N66 (e-obs 7045)"}}, {"type": "Feature", "geometry": {"type": "Point", "coordinates": [-1.3295845, 42.1380044]}, "properties": {"timestamp": "2020-07-07 02:00:23", "individual": "Silas + / DER A7N66 (e-obs 7045)"}}, {"type": "Feature", "geometry": {"type": "Point", "coordinates": [-1.3702744, 42.1547236]}, "properties": {"timestamp": "2020-07-08 02:00:23", "individual": "Silas + / DER A7N66 (e-obs 7045)"}}, {"type": "Feature", "geometry": {"type": "Point", "coordinates": [-1.370901, 42.1619401]}, "properties": {"timestamp": "2020-07-09 02:00:23", "individual": "Silas + / DER A7N66 (e-obs 7045)"}}, {"type": "Feature", "geometry": {"type": "Point", "coordinates": [-1.3708479, 42.1622069]}, "properties": {"timestamp": "2020-07-10 02:00:23", "individual": "Silas + / DER A7N66 (e-obs 7045)"}}, {"type": "Feature", "geometry": {"type": "Point", "coordinates": [-1.1191963, 42.1373361]}, "properties": {"timestamp": "2020-07-11 02:00:23", "individual": "Silas + / DER A7N66 (e-obs 7045)"}}, {"type": "Feature", "geometry": {"type": "Point", "coordinates": [-1.0387117, 42.1248322]}, "properties": {"timestamp": "2020-07-12 02:00:23", "individual": "Silas + / DER A7N66 (e-obs 7045)"}}, {"type": "Feature", "geometry": {"type": "Point", "coordinates": [-0.9502015, 42.1074385]}, "properties": {"timestamp": "2020-07-13 02:00:23", "individual": "Silas + / DER A7N66 (e-obs 7045)"}}, {"type": "Feature", "geometry": {"type": "Point", "coordinates": [-0.378138, 42.1343406]}, "properties": {"timestamp": "2020-07-14 02:00:23", "individual": "Silas + / DER A7N66 (e-obs 7045)"}}, {"type": "Feature", "geometry": {"type": "Point", "coordinates": [-0.4095594, 42.0789475]}, "properties": {"timestamp": "2020-07-15 02:00:23", "individual": "Silas + / DER A7N66 (e-obs 7045)"}}, {"type": "Feature", "geometry": {"type": "Point", "coordinates": [-0.3890856, 41.9499742]}, "properties": {"timestamp": "2020-07-16 02:00:23", "individual": "Silas + / DER A7N66 (e-obs 7045)"}}, {"type": "Feature", "geometry": {"type": "Point", "coordinates": [-0.3177779, 41.7856481]}, "properties": {"timestamp": "2020-07-17 02:00:23", "individual": "Silas + / DER A7N66 (e-obs 7045)"}}, {"type": "Feature", "geometry": {"type": "Point", "coordinates": [-0.318154, 41.785657]}, "properties": {"timestamp": "2020-07-18 02:00:23", "individual": "Silas + / DER A7N66 (e-obs 7045)"}}, {"type": "Feature", "geometry": {"type": "Point", "coordinates": [-0.318129, 41.785632]}, "properties": {"timestamp": "2020-07-19 02:00:23", "individual": "Silas + / DER A7N66 (e-obs 7045)"}}, {"type": "Feature", "geometry": {"type": "Point", "coordinates": [-0.3181347, 41.7856054]}, "properties": {"timestamp": "2020-07-20 02:00:23", "individual": "Silas + / DER A7N66 (e-obs 7045)"}}, {"type": "Feature", "geometry": {"type": "Point", "coordinates": [-0.31815, 41.7856549]}, "properties": {"timestamp": "2020-07-21 02:00:23", "individual": "Silas + / DER A7N66 (e-obs 7045)"}}, {"type": "Feature", "geometry": {"type": "Point", "coordinates": [-0.3180977, 41.7856694]}, "properties": {"timestamp": "2020-07-22 02:00:23", "individual": "Silas + / DER A7N66 (e-obs 7045)"}}, {"type": "Feature", "geometry": {"type": "Point", "coordinates": [-0.2131989, 41.7330611]}, "properties": {"timestamp": "2020-07-23 02:00:23", "individual": "Silas + / DER A7N66 (e-obs 7045)"}}, {"type": "Feature", "geometry": {"type": "Point", "coordinates": [-0.2060633, 41.7364276]}, "properties": {"timestamp": "2020-07-24 02:00:23", "individual": "Silas + / DER A7N66 (e-obs 7045)"}}, {"type": "Feature", "geometry": {"type": "Point", "coordinates": [-0.1683932, 41.777997]}, "properties": {"timestamp": "2020-07-25 02:00:23", "individual": "Silas + / DER A7N66 (e-obs 7045)"}}, {"type": "Feature", "geometry": {"type": "Point", "coordinates": [-0.2085211, 41.7366176]}, "properties": {"timestamp": "2020-07-26 02:00:38", "individual": "Silas + / DER A7N66 (e-obs 7045)"}}, {"type": "Feature", "geometry": {"type": "Point", "coordinates": [-0.2084891, 41.7365695]}, "properties": {"timestamp": "2020-07-27 02:00:23", "individual": "Silas + / DER A7N66 (e-obs 7045)"}}, {"type": "Feature", "geometry": {"type": "Point", "coordinates": [-0.2084979, 41.7365971]}, "properties": {"timestamp": "2020-07-28 02:00:23", "individual": "Silas + / DER A7N66 (e-obs 7045)"}}, {"type": "Feature", "geometry": {"type": "Point", "coordinates": [-0.2084826, 41.7366078]}, "properties": {"timestamp": "2020-07-29 02:00:23", "individual": "Silas + / DER A7N66 (e-obs 7045)"}}, {"type": "Feature", "geometry": {"type": "Point", "coordinates": [-0.3288874, 41.7946869]}, "properties": {"timestamp": "2020-07-30 02:00:23", "individual": "Silas + / DER A7N66 (e-obs 7045)"}}, {"type": "Feature", "geometry": {"type": "Point", "coordinates": [-0.3330982, 41.7987551]}, "properties": {"timestamp": "2020-07-31 02:00:23", "individual": "Silas + / DER A7N66 (e-obs 7045)"}}, {"type": "Feature", "geometry": {"type": "Point", "coordinates": [-0.3331163, 41.7988037]}, "properties": {"timestamp": "2020-08-01 02:00:41", "individual": "Silas + / DER A7N66 (e-obs 7045)"}}, {"type": "Feature", "geometry": {"type": "Point", "coordinates": [-0.2557345, 41.8248287]}, "properties": {"timestamp": "2020-08-02 02:00:23", "individual": "Silas + / DER A7N66 (e-obs 7045)"}}, {"type": "Feature", "geometry": {"type": "Point", "coordinates": [-0.330844, 41.7781394]}, "properties": {"timestamp": "2020-08-03 02:00:23", "individual": "Silas + / DER A7N66 (e-obs 7045)"}}, {"type": "Feature", "geometry": {"type": "Point", "coordinates": [-0.2557163, 41.8248385]}, "properties": {"timestamp": "2020-08-04 02:00:23", "individual": "Silas + / DER A7N66 (e-obs 7045)"}}, {"type": "Feature", "geometry": {"type": "Point", "coordinates": [-0.208485, 41.7365616]}, "properties": {"timestamp": "2020-08-05 02:00:23", "individual": "Silas + / DER A7N66 (e-obs 7045)"}}, {"type": "Feature", "geometry": {"type": "Point", "coordinates": [-0.2286241, 41.7719372]}, "properties": {"timestamp": "2020-08-06 02:00:23", "individual": "Silas + / DER A7N66 (e-obs 7045)"}}, {"type": "Feature", "geometry": {"type": "Point", "coordinates": [-0.3934991, 41.9057318]}, "properties": {"timestamp": "2020-08-07 02:00:23", "individual": "Silas + / DER A7N66 (e-obs 7045)"}}, {"type": "Feature", "geometry": {"type": "Point", "coordinates": [-0.3935279, 41.9057226]}, "properties": {"timestamp": "2020-08-08 02:00:23", "individual": "Silas + / DER A7N66 (e-obs 7045)"}}, {"type": "Feature", "geometry": {"type": "Point", "coordinates": [-0.3932313, 41.9023458]}, "properties": {"timestamp": "2020-08-09 02:00:23", "individual": "Silas + / DER A7N66 (e-obs 7045)"}}, {"type": "Feature", "geometry": {"type": "Point", "coordinates": [-0.3930674, 41.9006548]}, "properties": {"timestamp": "2020-08-10 02:00:23", "individual": "Silas + / DER A7N66 (e-obs 7045)"}}, {"type": "Feature", "geometry": {"type": "Point", "coordinates": [-0.3930837, 41.9006765]}, "properties": {"timestamp": "2020-08-11 02:00:23", "individual": "Silas + / DER A7N66 (e-obs 7045)"}}, {"type": "Feature", "geometry": {"type": "Point", "coordinates": [-0.3932127, 41.902354]}, "properties": {"timestamp": "2020-08-12 02:00:23", "individual": "Silas + / DER A7N66 (e-obs 7045)"}}, {"type": "Feature", "geometry": {"type": "Point", "coordinates": [-0.4599951, 41.8850514]}, "properties": {"timestamp": "2020-08-13 02:00:23", "individual": "Silas + / DER A7N66 (e-obs 7045)"}}, {"type": "Feature", "geometry": {"type": "Point", "coordinates": [-0.3932173, 41.9023164]}, "properties": {"timestamp": "2020-08-14 02:00:23", "individual": "Silas + / DER A7N66 (e-obs 7045)"}}, {"type": "Feature", "geometry": {"type": "Point", "coordinates": [-0.3930374, 41.9006995]}, "properties": {"timestamp": "2020-08-15 02:00:23", "individual": "Silas + / DER A7N66 (e-obs 7045)"}}, {"type": "Feature", "geometry": {"type": "Point", "coordinates": [-0.3935535, 41.905732]}, "properties": {"timestamp": "2020-08-16 02:00:23", "individual": "Silas + / DER A7N66 (e-obs 7045)"}}, {"type": "Feature", "geometry": {"type": "Point", "coordinates": [-0.3935794, 41.9057385]}, "properties": {"timestamp": "2020-08-17 02:00:23", "individual": "Silas + / DER A7N66 (e-obs 7045)"}}, {"type": "Feature", "geometry": {"type": "Point", "coordinates": [-0.4713198, 41.9455862]}, "properties": {"timestamp": "2020-08-18 02:00:23", "individual": "Silas + / DER A7N66 (e-obs 7045)"}}, {"type": "Feature", "geometry": {"type": "Point", "coordinates": [-0.4716007, 41.9461178]}, "properties": {"timestamp": "2020-08-19 02:00:23", "individual": "Silas + / DER A7N66 (e-obs 7045)"}}, {"type": "Feature", "geometry": {"type": "Point", "coordinates": [-0.8452598, 41.7407325]}, "properties": {"timestamp": "2020-08-20 02:00:23", "individual": "Silas + / DER A7N66 (e-obs 7045)"}}, {"type": "Feature", "geometry": {"type": "Point", "coordinates": [-0.8393394, 41.6156502]}, "properties": {"timestamp": "2020-08-21 02:00:23", "individual": "Silas + / DER A7N66 (e-obs 7045)"}}, {"type": "Feature", "geometry": {"type": "Point", "coordinates": [-0.8393412, 41.6156987]}, "properties": {"timestamp": "2020-08-22 02:00:23", "individual": "Silas + / DER A7N66 (e-obs 7045)"}}, {"type": "Feature", "geometry": {"type": "Point", "coordinates": [-0.8392674, 41.615652]}, "properties": {"timestamp": "2020-08-23 02:00:23", "individual": "Silas + / DER A7N66 (e-obs 7045)"}}, {"type": "Feature", "geometry": {"type": "Point", "coordinates": [-0.7627882, 41.6470218]}, "properties": {"timestamp": "2020-08-24 02:00:23", "individual": "Silas + / DER A7N66 (e-obs 7045)"}}, {"type": "Feature", "geometry": {"type": "Point", "coordinates": [-0.7544446, 41.6062141]}, "properties": {"timestamp": "2020-08-25 02:00:23", "individual": "Silas + / DER A7N66 (e-obs 7045)"}}, {"type": "Feature", "geometry": {"type": "Point", "coordinates": [-1.7005967, 41.3229855]}, "properties": {"timestamp": "2020-08-26 02:00:23", "individual": "Silas + / DER A7N66 (e-obs 7045)"}}, {"type": "Feature", "geometry": {"type": "Point", "coordinates": [-1.6631288, 41.3336411]}, "properties": {"timestamp": "2020-08-27 02:00:23", "individual": "Silas + / DER A7N66 (e-obs 7045)"}}, {"type": "Feature", "geometry": {"type": "Point", "coordinates": [-1.6630665, 41.3336753]}, "properties": {"timestamp": "2020-08-28 02:00:23", "individual": "Silas + / DER A7N66 (e-obs 7045)"}}, {"type": "Feature", "geometry": {"type": "Point", "coordinates": [-1.6630475, 41.3336969]}, "properties": {"timestamp": "2020-08-29 02:00:23", "individual": "Silas + / DER A7N66 (e-obs 7045)"}}, {"type": "Feature", "geometry": {"type": "Point", "coordinates": [-3.5892389, 40.308516]}, "properties": {"timestamp": "2020-08-30 02:00:23", "individual": "Silas + / DER A7N66 (e-obs 7045)"}}, {"type": "Feature", "geometry": {"type": "Point", "coordinates": [-3.5823333, 40.3099229]}, "properties": {"timestamp": "2020-08-31 02:00:23", "individual": "Silas + / DER A7N66 (e-obs 7045)"}}, {"type": "Feature", "geometry": {"type": "Point", "coordinates": [-3.5823432, 40.3097708]}, "properties": {"timestamp": "2020-09-01 02:00:23", "individual": "Silas + / DER A7N66 (e-obs 7045)"}}, {"type": "Feature", "geometry": {"type": "Point", "coordinates": [-3.5823171, 40.3098201]}, "properties": {"timestamp": "2020-09-02 02:00:23", "individual": "Silas + / DER A7N66 (e-obs 7045)"}}, {"type": "Feature", "geometry": {"type": "Point", "coordinates": [-3.5823248, 40.3097686]}, "properties": {"timestamp": "2020-09-03 02:00:23", "individual": "Silas + / DER A7N66 (e-obs 7045)"}}, {"type": "Feature", "geometry": {"type": "Point", "coordinates": [-3.5823619, 40.3096852]}, "properties": {"timestamp": "2020-09-04 02:00:23", "individual": "Silas + / DER A7N66 (e-obs 7045)"}}, {"type": "Feature", "geometry": {"type": "Point", "coordinates": [-3.5891235, 40.3086341]}, "properties": {"timestamp": "2020-09-05 02:00:23", "individual": "Silas + / DER A7N66 (e-obs 7045)"}}, {"type": "Feature", "geometry": {"type": "Point", "coordinates": [-3.5890851, 40.3085238]}, "properties": {"timestamp": "2020-09-06 02:00:23", "individual": "Silas + / DER A7N66 (e-obs 7045)"}}, {"type": "Feature", "geometry": {"type": "Point", "coordinates": [-3.5891678, 40.308547]}, "properties": {"timestamp": "2020-09-07 02:00:23", "individual": "Silas + / DER A7N66 (e-obs 7045)"}}, {"type": "Feature", "geometry": {"type": "Point", "coordinates": [-3.5991248, 40.3339506]}, "properties": {"timestamp": "2020-09-08 02:00:23", "individual": "Silas + / DER A7N66 (e-obs 7045)"}}, {"type": "Feature", "geometry": {"type": "Point", "coordinates": [-3.599267, 40.3336396]}, "properties": {"timestamp": "2020-09-09 02:00:23", "individual": "Silas + / DER A7N66 (e-obs 7045)"}}, {"type": "Feature", "geometry": {"type": "Point", "coordinates": [-3.5994439, 40.33366]}, "properties": {"timestamp": "2020-09-10 02:00:23", "individual": "Silas + / DER A7N66 (e-obs 7045)"}}, {"type": "Feature", "geometry": {"type": "Point", "coordinates": [-3.612328, 40.3091495]}, "properties": {"timestamp": "2020-09-11 02:00:23", "individual": "Silas + / DER A7N66 (e-obs 7045)"}}, {"type": "Feature", "geometry": {"type": "Point", "coordinates": [-3.6122236, 40.3091773]}, "properties": {"timestamp": "2020-09-12 02:00:23", "individual": "Silas + / DER A7N66 (e-obs 7045)"}}, {"type": "Feature", "geometry": {"type": "Point", "coordinates": [-3.629214, 40.2351895]}, "properties": {"timestamp": "2020-09-13 02:00:23", "individual": "Silas + / DER A7N66 (e-obs 7045)"}}, {"type": "Feature", "geometry": {"type": "Point", "coordinates": [-4.2658452, 39.8394695]}, "properties": {"timestamp": "2020-09-14 02:00:23", "individual": "Silas + / DER A7N66 (e-obs 7045)"}}, {"type": "Feature", "geometry": {"type": "Point", "coordinates": [-4.2653368, 39.8372469]}, "properties": {"timestamp": "2020-09-15 02:00:23", "individual": "Silas + / DER A7N66 (e-obs 7045)"}}, {"type": "Feature", "geometry": {"type": "Point", "coordinates": [-4.2567496, 39.3962505]}, "properties": {"timestamp": "2020-09-16 02:00:23", "individual": "Silas + / DER A7N66 (e-obs 7045)"}}, {"type": "Feature", "geometry": {"type": "Point", "coordinates": [-5.014003, 38.5112246]}, "properties": {"timestamp": "2020-09-17 02:00:23", "individual": "Silas + / DER A7N66 (e-obs 7045)"}}, {"type": "Feature", "geometry": {"type": "Point", "coordinates": [-5.5235338, 39.1384817]}, "properties": {"timestamp": "2020-09-18 02:00:23", "individual": "Silas + / DER A7N66 (e-obs 7045)"}}, {"type": "Feature", "geometry": {"type": "Point", "coordinates": [-5.5236372, 39.1376841]}, "properties": {"timestamp": "2020-09-19 02:00:23", "individual": "Silas + / DER A7N66 (e-obs 7045)"}}, {"type": "Feature", "geometry": {"type": "Point", "coordinates": [-5.7178009, 38.9409343]}, "properties": {"timestamp": "2020-09-20 02:00:23", "individual": "Silas + / DER A7N66 (e-obs 7045)"}}, {"type": "Feature", "geometry": {"type": "Point", "coordinates": [-6.375883, 38.8323238]}, "properties": {"timestamp": "2020-09-21 02:00:23", "individual": "Silas + / DER A7N66 (e-obs 7045)"}}, {"type": "Feature", "geometry": {"type": "Point", "coordinates": [-6.0087222, 37.5943349]}, "properties": {"timestamp": "2020-09-22 02:00:41", "individual": "Silas + / DER A7N66 (e-obs 7045)"}}, {"type": "Feature", "geometry": {"type": "Point", "coordinates": [-5.8851919, 37.2226191]}, "properties": {"timestamp": "2020-09-23 02:00:42", "individual": "Silas + / DER A7N66 (e-obs 7045)"}}, {"type": "Feature", "geometry": {"type": "Point", "coordinates": [-5.880995, 37.2322954]}, "properties": {"timestamp": "2020-09-24 02:00:23", "individual": "Silas + / DER A7N66 (e-obs 7045)"}}, {"type": "Feature", "geometry": {"type": "Point", "coordinates": [-5.8846886, 37.2225152]}, "properties": {"timestamp": "2020-09-25 02:00:23", "individual": "Silas + / DER A7N66 (e-obs 7045)"}}, {"type": "Feature", "geometry": {"type": "Point", "coordinates": [-5.8751104, 37.2229783]}, "properties": {"timestamp": "2020-09-26 02:00:23", "individual": "Silas + / DER A7N66 (e-obs 7045)"}}, {"type": "Feature", "geometry": {"type": "Point", "coordinates": [-5.8752703, 37.223012]}, "properties": {"timestamp": "2020-09-27 02:00:23", "individual": "Silas + / DER A7N66 (e-obs 7045)"}}, {"type": "Feature", "geometry": {"type": "Point", "coordinates": [-5.8750069, 37.2229592]}, "properties": {"timestamp": "2020-09-28 02:00:23", "individual": "Silas + / DER A7N66 (e-obs 7045)"}}, {"type": "Feature", "geometry": {"type": "Point", "coordinates": [-5.8752574, 37.2228537]}, "properties": {"timestamp": "2020-09-29 02:00:23", "individual": "Silas + / DER A7N66 (e-obs 7045)"}}, {"type": "Feature", "geometry": {"type": "Point", "coordinates": [-5.8749902, 37.2228331]}, "properties": {"timestamp": "2020-09-30 02:00:23", "individual": "Silas + / DER A7N66 (e-obs 7045)"}}, {"type": "Feature", "geometry": {"type": "Point", "coordinates": [-5.8751854, 37.2230745]}, "properties": {"timestamp": "2020-10-01 02:00:23", "individual": "Silas + / DER A7N66 (e-obs 7045)"}}, {"type": "Feature", "geometry": {"type": "Point", "coordinates": [-5.8752323, 37.2229104]}, "properties": {"timestamp": "2020-10-02 02:00:23", "individual": "Silas + / DER A7N66 (e-obs 7045)"}}, {"type": "Feature", "geometry": {"type": "Point", "coordinates": [-5.8751378, 37.2229672]}, "properties": {"timestamp": "2020-10-03 02:00:41", "individual": "Silas + / DER A7N66 (e-obs 7045)"}}, {"type": "Feature", "geometry": {"type": "Point", "coordinates": [-6.0817822, 37.1731197]}, "properties": {"timestamp": "2020-10-04 02:00:23", "individual": "Silas + / DER A7N66 (e-obs 7045)"}}, {"type": "Feature", "geometry": {"type": "Point", "coordinates": [-5.8868713, 37.2215908]}, "properties": {"timestamp": "2020-10-05 02:00:23", "individual": "Silas + / DER A7N66 (e-obs 7045)"}}, {"type": "Feature", "geometry": {"type": "Point", "coordinates": [-5.8878939, 37.2206498]}, "properties": {"timestamp": "2020-10-06 02:00:23", "individual": "Silas + / DER A7N66 (e-obs 7045)"}}, {"type": "Feature", "geometry": {"type": "Point", "coordinates": [-5.8748729, 37.2229724]}, "properties": {"timestamp": "2020-10-07 02:00:23", "individual": "Silas + / DER A7N66 (e-obs 7045)"}}, {"type": "Feature", "geometry": {"type": "Point", "coordinates": [-5.8751683, 37.2228069]}, "properties": {"timestamp": "2020-10-08 02:00:23", "individual": "Silas + / DER A7N66 (e-obs 7045)"}}, {"type": "Feature", "geometry": {"type": "Point", "coordinates": [-5.8879273, 37.220644]}, "properties": {"timestamp": "2020-10-09 02:00:41", "individual": "Silas + / DER A7N66 (e-obs 7045)"}}, {"type": "Feature", "geometry": {"type": "Point", "coordinates": [-5.8749824, 37.2230376]}, "properties": {"timestamp": "2020-10-10 02:00:23", "individual": "Silas + / DER A7N66 (e-obs 7045)"}}, {"type": "Feature", "geometry": {"type": "Point", "coordinates": [-5.8747783, 37.2225979]}, "properties": {"timestamp": "2020-10-11 02:00:23", "individual": "Silas + / DER A7N66 (e-obs 7045)"}}, {"type": "Feature", "geometry": {"type": "Point", "coordinates": [-5.8749408, 37.2229715]}, "properties": {"timestamp": "2020-10-12 02:00:23", "individual": "Silas + / DER A7N66 (e-obs 7045)"}}, {"type": "Feature", "geometry": {"type": "Point", "coordinates": [-5.8749175, 37.2228769]}, "properties": {"timestamp": "2020-10-13 02:00:23", "individual": "Silas + / DER A7N66 (e-obs 7045)"}}, {"type": "Feature", "geometry": {"type": "Point", "coordinates": [-5.8878892, 37.2206771]}, "properties": {"timestamp": "2020-10-14 02:00:40", "individual": "Silas + / DER A7N66 (e-obs 7045)"}}, {"type": "Feature", "geometry": {"type": "Point", "coordinates": [-6.1071093, 37.0806049]}, "properties": {"timestamp": "2020-10-15 02:00:23", "individual": "Silas + / DER A7N66 (e-obs 7045)"}}, {"type": "Feature", "geometry": {"type": "Point", "coordinates": [-6.1586534, 37.0121556]}, "properties": {"timestamp": "2020-10-16 02:00:23", "individual": "Silas + / DER A7N66 (e-obs 7045)"}}, {"type": "Feature", "geometry": {"type": "Point", "coordinates": [7.8122813, 48.0784195]}, "properties": {"timestamp": "2020-08-10 09:31:53.001000", "individual": "Thomas A9V50 (eobs 7264)"}}, {"type": "Feature", "geometry": {"type": "Point", "coordinates": [7.812148, 48.0792606]}, "properties": {"timestamp": "2020-08-11 00:00:41", "individual": "Thomas A9V50 (eobs 7264)"}}, {"type": "Feature", "geometry": {"type": "Point", "coordinates": [7.8122116, 48.0792114]}, "properties": {"timestamp": "2020-08-12 00:00:50", "individual": "Thomas A9V50 (eobs 7264)"}}, {"type": "Feature", "geometry": {"type": "Point", "coordinates": [7.8122825, 48.0789688]}, "properties": {"timestamp": "2020-08-13 00:00:21", "individual": "Thomas A9V50 (eobs 7264)"}}, {"type": "Feature", "geometry": {"type": "Point", "coordinates": [7.812119, 48.0793359]}, "properties": {"timestamp": "2020-08-14 02:15:53", "individual": "Thomas A9V50 (eobs 7264)"}}, {"type": "Feature", "geometry": {"type": "Point", "coordinates": [7.8121825, 48.0790546]}, "properties": {"timestamp": "2020-08-15 02:15:47", "individual": "Thomas A9V50 (eobs 7264)"}}, {"type": "Feature", "geometry": {"type": "Point", "coordinates": [7.8121629, 48.0790102]}, "properties": {"timestamp": "2020-08-16 02:15:53", "individual": "Thomas A9V50 (eobs 7264)"}}, {"type": "Feature", "geometry": {"type": "Point", "coordinates": [7.8100626, 48.0777556]}, "properties": {"timestamp": "2020-08-17 02:16:23", "individual": "Thomas A9V50 (eobs 7264)"}}, {"type": "Feature", "geometry": {"type": "Point", "coordinates": [7.6981744, 48.158713]}, "properties": {"timestamp": "2020-08-18 02:31:14", "individual": "Thomas A9V50 (eobs 7264)"}}, {"type": "Feature", "geometry": {"type": "Point", "coordinates": [7.6471838, 48.0441707]}, "properties": {"timestamp": "2020-08-19 02:16:23", "individual": "Thomas A9V50 (eobs 7264)"}}, {"type": "Feature", "geometry": {"type": "Point", "coordinates": [5.8491105, 47.1649884]}, "properties": {"timestamp": "2020-08-20 09:16:23", "individual": "Thomas A9V50 (eobs 7264)"}}, {"type": "Feature", "geometry": {"type": "Point", "coordinates": [5.2152723, 46.5730628]}, "properties": {"timestamp": "2020-08-21 02:15:41", "individual": "Thomas A9V50 (eobs 7264)"}}, {"type": "Feature", "geometry": {"type": "Point", "coordinates": [5.2581423, 46.2293549]}, "properties": {"timestamp": "2020-08-22 02:15:23", "individual": "Thomas A9V50 (eobs 7264)"}}, {"type": "Feature", "geometry": {"type": "Point", "coordinates": [3.9084428, 43.5541334]}, "properties": {"timestamp": "2020-08-23 02:15:47", "individual": "Thomas A9V50 (eobs 7264)"}}, {"type": "Feature", "geometry": {"type": "Point", "coordinates": [2.2381938, 41.9356902]}, "properties": {"timestamp": "2020-08-24 02:15:23", "individual": "Thomas A9V50 (eobs 7264)"}}, {"type": "Feature", "geometry": {"type": "Point", "coordinates": [0.7844303, 41.7253503]}, "properties": {"timestamp": "2020-08-25 02:15:41", "individual": "Thomas A9V50 (eobs 7264)"}}, {"type": "Feature", "geometry": {"type": "Point", "coordinates": [-1.6321858, 40.8857873]}, "properties": {"timestamp": "2020-08-26 02:15:41", "individual": "Thomas A9V50 (eobs 7264)"}}, {"type": "Feature", "geometry": {"type": "Point", "coordinates": [-3.2883042, 39.4822712]}, "properties": {"timestamp": "2020-08-27 02:15:23", "individual": "Thomas A9V50 (eobs 7264)"}}, {"type": "Feature", "geometry": {"type": "Point", "coordinates": [-3.656733, 38.8560556]}, "properties": {"timestamp": "2020-08-28 02:15:39", "individual": "Thomas A9V50 (eobs 7264)"}}, {"type": "Feature", "geometry": {"type": "Point", "coordinates": [-4.324733, 37.872871]}, "properties": {"timestamp": "2020-08-29 02:15:47", "individual": "Thomas A9V50 (eobs 7264)"}}, {"type": "Feature", "geometry": {"type": "Point", "coordinates": [-5.4209679, 36.2139416]}, "properties": {"timestamp": "2020-08-30 02:15:53", "individual": "Thomas A9V50 (eobs 7264)"}}, {"type": "Feature", "geometry": {"type": "Point", "coordinates": [-5.9725539, 35.0014061]}, "properties": {"timestamp": "2020-08-31 02:15:41", "individual": "Thomas A9V50 (eobs 7264)"}}, {"type": "Feature", "geometry": {"type": "Point", "coordinates": [-5.9565181, 35.0125935]}, "properties": {"timestamp": "2020-09-01 05:30:53", "individual": "Thomas A9V50 (eobs 7264)"}}, {"type": "Feature", "geometry": {"type": "Point", "coordinates": [-5.957337, 35.0108679]}, "properties": {"timestamp": "2020-09-02 02:17:23", "individual": "Thomas A9V50 (eobs 7264)"}}, {"type": "Feature", "geometry": {"type": "Point", "coordinates": [-5.9821797, 35.0123681]}, "properties": {"timestamp": "2020-09-03 02:15:39", "individual": "Thomas A9V50 (eobs 7264)"}}, {"type": "Feature", "geometry": {"type": "Point", "coordinates": [-5.9711184, 34.9986534]}, "properties": {"timestamp": "2020-09-04 05:46:08", "individual": "Thomas A9V50 (eobs 7264)"}}, {"type": "Feature", "geometry": {"type": "Point", "coordinates": [-5.9762335, 34.9995586]}, "properties": {"timestamp": "2020-09-05 02:46:17", "individual": "Thomas A9V50 (eobs 7264)"}}, {"type": "Feature", "geometry": {"type": "Point", "coordinates": [-5.9762711, 34.9995884]}, "properties": {"timestamp": "2020-09-06 02:15:53", "individual": "Thomas A9V50 (eobs 7264)"}}, {"type": "Feature", "geometry": {"type": "Point", "coordinates": [-5.9762643, 34.9995855]}, "properties": {"timestamp": "2020-09-07 02:15:53", "individual": "Thomas A9V50 (eobs 7264)"}}, {"type": "Feature", "geometry": {"type": "Point", "coordinates": [-5.9773805, 34.9991401]}, "properties": {"timestamp": "2020-09-08 03:45:47", "individual": "Thomas A9V50 (eobs 7264)"}}, {"type": "Feature", "geometry": {"type": "Point", "coordinates": [-5.9645257, 35.0188079]}, "properties": {"timestamp": "2020-09-09 03:02:20", "individual": "Thomas A9V50 (eobs 7264)"}}, {"type": "Feature", "geometry": {"type": "Point", "coordinates": [-5.9670282, 35.0007]}, "properties": {"timestamp": "2020-09-10 02:32:23", "individual": "Thomas A9V50 (eobs 7264)"}}, {"type": "Feature", "geometry": {"type": "Point", "coordinates": [-5.9606772, 35.0173007]}, "properties": {"timestamp": "2020-09-11 02:16:41", "individual": "Thomas A9V50 (eobs 7264)"}}, {"type": "Feature", "geometry": {"type": "Point", "coordinates": [-6.5520292, 34.271604]}, "properties": {"timestamp": "2020-09-12 02:15:23", "individual": "Thomas A9V50 (eobs 7264)"}}, {"type": "Feature", "geometry": {"type": "Point", "coordinates": [-6.8127315, 33.8727241]}, "properties": {"timestamp": "2020-09-13 02:15:47", "individual": "Thomas A9V50 (eobs 7264)"}}, {"type": "Feature", "geometry": {"type": "Point", "coordinates": [-6.8126417, 33.8727821]}, "properties": {"timestamp": "2020-09-14 02:15:23", "individual": "Thomas A9V50 (eobs 7264)"}}, {"type": "Feature", "geometry": {"type": "Point", "coordinates": [-6.8127661, 33.8727736]}, "properties": {"timestamp": "2020-09-15 02:15:41", "individual": "Thomas A9V50 (eobs 7264)"}}, {"type": "Feature", "geometry": {"type": "Point", "coordinates": [-6.8095234, 33.8798223]}, "properties": {"timestamp": "2020-09-16 02:15:41", "individual": "Thomas A9V50 (eobs 7264)"}}, {"type": "Feature", "geometry": {"type": "Point", "coordinates": [-6.8158649, 33.8841465]}, "properties": {"timestamp": "2020-09-17 02:15:23", "individual": "Thomas A9V50 (eobs 7264)"}}, {"type": "Feature", "geometry": {"type": "Point", "coordinates": [-6.8395571, 33.8966303]}, "properties": {"timestamp": "2020-09-18 02:15:53", "individual": "Thomas A9V50 (eobs 7264)"}}, {"type": "Feature", "geometry": {"type": "Point", "coordinates": [-6.8384785, 33.8980926]}, "properties": {"timestamp": "2020-09-19 02:15:47", "individual": "Thomas A9V50 (eobs 7264)"}}, {"type": "Feature", "geometry": {"type": "Point", "coordinates": [-6.836288, 33.901013]}, "properties": {"timestamp": "2020-09-20 02:15:47", "individual": "Thomas A9V50 (eobs 7264)"}}, {"type": "Feature", "geometry": {"type": "Point", "coordinates": [-6.8242929, 33.9129941]}, "properties": {"timestamp": "2020-09-21 02:15:23", "individual": "Thomas A9V50 (eobs 7264)"}}, {"type": "Feature", "geometry": {"type": "Point", "coordinates": [-6.8217448, 33.868286]}, "properties": {"timestamp": "2020-09-22 02:15:47", "individual": "Thomas A9V50 (eobs 7264)"}}, {"type": "Feature", "geometry": {"type": "Point", "coordinates": [-6.8218218, 33.8683846]}, "properties": {"timestamp": "2020-09-23 02:15:47", "individual": "Thomas A9V50 (eobs 7264)"}}, {"type": "Feature", "geometry": {"type": "Point", "coordinates": [-6.8275943, 33.9128976]}, "properties": {"timestamp": "2020-09-24 02:15:41", "individual": "Thomas A9V50 (eobs 7264)"}}, {"type": "Feature", "geometry": {"type": "Point", "coordinates": [-7.5675532, 33.2492364]}, "properties": {"timestamp": "2020-09-25 02:15:23", "individual": "Thomas A9V50 (eobs 7264)"}}, {"type": "Feature", "geometry": {"type": "Point", "coordinates": [-8.0303748, 31.6939904]}, "properties": {"timestamp": "2020-09-26 02:15:41", "individual": "Thomas A9V50 (eobs 7264)"}}, {"type": "Feature", "geometry": {"type": "Point", "coordinates": [7.8121823, 48.0790652]}, "properties": {"timestamp": "2020-08-10 09:15:47", "individual": "Ursula A9V57 (eobs 8048)"}}, {"type": "Feature", "geometry": {"type": "Point", "coordinates": [7.8121164, 48.0792596]}, "properties": {"timestamp": "2020-08-11 02:01:17", "individual": "Ursula A9V57 (eobs 8048)"}}, {"type": "Feature", "geometry": {"type": "Point", "coordinates": [7.812146, 48.0791894]}, "properties": {"timestamp": "2020-08-12 02:00:41", "individual": "Ursula A9V57 (eobs 8048)"}}, {"type": "Feature", "geometry": {"type": "Point", "coordinates": [7.812142, 48.0792255]}, "properties": {"timestamp": "2020-08-13 02:00:23", "individual": "Ursula A9V57 (eobs 8048)"}}, {"type": "Feature", "geometry": {"type": "Point", "coordinates": [7.8121008, 48.0792129]}, "properties": {"timestamp": "2020-08-14 02:00:41", "individual": "Ursula A9V57 (eobs 8048)"}}, {"type": "Feature", "geometry": {"type": "Point", "coordinates": [7.8121147, 48.0792078]}, "properties": {"timestamp": "2020-08-15 02:00:41", "individual": "Ursula A9V57 (eobs 8048)"}}, {"type": "Feature", "geometry": {"type": "Point", "coordinates": [7.8122799, 48.07916]}, "properties": {"timestamp": "2020-08-16 02:00:53", "individual": "Ursula A9V57 (eobs 8048)"}}, {"type": "Feature", "geometry": {"type": "Point", "coordinates": [7.812096, 48.0791564]}, "properties": {"timestamp": "2020-08-17 02:00:23", "individual": "Ursula A9V57 (eobs 8048)"}}, {"type": "Feature", "geometry": {"type": "Point", "coordinates": [7.8121155, 48.0793036]}, "properties": {"timestamp": "2020-08-18 02:00:23", "individual": "Ursula A9V57 (eobs 8048)"}}, {"type": "Feature", "geometry": {"type": "Point", "coordinates": [7.8120726, 48.0791668]}, "properties": {"timestamp": "2020-08-19 02:00:23", "individual": "Ursula A9V57 (eobs 8048)"}}, {"type": "Feature", "geometry": {"type": "Point", "coordinates": [7.8120935, 48.0791772]}, "properties": {"timestamp": "2020-08-20 02:00:38", "individual": "Ursula A9V57 (eobs 8048)"}}, {"type": "Feature", "geometry": {"type": "Point", "coordinates": [7.8121318, 48.0792287]}, "properties": {"timestamp": "2020-08-21 02:00:23", "individual": "Ursula A9V57 (eobs 8048)"}}, {"type": "Feature", "geometry": {"type": "Point", "coordinates": [7.1415417, 47.4574882]}, "properties": {"timestamp": "2020-08-22 02:00:23", "individual": "Ursula A9V57 (eobs 8048)"}}, {"type": "Feature", "geometry": {"type": "Point", "coordinates": [7.1739143, 47.4268786]}, "properties": {"timestamp": "2020-08-23 02:00:23", "individual": "Ursula A9V57 (eobs 8048)"}}, {"type": "Feature", "geometry": {"type": "Point", "coordinates": [6.4212435, 47.371431]}, "properties": {"timestamp": "2020-08-24 02:00:23", "individual": "Ursula A9V57 (eobs 8048)"}}, {"type": "Feature", "geometry": {"type": "Point", "coordinates": [4.594515, 43.8599467]}, "properties": {"timestamp": "2020-08-25 02:00:23", "individual": "Ursula A9V57 (eobs 8048)"}}, {"type": "Feature", "geometry": {"type": "Point", "coordinates": [5.019729, 43.6143737]}, "properties": {"timestamp": "2020-08-26 02:00:23", "individual": "Ursula A9V57 (eobs 8048)"}}, {"type": "Feature", "geometry": {"type": "Point", "coordinates": [4.8100685, 43.4952579]}, "properties": {"timestamp": "2020-08-27 02:00:23", "individual": "Ursula A9V57 (eobs 8048)"}}, {"type": "Feature", "geometry": {"type": "Point", "coordinates": [4.4366309, 43.5527693]}, "properties": {"timestamp": "2020-08-28 02:00:23", "individual": "Ursula A9V57 (eobs 8048)"}}, {"type": "Feature", "geometry": {"type": "Point", "coordinates": [4.416554, 43.5290299]}, "properties": {"timestamp": "2020-08-29 02:00:23", "individual": "Ursula A9V57 (eobs 8048)"}}, {"type": "Feature", "geometry": {"type": "Point", "coordinates": [3.2046904, 43.3124474]}, "properties": {"timestamp": "2020-08-30 02:00:23", "individual": "Ursula A9V57 (eobs 8048)"}}, {"type": "Feature", "geometry": {"type": "Point", "coordinates": [1.1791984, 41.7314391]}, "properties": {"timestamp": "2020-08-31 02:00:23", "individual": "Ursula A9V57 (eobs 8048)"}}, {"type": "Feature", "geometry": {"type": "Point", "coordinates": [0.2856996, 41.6895134]}, "properties": {"timestamp": "2020-09-01 02:00:23", "individual": "Ursula A9V57 (eobs 8048)"}}, {"type": "Feature", "geometry": {"type": "Point", "coordinates": [0.2760691, 41.739196]}, "properties": {"timestamp": "2020-09-02 09:21:02", "individual": "Ursula A9V57 (eobs 8048)"}}, {"type": "Feature", "geometry": {"type": "Point", "coordinates": [-0.5223536, 41.5081867]}, "properties": {"timestamp": "2020-09-03 02:00:23", "individual": "Ursula A9V57 (eobs 8048)"}}, {"type": "Feature", "geometry": {"type": "Point", "coordinates": [-2.7942181, 40.9535231]}, "properties": {"timestamp": "2020-09-04 02:00:23", "individual": "Ursula A9V57 (eobs 8048)"}}, {"type": "Feature", "geometry": {"type": "Point", "coordinates": [-3.9177116, 39.0729559]}, "properties": {"timestamp": "2020-09-05 02:00:39", "individual": "Ursula A9V57 (eobs 8048)"}}, {"type": "Feature", "geometry": {"type": "Point", "coordinates": [-5.7935001, 37.4375713]}, "properties": {"timestamp": "2020-09-06 02:00:23", "individual": "Ursula A9V57 (eobs 8048)"}}, {"type": "Feature", "geometry": {"type": "Point", "coordinates": [-6.0336058, 36.9467065]}, "properties": {"timestamp": "2020-09-07 02:00:23", "individual": "Ursula A9V57 (eobs 8048)"}}, {"type": "Feature", "geometry": {"type": "Point", "coordinates": [-6.02914, 36.5035069]}, "properties": {"timestamp": "2020-09-08 02:00:23", "individual": "Ursula A9V57 (eobs 8048)"}}, {"type": "Feature", "geometry": {"type": "Point", "coordinates": [-6.0143361, 36.4842214]}, "properties": {"timestamp": "2020-09-09 02:00:23", "individual": "Ursula A9V57 (eobs 8048)"}}, {"type": "Feature", "geometry": {"type": "Point", "coordinates": [-6.0295595, 36.5039413]}, "properties": {"timestamp": "2020-09-10 02:00:23", "individual": "Ursula A9V57 (eobs 8048)"}}, {"type": "Feature", "geometry": {"type": "Point", "coordinates": [-6.0141443, 36.4841205]}, "properties": {"timestamp": "2020-09-11 02:00:23", "individual": "Ursula A9V57 (eobs 8048)"}}, {"type": "Feature", "geometry": {"type": "Point", "coordinates": [-6.0143696, 36.4843189]}, "properties": {"timestamp": "2020-09-12 02:00:23", "individual": "Ursula A9V57 (eobs 8048)"}}, {"type": "Feature", "geometry": {"type": "Point", "coordinates": [-6.0147595, 36.4842744]}, "properties": {"timestamp": "2020-09-13 02:01:23", "individual": "Ursula A9V57 (eobs 8048)"}}, {"type": "Feature", "geometry": {"type": "Point", "coordinates": [-6.0295002, 36.5041284]}, "properties": {"timestamp": "2020-09-14 02:00:23", "individual": "Ursula A9V57 (eobs 8048)"}}, {"type": "Feature", "geometry": {"type": "Point", "coordinates": [-6.0295519, 36.5039742]}, "properties": {"timestamp": "2020-09-15 02:00:23", "individual": "Ursula A9V57 (eobs 8048)"}}, {"type": "Feature", "geometry": {"type": "Point", "coordinates": [-6.0293747, 36.5038036]}, "properties": {"timestamp": "2020-09-16 02:00:23", "individual": "Ursula A9V57 (eobs 8048)"}}, {"type": "Feature", "geometry": {"type": "Point", "coordinates": [-6.0294428, 36.503764]}, "properties": {"timestamp": "2020-09-17 02:00:23", "individual": "Ursula A9V57 (eobs 8048)"}}, {"type": "Feature", "geometry": {"type": "Point", "coordinates": [-6.0295654, 36.5038227]}, "properties": {"timestamp": "2020-09-18 02:00:23", "individual": "Ursula A9V57 (eobs 8048)"}}, {"type": "Feature", "geometry": {"type": "Point", "coordinates": [-6.0142612, 36.4843086]}, "properties": {"timestamp": "2020-09-19 04:31:54", "individual": "Ursula A9V57 (eobs 8048)"}}, {"type": "Feature", "geometry": {"type": "Point", "coordinates": [-6.0146306, 36.4846243]}, "properties": {"timestamp": "2020-09-20 02:16:45", "individual": "Ursula A9V57 (eobs 8048)"}}, {"type": "Feature", "geometry": {"type": "Point", "coordinates": [-5.9110102, 35.003171]}, "properties": {"timestamp": "2020-09-21 02:00:23", "individual": "Ursula A9V57 (eobs 8048)"}}, {"type": "Feature", "geometry": {"type": "Point", "coordinates": [-5.9534454, 35.0133847]}, "properties": {"timestamp": "2020-09-22 02:00:23", "individual": "Ursula A9V57 (eobs 8048)"}}, {"type": "Feature", "geometry": {"type": "Point", "coordinates": [-6.577536, 34.2609263]}, "properties": {"timestamp": "2020-09-23 02:00:23", "individual": "Ursula A9V57 (eobs 8048)"}}, {"type": "Feature", "geometry": {"type": "Point", "coordinates": [-6.5631209, 34.2776449]}, "properties": {"timestamp": "2020-09-24 02:00:23", "individual": "Ursula A9V57 (eobs 8048)"}}, {"type": "Feature", "geometry": {"type": "Point", "coordinates": [-6.561322, 34.2811084]}, "properties": {"timestamp": "2020-09-25 02:00:23", "individual": "Ursula A9V57 (eobs 8048)"}}, {"type": "Feature", "geometry": {"type": "Point", "coordinates": [-6.5636977, 34.2779876]}, "properties": {"timestamp": "2020-09-26 02:00:23", "individual": "Ursula A9V57 (eobs 8048)"}}, {"type": "Feature", "geometry": {"type": "Point", "coordinates": [-6.552797, 34.2703339]}, "properties": {"timestamp": "2020-09-27 02:00:23", "individual": "Ursula A9V57 (eobs 8048)"}}, {"type": "Feature", "geometry": {"type": "Point", "coordinates": [-6.5527627, 34.2710981]}, "properties": {"timestamp": "2020-09-28 02:00:23", "individual": "Ursula A9V57 (eobs 8048)"}}, {"type": "Feature", "geometry": {"type": "Point", "coordinates": [-6.5527471, 34.2711025]}, "properties": {"timestamp": "2020-09-29 02:00:41", "individual": "Ursula A9V57 (eobs 8048)"}}, {"type": "Feature", "geometry": {"type": "Point", "coordinates": [-6.5514286, 34.2727059]}, "properties": {"timestamp": "2020-09-30 02:00:23", "individual": "Ursula A9V57 (eobs 8048)"}}, {"type": "Feature", "geometry": {"type": "Point", "coordinates": [-6.5513334, 34.2727137]}, "properties": {"timestamp": "2020-10-01 02:00:39", "individual": "Ursula A9V57 (eobs 8048)"}}, {"type": "Feature", "geometry": {"type": "Point", "coordinates": [-6.5613479, 34.2811227]}, "properties": {"timestamp": "2020-10-02 02:00:23", "individual": "Ursula A9V57 (eobs 8048)"}}, {"type": "Feature", "geometry": {"type": "Point", "coordinates": [-6.5623805, 34.282741]}, "properties": {"timestamp": "2020-10-03 02:00:23", "individual": "Ursula A9V57 (eobs 8048)"}}, {"type": "Feature", "geometry": {"type": "Point", "coordinates": [-6.8843694, 33.8843635]}, "properties": {"timestamp": "2020-10-04 02:00:39", "individual": "Ursula A9V57 (eobs 8048)"}}, {"type": "Feature", "geometry": {"type": "Point", "coordinates": [-7.2466778, 33.6528919]}, "properties": {"timestamp": "2020-10-05 02:00:23", "individual": "Ursula A9V57 (eobs 8048)"}}, {"type": "Feature", "geometry": {"type": "Point", "coordinates": [-7.2279493, 33.6523204]}, "properties": {"timestamp": "2020-10-06 02:00:23", "individual": "Ursula A9V57 (eobs 8048)"}}, {"type": "Feature", "geometry": {"type": "Point", "coordinates": [-7.2490519, 33.6581643]}, "properties": {"timestamp": "2020-10-07 02:00:23", "individual": "Ursula A9V57 (eobs 8048)"}}, {"type": "Feature", "geometry": {"type": "Point", "coordinates": [-7.2382246, 33.6529991]}, "properties": {"timestamp": "2020-10-08 02:00:23", "individual": "Ursula A9V57 (eobs 8048)"}}, {"type": "Feature", "geometry": {"type": "Point", "coordinates": [-7.2426694, 33.6462053]}, "properties": {"timestamp": "2020-10-09 02:00:41", "individual": "Ursula A9V57 (eobs 8048)"}}, {"type": "Feature", "geometry": {"type": "Point", "coordinates": [-7.298012, 33.6584812]}, "properties": {"timestamp": "2020-10-10 02:00:23", "individual": "Ursula A9V57 (eobs 8048)"}}, {"type": "Feature", "geometry": {"type": "Point", "coordinates": [-7.2264452, 33.6506021]}, "properties": {"timestamp": "2020-10-11 02:00:23", "individual": "Ursula A9V57 (eobs 8048)"}}, {"type": "Feature", "geometry": {"type": "Point", "coordinates": [-7.2352847, 33.6599128]}, "properties": {"timestamp": "2020-10-12 02:00:23", "individual": "Ursula A9V57 (eobs 8048)"}}, {"type": "Feature", "geometry": {"type": "Point", "coordinates": [-7.2282521, 33.6519202]}, "properties": {"timestamp": "2020-10-13 02:00:23", "individual": "Ursula A9V57 (eobs 8048)"}}, {"type": "Feature", "geometry": {"type": "Point", "coordinates": [-7.2283056, 33.6519495]}, "properties": {"timestamp": "2020-10-14 02:00:23", "individual": "Ursula A9V57 (eobs 8048)"}}, {"type": "Feature", "geometry": {"type": "Point", "coordinates": [-7.2282419, 33.6519252]}, "properties": {"timestamp": "2020-10-15 02:00:23", "individual": "Ursula A9V57 (eobs 8048)"}}, {"type": "Feature", "geometry": {"type": "Point", "coordinates": [-7.2373086, 33.65605]}, "properties": {"timestamp": "2020-10-16 02:00:23", "individual": "Ursula A9V57 (eobs 8048)"}}, {"type": "Feature", "geometry": {"type": "Point", "coordinates": [-7.2357623, 33.6547964]}, "properties": {"timestamp": "2020-10-17 02:00:23", "individual": "Ursula A9V57 (eobs 8048)"}}, {"type": "Feature", "geometry": {"type": "Point", "coordinates": [-7.2343905, 33.6535217]}, "properties": {"timestamp": "2020-10-18 02:00:23", "individual": "Ursula A9V57 (eobs 8048)"}}, {"type": "Feature", "geometry": {"type": "Point", "coordinates": [-7.228159, 33.6517833]}, "properties": {"timestamp": "2020-10-19 02:00:23", "individual": "Ursula A9V57 (eobs 8048)"}}, {"type": "Feature", "geometry": {"type": "Point", "coordinates": [-7.2282959, 33.6519407]}, "properties": {"timestamp": "2020-10-20 02:00:23", "individual": "Ursula A9V57 (eobs 8048)"}}, {"type": "Feature", "geometry": {"type": "Point", "coordinates": [-7.2289793, 33.6497056]}, "properties": {"timestamp": "2020-10-21 02:00:23", "individual": "Ursula A9V57 (eobs 8048)"}}, {"type": "Feature", "geometry": {"type": "Point", "coordinates": [-7.2357679, 33.6547799]}, "properties": {"timestamp": "2020-10-22 02:00:23", "individual": "Ursula A9V57 (eobs 8048)"}}, {"type": "Feature", "geometry": {"type": "Point", "coordinates": [-7.2282115, 33.6519757]}, "properties": {"timestamp": "2020-10-23 02:00:23", "individual": "Ursula A9V57 (eobs 8048)"}}, {"type": "Feature", "geometry": {"type": "Point", "coordinates": [-7.2343991, 33.6535077]}, "properties": {"timestamp": "2020-10-24 02:00:23", "individual": "Ursula A9V57 (eobs 8048)"}}, {"type": "Feature", "geometry": {"type": "Point", "coordinates": [-7.6148691, 32.9836235]}, "properties": {"timestamp": "2020-10-25 02:00:23", "individual": "Ursula A9V57 (eobs 8048)"}}, {"type": "Feature", "geometry": {"type": "Point", "coordinates": [-8.2034732, 32.759009]}, "properties": {"timestamp": "2020-10-26 02:00:23", "individual": "Ursula A9V57 (eobs 8048)"}}, {"type": "Feature", "geometry": {"type": "Point", "coordinates": [-8.2077607, 32.7582712]}, "properties": {"timestamp": "2020-10-27 02:00:23", "individual": "Ursula A9V57 (eobs 8048)"}}, {"type": "Feature", "geometry": {"type": "Point", "coordinates": [-8.2058577, 32.7587321]}, "properties": {"timestamp": "2020-10-28 02:00:23", "individual": "Ursula A9V57 (eobs 8048)"}}, {"type": "Feature", "geometry": {"type": "Point", "coordinates": [-8.1859906, 32.7639769]}, "properties": {"timestamp": "2020-10-29 02:00:23", "individual": "Ursula A9V57 (eobs 8048)"}}, {"type": "Feature", "geometry": {"type": "Point", "coordinates": [-8.1597968, 32.6997642]}, "properties": {"timestamp": "2020-10-30 02:00:23", "individual": "Ursula A9V57 (eobs 8048)"}}, {"type": "Feature", "geometry": {"type": "Point", "coordinates": [-8.1666833, 32.7052332]}, "properties": {"timestamp": "2020-10-31 02:00:23", "individual": "Ursula A9V57 (eobs 8048)"}}, {"type": "Feature", "geometry": {"type": "Point", "coordinates": [-8.1687246, 32.7047759]}, "properties": {"timestamp": "2020-11-01 02:00:23", "individual": "Ursula A9V57 (eobs 8048)"}}, {"type": "Feature", "geometry": {"type": "Point", "coordinates": [-8.1666504, 32.7052774]}, "properties": {"timestamp": "2020-11-02 02:00:23", "individual": "Ursula A9V57 (eobs 8048)"}}, {"type": "Feature", "geometry": {"type": "Point", "coordinates": [-8.1666724, 32.7052195]}, "properties": {"timestamp": "2020-11-03 02:00:23", "individual": "Ursula A9V57 (eobs 8048)"}}, {"type": "Feature", "geometry": {"type": "Point", "coordinates": [-8.1666655, 32.7052148]}, "properties": {"timestamp": "2020-11-04 02:00:23", "individual": "Ursula A9V57 (eobs 8048)"}}, {"type": "Feature", "geometry": {"type": "Point", "coordinates": [-8.1666717, 32.7052227]}, "properties": {"timestamp": "2020-11-05 02:00:39", "individual": "Ursula A9V57 (eobs 8048)"}}, {"type": "Feature", "geometry": {"type": "Point", "coordinates": [-8.1666614, 32.7052119]}, "properties": {"timestamp": "2020-11-06 02:00:23", "individual": "Ursula A9V57 (eobs 8048)"}}, {"type": "Feature", "geometry": {"type": "Point", "coordinates": [-8.1378952, 32.7036505]}, "properties": {"timestamp": "2020-11-07 02:00:23", "individual": "Ursula A9V57 (eobs 8048)"}}, {"type": "Feature", "geometry": {"type": "Point", "coordinates": [-8.5209488, 33.1897347]}, "properties": {"timestamp": "2020-11-08 02:00:23", "individual": "Ursula A9V57 (eobs 8048)"}}, {"type": "Feature", "geometry": {"type": "Point", "coordinates": [-8.5208837, 33.1897639]}, "properties": {"timestamp": "2020-11-09 02:00:23", "individual": "Ursula A9V57 (eobs 8048)"}}, {"type": "Feature", "geometry": {"type": "Point", "coordinates": [-8.5056507, 33.2185985]}, "properties": {"timestamp": "2020-11-10 02:00:23", "individual": "Ursula A9V57 (eobs 8048)"}}, {"type": "Feature", "geometry": {"type": "Point", "coordinates": [-8.5114607, 33.2188417]}, "properties": {"timestamp": "2020-11-11 02:00:41", "individual": "Ursula A9V57 (eobs 8048)"}}, {"type": "Feature", "geometry": {"type": "Point", "coordinates": [-8.5050947, 33.2472808]}, "properties": {"timestamp": "2020-11-12 02:00:23", "individual": "Ursula A9V57 (eobs 8048)"}}, {"type": "Feature", "geometry": {"type": "Point", "coordinates": [-8.5049015, 33.2469578]}, "properties": {"timestamp": "2020-11-13 02:00:23", "individual": "Ursula A9V57 (eobs 8048)"}}, {"type": "Feature", "geometry": {"type": "Point", "coordinates": [-8.5114531, 33.2188618]}, "properties": {"timestamp": "2020-11-14 02:00:23", "individual": "Ursula A9V57 (eobs 8048)"}}, {"type": "Feature", "geometry": {"type": "Point", "coordinates": [-8.5114188, 33.2188444]}, "properties": {"timestamp": "2020-11-15 02:00:23", "individual": "Ursula A9V57 (eobs 8048)"}}, {"type": "Feature", "geometry": {"type": "Point", "coordinates": [-8.511293, 33.2188797]}, "properties": {"timestamp": "2020-11-16 02:00:23", "individual": "Ursula A9V57 (eobs 8048)"}}, {"type": "Feature", "geometry": {"type": "Point", "coordinates": [-8.5086905, 33.2432771]}, "properties": {"timestamp": "2020-11-17 02:00:23", "individual": "Ursula A9V57 (eobs 8048)"}}, {"type": "Feature", "geometry": {"type": "Point", "coordinates": [-8.5090154, 33.2435698]}, "properties": {"timestamp": "2020-11-18 02:00:23", "individual": "Ursula A9V57 (eobs 8048)"}}, {"type": "Feature", "geometry": {"type": "Point", "coordinates": [-8.5089851, 33.2435969]}, "properties": {"timestamp": "2020-11-19 02:00:23", "individual": "Ursula A9V57 (eobs 8048)"}}, {"type": "Feature", "geometry": {"type": "Point", "coordinates": [-8.5055249, 33.2456447]}, "properties": {"timestamp": "2020-11-20 02:00:23", "individual": "Ursula A9V57 (eobs 8048)"}}, {"type": "Feature", "geometry": {"type": "Point", "coordinates": [-8.505528, 33.2456498]}, "properties": {"timestamp": "2020-11-21 02:00:23", "individual": "Ursula A9V57 (eobs 8048)"}}, {"type": "Feature", "geometry": {"type": "Point", "coordinates": [-8.5085137, 33.2441598]}, "properties": {"timestamp": "2020-11-22 02:00:23", "individual": "Ursula A9V57 (eobs 8048)"}}, {"type": "Feature", "geometry": {"type": "Point", "coordinates": [-8.5095513, 33.2438636]}, "properties": {"timestamp": "2020-11-23 02:00:47", "individual": "Ursula A9V57 (eobs 8048)"}}, {"type": "Feature", "geometry": {"type": "Point", "coordinates": [-8.5024156, 33.2472643]}, "properties": {"timestamp": "2020-11-24 02:02:08", "individual": "Ursula A9V57 (eobs 8048)"}}, {"type": "Feature", "geometry": {"type": "Point", "coordinates": [-8.5022188, 33.2474576]}, "properties": {"timestamp": "2020-11-25 02:01:47", "individual": "Ursula A9V57 (eobs 8048)"}}, {"type": "Feature", "geometry": {"type": "Point", "coordinates": [-8.5022901, 33.2474701]}, "properties": {"timestamp": "2020-11-26 06:02:20", "individual": "Ursula A9V57 (eobs 8048)"}}, {"type": "Feature", "geometry": {"type": "Point", "coordinates": [-8.5021653, 33.247362]}, "properties": {"timestamp": "2020-11-27 10:31:11", "individual": "Ursula A9V57 (eobs 8048)"}}, {"type": "Feature", "geometry": {"type": "Point", "coordinates": [-8.5021437, 33.2474874]}, "properties": {"timestamp": "2020-11-28 10:31:53", "individual": "Ursula A9V57 (eobs 8048)"}}, {"type": "Feature", "geometry": {"type": "Point", "coordinates": [-8.5020964, 33.2474815]}, "properties": {"timestamp": "2020-11-29 12:00:53", "individual": "Ursula A9V57 (eobs 8048)"}}, {"type": "Feature", "geometry": {"type": "Point", "coordinates": [-8.50224, 33.2474105]}, "properties": {"timestamp": "2020-11-30 06:02:23", "individual": "Ursula A9V57 (eobs 8048)"}}, {"type": "Feature", "geometry": {"type": "Point", "coordinates": [-8.502155, 33.2474644]}, "properties": {"timestamp": "2020-12-01 12:00:53", "individual": "Ursula A9V57 (eobs 8048)"}}, {"type": "Feature", "geometry": {"type": "Point", "coordinates": [-8.5021747, 33.2473763]}, "properties": {"timestamp": "2020-12-02 10:31:23", "individual": "Ursula A9V57 (eobs 8048)"}}, {"type": "Feature", "geometry": {"type": "Point", "coordinates": [-8.502084, 33.2473592]}, "properties": {"timestamp": "2020-12-03 10:31:58", "individual": "Ursula A9V57 (eobs 8048)"}}, {"type": "Feature", "geometry": {"type": "Point", "coordinates": [-8.5023105, 33.247229]}, "properties": {"timestamp": "2020-12-04 06:00:53", "individual": "Ursula A9V57 (eobs 8048)"}}, {"type": "Feature", "geometry": {"type": "Point", "coordinates": [-8.5022143, 33.2474259]}, "properties": {"timestamp": "2020-12-05 06:01:47", "individual": "Ursula A9V57 (eobs 8048)"}}, {"type": "Feature", "geometry": {"type": "Point", "coordinates": [-8.5021362, 33.2474009]}, "properties": {"timestamp": "2020-12-06 10:30:53", "individual": "Ursula A9V57 (eobs 8048)"}}, {"type": "Feature", "geometry": {"type": "Point", "coordinates": [-8.5021461, 33.2474344]}, "properties": {"timestamp": "2020-12-07 06:01:23", "individual": "Ursula A9V57 (eobs 8048)"}}, {"type": "Feature", "geometry": {"type": "Point", "coordinates": [-8.5022183, 33.2474029]}, "properties": {"timestamp": "2020-12-08 06:02:20", "individual": "Ursula A9V57 (eobs 8048)"}}, {"type": "Feature", "geometry": {"type": "Point", "coordinates": [-8.5022135, 33.2473876]}, "properties": {"timestamp": "2020-12-09 06:01:21", "individual": "Ursula A9V57 (eobs 8048)"}}, {"type": "Feature", "geometry": {"type": "Point", "coordinates": [-8.5079998, 33.2115183]}, "properties": {"timestamp": "2020-12-10 06:00:23", "individual": "Ursula A9V57 (eobs 8048)"}}, {"type": "Feature", "geometry": {"type": "Point", "coordinates": [-8.5147402, 33.1983544]}, "properties": {"timestamp": "2020-12-11 06:00:23", "individual": "Ursula A9V57 (eobs 8048)"}}, {"type": "Feature", "geometry": {"type": "Point", "coordinates": [-8.5182868, 33.200054]}, "properties": {"timestamp": "2020-12-12 06:00:41", "individual": "Ursula A9V57 (eobs 8048)"}}, {"type": "Feature", "geometry": {"type": "Point", "coordinates": [-8.5148669, 33.1981996]}, "properties": {"timestamp": "2020-12-13 06:00:23", "individual": "Ursula A9V57 (eobs 8048)"}}, {"type": "Feature", "geometry": {"type": "Point", "coordinates": [-8.5183183, 33.2000614]}, "properties": {"timestamp": "2020-12-14 06:00:23", "individual": "Ursula A9V57 (eobs 8048)"}}, {"type": "Feature", "geometry": {"type": "Point", "coordinates": [-8.5172253, 33.2013616]}, "properties": {"timestamp": "2020-12-15 06:00:41", "individual": "Ursula A9V57 (eobs 8048)"}}, {"type": "Feature", "geometry": {"type": "Point", "coordinates": [-8.5182905, 33.2001247]}, "properties": {"timestamp": "2020-12-16 06:00:23", "individual": "Ursula A9V57 (eobs 8048)"}}, {"type": "Feature", "geometry": {"type": "Point", "coordinates": [-8.5210355, 33.1978972]}, "properties": {"timestamp": "2020-12-17 06:00:23", "individual": "Ursula A9V57 (eobs 8048)"}}, {"type": "Feature", "geometry": {"type": "Point", "coordinates": [-8.5209517, 33.197921]}, "properties": {"timestamp": "2020-12-18 06:00:23", "individual": "Ursula A9V57 (eobs 8048)"}}, {"type": "Feature", "geometry": {"type": "Point", "coordinates": [-8.5146727, 33.1985339]}, "properties": {"timestamp": "2020-12-19 06:00:23", "individual": "Ursula A9V57 (eobs 8048)"}}, {"type": "Feature", "geometry": {"type": "Point", "coordinates": [-8.5042667, 33.2338534]}, "properties": {"timestamp": "2020-12-20 06:00:41", "individual": "Ursula A9V57 (eobs 8048)"}}, {"type": "Feature", "geometry": {"type": "Point", "coordinates": [-8.5046444, 33.2419209]}, "properties": {"timestamp": "2020-12-21 06:00:23", "individual": "Ursula A9V57 (eobs 8048)"}}, {"type": "Feature", "geometry": {"type": "Point", "coordinates": [-8.5046607, 33.2418722]}, "properties": {"timestamp": "2020-12-22 06:00:41", "individual": "Ursula A9V57 (eobs 8048)"}}, {"type": "Feature", "geometry": {"type": "Point", "coordinates": [-8.5046766, 33.2418719]}, "properties": {"timestamp": "2020-12-23 06:00:23", "individual": "Ursula A9V57 (eobs 8048)"}}, {"type": "Feature", "geometry": {"type": "Point", "coordinates": [-8.5046657, 33.2418979]}, "properties": {"timestamp": "2020-12-24 06:00:23", "individual": "Ursula A9V57 (eobs 8048)"}}, {"type": "Feature", "geometry": {"type": "Point", "coordinates": [-8.5183159, 33.200086]}, "properties": {"timestamp": "2020-12-25 06:00:23", "individual": "Ursula A9V57 (eobs 8048)"}}, {"type": "Feature", "geometry": {"type": "Point", "coordinates": [-8.5183077, 33.2000835]}, "properties": {"timestamp": "2020-12-26 06:00:41", "individual": "Ursula A9V57 (eobs 8048)"}}, {"type": "Feature", "geometry": {"type": "Point", "coordinates": [-8.5183097, 33.200133]}, "properties": {"timestamp": "2020-12-27 06:00:23", "individual": "Ursula A9V57 (eobs 8048)"}}, {"type": "Feature", "geometry": {"type": "Point", "coordinates": [-8.518327, 33.2000776]}, "properties": {"timestamp": "2020-12-28 06:00:23", "individual": "Ursula A9V57 (eobs 8048)"}}, {"type": "Feature", "geometry": {"type": "Point", "coordinates": [-8.4801636, 33.1655591]}, "properties": {"timestamp": "2020-12-29 06:00:23", "individual": "Ursula A9V57 (eobs 8048)"}}, {"type": "Feature", "geometry": {"type": "Point", "coordinates": [-8.5202713, 33.1954016]}, "properties": {"timestamp": "2020-12-30 06:00:23", "individual": "Ursula A9V57 (eobs 8048)"}}, {"type": "Feature", "geometry": {"type": "Point", "coordinates": [-8.4967752, 33.1425949]}, "properties": {"timestamp": "2020-12-31 06:00:23", "individual": "Ursula A9V57 (eobs 8048)"}}, {"type": "Feature", "geometry": {"type": "Point", "coordinates": [-8.5068742, 33.2451706]}, "properties": {"timestamp": "2021-01-01 06:00:23", "individual": "Ursula A9V57 (eobs 8048)"}}, {"type": "Feature", "geometry": {"type": "Point", "coordinates": [-8.476734, 33.2177659]}, "properties": {"timestamp": "2021-01-02 06:00:23", "individual": "Ursula A9V57 (eobs 8048)"}}, {"type": "Feature", "geometry": {"type": "Point", "coordinates": [-8.5067909, 33.2451168]}, "properties": {"timestamp": "2021-01-03 06:00:23", "individual": "Ursula A9V57 (eobs 8048)"}}, {"type": "Feature", "geometry": {"type": "Point", "coordinates": [-9.2301691, 32.2192695]}, "properties": {"timestamp": "2021-01-04 06:00:23", "individual": "Ursula A9V57 (eobs 8048)"}}, {"type": "Feature", "geometry": {"type": "Point", "coordinates": [-9.2317883, 32.2194857]}, "properties": {"timestamp": "2021-01-05 06:00:23", "individual": "Ursula A9V57 (eobs 8048)"}}, {"type": "Feature", "geometry": {"type": "Point", "coordinates": [-9.1974312, 32.2668097]}, "properties": {"timestamp": "2021-01-06 06:00:23", "individual": "Ursula A9V57 (eobs 8048)"}}, {"type": "Feature", "geometry": {"type": "Point", "coordinates": [-8.9476297, 32.6418874]}, "properties": {"timestamp": "2021-01-07 06:00:23", "individual": "Ursula A9V57 (eobs 8048)"}}, {"type": "Feature", "geometry": {"type": "Point", "coordinates": [-8.5082966, 33.2454927]}, "properties": {"timestamp": "2021-01-08 06:00:47", "individual": "Ursula A9V57 (eobs 8048)"}}, {"type": "Feature", "geometry": {"type": "Point", "coordinates": [-8.5046593, 33.2418114]}, "properties": {"timestamp": "2021-01-09 06:00:23", "individual": "Ursula A9V57 (eobs 8048)"}}, {"type": "Feature", "geometry": {"type": "Point", "coordinates": [-8.5034393, 33.2417772]}, "properties": {"timestamp": "2021-01-10 06:00:23", "individual": "Ursula A9V57 (eobs 8048)"}}, {"type": "Feature", "geometry": {"type": "Point", "coordinates": [-8.5033596, 33.241693]}, "properties": {"timestamp": "2021-01-11 06:00:41", "individual": "Ursula A9V57 (eobs 8048)"}}, {"type": "Feature", "geometry": {"type": "Point", "coordinates": [-8.5033462, 33.241755]}, "properties": {"timestamp": "2021-01-12 06:00:41", "individual": "Ursula A9V57 (eobs 8048)"}}, {"type": "Feature", "geometry": {"type": "Point", "coordinates": [-8.5033559, 33.2416834]}, "properties": {"timestamp": "2021-01-13 06:00:23", "individual": "Ursula A9V57 (eobs 8048)"}}, {"type": "Feature", "geometry": {"type": "Point", "coordinates": [-8.5033605, 33.2416771]}, "properties": {"timestamp": "2021-01-14 06:00:23", "individual": "Ursula A9V57 (eobs 8048)"}}, {"type": "Feature", "geometry": {"type": "Point", "coordinates": [-8.5034128, 33.2417046]}, "properties": {"timestamp": "2021-01-15 06:00:41", "individual": "Ursula A9V57 (eobs 8048)"}}, {"type": "Feature", "geometry": {"type": "Point", "coordinates": [-8.5034089, 33.241717]}, "properties": {"timestamp": "2021-01-16 06:00:23", "individual": "Ursula A9V57 (eobs 8048)"}}, {"type": "Feature", "geometry": {"type": "Point", "coordinates": [-8.503377, 33.2417055]}, "properties": {"timestamp": "2021-01-17 06:00:23", "individual": "Ursula A9V57 (eobs 8048)"}}, {"type": "Feature", "geometry": {"type": "Point", "coordinates": [-8.5069558, 33.2453939]}, "properties": {"timestamp": "2021-01-18 06:00:23", "individual": "Ursula A9V57 (eobs 8048)"}}, {"type": "Feature", "geometry": {"type": "Point", "coordinates": [-8.5033732, 33.2416795]}, "properties": {"timestamp": "2021-01-19 06:00:23", "individual": "Ursula A9V57 (eobs 8048)"}}, {"type": "Feature", "geometry": {"type": "Point", "coordinates": [-8.5033843, 33.2417026]}, "properties": {"timestamp": "2021-01-20 06:00:23", "individual": "Ursula A9V57 (eobs 8048)"}}, {"type": "Feature", "geometry": {"type": "Point", "coordinates": [-8.5033846, 33.2417074]}, "properties": {"timestamp": "2021-01-21 06:00:41", "individual": "Ursula A9V57 (eobs 8048)"}}, {"type": "Feature", "geometry": {"type": "Point", "coordinates": [-8.5034023, 33.2417034]}, "properties": {"timestamp": "2021-01-22 06:00:23", "individual": "Ursula A9V57 (eobs 8048)"}}, {"type": "Feature", "geometry": {"type": "Point", "coordinates": [-8.5069558, 33.2454457]}, "properties": {"timestamp": "2021-01-23 06:00:22.999000", "individual": "Ursula A9V57 (eobs 8048)"}}, {"type": "Feature", "geometry": {"type": "Point", "coordinates": [-8.5068231, 33.2451526]}, "properties": {"timestamp": "2021-01-24 06:00:23", "individual": "Ursula A9V57 (eobs 8048)"}}, {"type": "Feature", "geometry": {"type": "Point", "coordinates": [-8.5054195, 33.2448245]}, "properties": {"timestamp": "2021-01-25 06:00:23", "individual": "Ursula A9V57 (eobs 8048)"}}, {"type": "Feature", "geometry": {"type": "Point", "coordinates": [-8.5056485, 33.2455829]}, "properties": {"timestamp": "2021-01-26 06:00:23", "individual": "Ursula A9V57 (eobs 8048)"}}, {"type": "Feature", "geometry": {"type": "Point", "coordinates": [-8.5068729, 33.2451698]}, "properties": {"timestamp": "2021-01-27 06:00:23", "individual": "Ursula A9V57 (eobs 8048)"}}, {"type": "Feature", "geometry": {"type": "Point", "coordinates": [-8.5081264, 33.2456216]}, "properties": {"timestamp": "2021-01-28 06:00:23", "individual": "Ursula A9V57 (eobs 8048)"}}, {"type": "Feature", "geometry": {"type": "Point", "coordinates": [-8.5081358, 33.2456457]}, "properties": {"timestamp": "2021-01-29 06:00:23", "individual": "Ursula A9V57 (eobs 8048)"}}, {"type": "Feature", "geometry": {"type": "Point", "coordinates": [-8.5080723, 33.2456012]}, "properties": {"timestamp": "2021-01-30 06:00:23", "individual": "Ursula A9V57 (eobs 8048)"}}, {"type": "Feature", "geometry": {"type": "Point", "coordinates": [-8.5080466, 33.245627]}, "properties": {"timestamp": "2021-01-31 06:00:23", "individual": "Ursula A9V57 (eobs 8048)"}}, {"type": "Feature", "geometry": {"type": "Point", "coordinates": [-8.5313682, 33.2376429]}, "properties": {"timestamp": "2021-02-01 06:00:53", "individual": "Ursula A9V57 (eobs 8048)"}}, {"type": "Feature", "geometry": {"type": "Point", "coordinates": [-8.5080851, 33.2456225]}, "properties": {"timestamp": "2021-02-02 06:00:41", "individual": "Ursula A9V57 (eobs 8048)"}}, {"type": "Feature", "geometry": {"type": "Point", "coordinates": [-8.5080339, 33.2456292]}, "properties": {"timestamp": "2021-02-03 06:00:23", "individual": "Ursula A9V57 (eobs 8048)"}}, {"type": "Feature", "geometry": {"type": "Point", "coordinates": [-8.5070214, 33.2453889]}, "properties": {"timestamp": "2021-02-04 06:00:23", "individual": "Ursula A9V57 (eobs 8048)"}}, {"type": "Feature", "geometry": {"type": "Point", "coordinates": [-8.5070153, 33.2454326]}, "properties": {"timestamp": "2021-02-05 06:00:23", "individual": "Ursula A9V57 (eobs 8048)"}}, {"type": "Feature", "geometry": {"type": "Point", "coordinates": [-8.5311483, 33.1370875]}, "properties": {"timestamp": "2021-02-06 06:00:23", "individual": "Ursula A9V57 (eobs 8048)"}}, {"type": "Feature", "geometry": {"type": "Point", "coordinates": [-8.5070183, 33.2454114]}, "properties": {"timestamp": "2021-02-07 06:00:23", "individual": "Ursula A9V57 (eobs 8048)"}}, {"type": "Feature", "geometry": {"type": "Point", "coordinates": [-8.5080773, 33.2456524]}, "properties": {"timestamp": "2021-02-08 06:00:23", "individual": "Ursula A9V57 (eobs 8048)"}}, {"type": "Feature", "geometry": {"type": "Point", "coordinates": [-8.5080973, 33.2456077]}, "properties": {"timestamp": "2021-02-09 06:00:23", "individual": "Ursula A9V57 (eobs 8048)"}}, {"type": "Feature", "geometry": {"type": "Point", "coordinates": [-8.5080424, 33.2455958]}, "properties": {"timestamp": "2021-02-10 06:00:23", "individual": "Ursula A9V57 (eobs 8048)"}}, {"type": "Feature", "geometry": {"type": "Point", "coordinates": [-8.5069663, 33.2454353]}, "properties": {"timestamp": "2021-02-11 06:00:23", "individual": "Ursula A9V57 (eobs 8048)"}}, {"type": "Feature", "geometry": {"type": "Point", "coordinates": [-8.5069906, 33.2454281]}, "properties": {"timestamp": "2021-02-12 06:00:23", "individual": "Ursula A9V57 (eobs 8048)"}}, {"type": "Feature", "geometry": {"type": "Point", "coordinates": [-8.5420406, 33.1314234]}, "properties": {"timestamp": "2021-02-13 06:00:23", "individual": "Ursula A9V57 (eobs 8048)"}}, {"type": "Feature", "geometry": {"type": "Point", "coordinates": [-8.5080687, 33.2456165]}, "properties": {"timestamp": "2021-02-14 06:00:23", "individual": "Ursula A9V57 (eobs 8048)"}}, {"type": "Feature", "geometry": {"type": "Point", "coordinates": [-8.5080644, 33.2456999]}, "properties": {"timestamp": "2021-02-15 06:00:23", "individual": "Ursula A9V57 (eobs 8048)"}}, {"type": "Feature", "geometry": {"type": "Point", "coordinates": [-8.5081083, 33.2456771]}, "properties": {"timestamp": "2021-02-16 06:00:23", "individual": "Ursula A9V57 (eobs 8048)"}}, {"type": "Feature", "geometry": {"type": "Point", "coordinates": [-8.5080779, 33.2456537]}, "properties": {"timestamp": "2021-02-17 06:00:23", "individual": "Ursula A9V57 (eobs 8048)"}}, {"type": "Feature", "geometry": {"type": "Point", "coordinates": [-8.5080841, 33.2457237]}, "properties": {"timestamp": "2021-02-18 06:00:23", "individual": "Ursula A9V57 (eobs 8048)"}}, {"type": "Feature", "geometry": {"type": "Point", "coordinates": [-8.5080971, 33.2456463]}, "properties": {"timestamp": "2021-02-19 06:00:23", "individual": "Ursula A9V57 (eobs 8048)"}}, {"type": "Feature", "geometry": {"type": "Point", "coordinates": [-8.481906, 33.2004874]}, "properties": {"timestamp": "2021-02-20 06:00:23", "individual": "Ursula A9V57 (eobs 8048)"}}, {"type": "Feature", "geometry": {"type": "Point", "coordinates": [-8.510948, 33.1950459]}, "properties": {"timestamp": "2021-02-21 06:00:23", "individual": "Ursula A9V57 (eobs 8048)"}}, {"type": "Feature", "geometry": {"type": "Point", "coordinates": [-8.504286, 33.2338901]}, "properties": {"timestamp": "2021-02-22 06:00:23", "individual": "Ursula A9V57 (eobs 8048)"}}, {"type": "Feature", "geometry": {"type": "Point", "coordinates": [-8.5066551, 33.2452306]}, "properties": {"timestamp": "2021-02-23 06:00:23", "individual": "Ursula A9V57 (eobs 8048)"}}, {"type": "Feature", "geometry": {"type": "Point", "coordinates": [-8.506651, 33.245226]}, "properties": {"timestamp": "2021-02-24 06:00:23", "individual": "Ursula A9V57 (eobs 8048)"}}, {"type": "Feature", "geometry": {"type": "Point", "coordinates": [-8.5067049, 33.2452595]}, "properties": {"timestamp": "2021-02-25 06:00:23", "individual": "Ursula A9V57 (eobs 8048)"}}, {"type": "Feature", "geometry": {"type": "Point", "coordinates": [-8.5042851, 33.2486252]}, "properties": {"timestamp": "2021-02-26 06:00:23", "individual": "Ursula A9V57 (eobs 8048)"}}, {"type": "Feature", "geometry": {"type": "Point", "coordinates": [-8.504322, 33.2486464]}, "properties": {"timestamp": "2021-02-27 06:00:23", "individual": "Ursula A9V57 (eobs 8048)"}}, {"type": "Feature", "geometry": {"type": "Point", "coordinates": [-8.5050007, 33.2491162]}, "properties": {"timestamp": "2021-02-28 06:00:23", "individual": "Ursula A9V57 (eobs 8048)"}}, {"type": "Feature", "geometry": {"type": "Point", "coordinates": [-8.5646612, 33.1546288]}, "properties": {"timestamp": "2021-03-01 06:00:23", "individual": "Ursula A9V57 (eobs 8048)"}}, {"type": "Feature", "geometry": {"type": "Point", "coordinates": [-8.5033594, 33.2417172]}, "properties": {"timestamp": "2021-03-02 06:00:23", "individual": "Ursula A9V57 (eobs 8048)"}}, {"type": "Feature", "geometry": {"type": "Point", "coordinates": [-8.5033936, 33.2417363]}, "properties": {"timestamp": "2021-03-03 06:00:23", "individual": "Ursula A9V57 (eobs 8048)"}}, {"type": "Feature", "geometry": {"type": "Point", "coordinates": [-8.5033679, 33.2417181]}, "properties": {"timestamp": "2021-03-04 06:00:23", "individual": "Ursula A9V57 (eobs 8048)"}}, {"type": "Feature", "geometry": {"type": "Point", "coordinates": [-8.5036453, 33.2476388]}, "properties": {"timestamp": "2021-03-05 06:00:23", "individual": "Ursula A9V57 (eobs 8048)"}}, {"type": "Feature", "geometry": {"type": "Point", "coordinates": [-8.5036791, 33.2476366]}, "properties": {"timestamp": "2021-03-06 06:00:23", "individual": "Ursula A9V57 (eobs 8048)"}}, {"type": "Feature", "geometry": {"type": "Point", "coordinates": [-8.5036194, 33.2476145]}, "properties": {"timestamp": "2021-03-07 06:00:23", "individual": "Ursula A9V57 (eobs 8048)"}}, {"type": "Feature", "geometry": {"type": "Point", "coordinates": [-8.5036649, 33.2475746]}, "properties": {"timestamp": "2021-03-08 06:00:23", "individual": "Ursula A9V57 (eobs 8048)"}}, {"type": "Feature", "geometry": {"type": "Point", "coordinates": [-8.5036577, 33.2476288]}, "properties": {"timestamp": "2021-03-09 06:00:23", "individual": "Ursula A9V57 (eobs 8048)"}}, {"type": "Feature", "geometry": {"type": "Point", "coordinates": [-8.5036049, 33.2475977]}, "properties": {"timestamp": "2021-03-10 06:00:23", "individual": "Ursula A9V57 (eobs 8048)"}}, {"type": "Feature", "geometry": {"type": "Point", "coordinates": [-8.5036094, 33.2476052]}, "properties": {"timestamp": "2021-03-11 06:00:41", "individual": "Ursula A9V57 (eobs 8048)"}}, {"type": "Feature", "geometry": {"type": "Point", "coordinates": [-8.5036106, 33.2475986]}, "properties": {"timestamp": "2021-03-12 06:00:23", "individual": "Ursula A9V57 (eobs 8048)"}}, {"type": "Feature", "geometry": {"type": "Point", "coordinates": [-8.5036242, 33.247571]}, "properties": {"timestamp": "2021-03-13 06:00:23", "individual": "Ursula A9V57 (eobs 8048)"}}, {"type": "Feature", "geometry": {"type": "Point", "coordinates": [-8.5036066, 33.247589]}, "properties": {"timestamp": "2021-03-14 06:00:23", "individual": "Ursula A9V57 (eobs 8048)"}}, {"type": "Feature", "geometry": {"type": "Point", "coordinates": [-8.5036622, 33.2475668]}, "properties": {"timestamp": "2021-03-15 06:00:23", "individual": "Ursula A9V57 (eobs 8048)"}}, {"type": "Feature", "geometry": {"type": "Point", "coordinates": [-8.503634, 33.2475223]}, "properties": {"timestamp": "2021-03-16 06:00:23", "individual": "Ursula A9V57 (eobs 8048)"}}, {"type": "Feature", "geometry": {"type": "Point", "coordinates": [-8.5036368, 33.2476004]}, "properties": {"timestamp": "2021-03-17 06:00:41", "individual": "Ursula A9V57 (eobs 8048)"}}, {"type": "Feature", "geometry": {"type": "Point", "coordinates": [-8.5036462, 33.2475287]}, "properties": {"timestamp": "2021-03-18 06:00:23", "individual": "Ursula A9V57 (eobs 8048)"}}, {"type": "Feature", "geometry": {"type": "Point", "coordinates": [-8.5036303, 33.2476031]}, "properties": {"timestamp": "2021-03-19 06:00:23", "individual": "Ursula A9V57 (eobs 8048)"}}, {"type": "Feature", "geometry": {"type": "Point", "coordinates": [-8.5036673, 33.2475757]}, "properties": {"timestamp": "2021-03-20 06:00:23", "individual": "Ursula A9V57 (eobs 8048)"}}, {"type": "Feature", "geometry": {"type": "Point", "coordinates": [-8.4904921, 33.2046265]}, "properties": {"timestamp": "2021-03-21 06:00:23", "individual": "Ursula A9V57 (eobs 8048)"}}, {"type": "Feature", "geometry": {"type": "Point", "coordinates": [-8.5036293, 33.2476026]}, "properties": {"timestamp": "2021-03-22 06:00:23", "individual": "Ursula A9V57 (eobs 8048)"}}, {"type": "Feature", "geometry": {"type": "Point", "coordinates": [-8.5035936, 33.2476049]}, "properties": {"timestamp": "2021-03-23 06:00:41", "individual": "Ursula A9V57 (eobs 8048)"}}, {"type": "Feature", "geometry": {"type": "Point", "coordinates": [-8.503612, 33.2475775]}, "properties": {"timestamp": "2021-03-24 06:00:23", "individual": "Ursula A9V57 (eobs 8048)"}}, {"type": "Feature", "geometry": {"type": "Point", "coordinates": [-8.4863099, 33.2144572]}, "properties": {"timestamp": "2021-03-25 06:00:23", "individual": "Ursula A9V57 (eobs 8048)"}}, {"type": "Feature", "geometry": {"type": "Point", "coordinates": [-8.5035799, 33.2475908]}, "properties": {"timestamp": "2021-03-26 06:00:23", "individual": "Ursula A9V57 (eobs 8048)"}}, {"type": "Feature", "geometry": {"type": "Point", "coordinates": [-8.486067, 33.2145247]}, "properties": {"timestamp": "2021-03-27 06:00:23", "individual": "Ursula A9V57 (eobs 8048)"}}, {"type": "Feature", "geometry": {"type": "Point", "coordinates": [-8.4957437, 33.2127994]}, "properties": {"timestamp": "2021-03-28 06:00:23", "individual": "Ursula A9V57 (eobs 8048)"}}, {"type": "Feature", "geometry": {"type": "Point", "coordinates": [-8.4957699, 33.2128298]}, "properties": {"timestamp": "2021-03-29 06:00:23", "individual": "Ursula A9V57 (eobs 8048)"}}, {"type": "Feature", "geometry": {"type": "Point", "coordinates": [-8.4937845, 33.2207146]}, "properties": {"timestamp": "2021-03-30 06:00:23", "individual": "Ursula A9V57 (eobs 8048)"}}, {"type": "Feature", "geometry": {"type": "Point", "coordinates": [-7.2215848, 33.6608693]}, "properties": {"timestamp": "2021-03-31 06:00:23", "individual": "Ursula A9V57 (eobs 8048)"}}, {"type": "Feature", "geometry": {"type": "Point", "coordinates": [-6.5802719, 34.2742486]}, "properties": {"timestamp": "2021-04-01 06:00:23", "individual": "Ursula A9V57 (eobs 8048)"}}, {"type": "Feature", "geometry": {"type": "Point", "coordinates": [-5.8116349, 35.6712274]}, "properties": {"timestamp": "2021-04-02 06:00:23", "individual": "Ursula A9V57 (eobs 8048)"}}, {"type": "Feature", "geometry": {"type": "Point", "coordinates": [-5.5584773, 37.5778266]}, "properties": {"timestamp": "2021-04-03 06:00:23", "individual": "Ursula A9V57 (eobs 8048)"}}, {"type": "Feature", "geometry": {"type": "Point", "coordinates": [-4.7856988, 37.7805548]}, "properties": {"timestamp": "2021-04-04 06:00:23", "individual": "Ursula A9V57 (eobs 8048)"}}, {"type": "Feature", "geometry": {"type": "Point", "coordinates": [-3.4806326, 38.1850958]}, "properties": {"timestamp": "2021-04-05 06:00:23", "individual": "Ursula A9V57 (eobs 8048)"}}, {"type": "Feature", "geometry": {"type": "Point", "coordinates": [-2.307003, 39.7574682]}, "properties": {"timestamp": "2021-04-06 06:00:23", "individual": "Ursula A9V57 (eobs 8048)"}}, {"type": "Feature", "geometry": {"type": "Point", "coordinates": [0.6950124, 40.7821418]}, "properties": {"timestamp": "2021-04-07 06:00:23", "individual": "Ursula A9V57 (eobs 8048)"}}, {"type": "Feature", "geometry": {"type": "Point", "coordinates": [2.1263307, 42.6427509]}, "properties": {"timestamp": "2021-04-08 06:00:23", "individual": "Ursula A9V57 (eobs 8048)"}}, {"type": "Feature", "geometry": {"type": "Point", "coordinates": [2.7428183, 44.4775958]}, "properties": {"timestamp": "2021-04-09 06:00:23", "individual": "Ursula A9V57 (eobs 8048)"}}, {"type": "Feature", "geometry": {"type": "Point", "coordinates": [4.0760591, 46.6159805]}, "properties": {"timestamp": "2021-04-10 06:00:23", "individual": "Ursula A9V57 (eobs 8048)"}}, {"type": "Feature", "geometry": {"type": "Point", "coordinates": [6.1142898, 47.7780992]}, "properties": {"timestamp": "2021-04-11 06:00:23", "individual": "Ursula A9V57 (eobs 8048)"}}, {"type": "Feature", "geometry": {"type": "Point", "coordinates": [6.1131309, 47.7793551]}, "properties": {"timestamp": "2021-04-12 06:00:41", "individual": "Ursula A9V57 (eobs 8048)"}}, {"type": "Feature", "geometry": {"type": "Point", "coordinates": [6.1139415, 47.7805667]}, "properties": {"timestamp": "2021-04-13 06:00:23", "individual": "Ursula A9V57 (eobs 8048)"}}, {"type": "Feature", "geometry": {"type": "Point", "coordinates": [6.1139966, 47.7781016]}, "properties": {"timestamp": "2021-04-14 06:00:23", "individual": "Ursula A9V57 (eobs 8048)"}}, {"type": "Feature", "geometry": {"type": "Point", "coordinates": [6.1141204, 47.7784815]}, "properties": {"timestamp": "2021-04-15 06:00:23", "individual": "Ursula A9V57 (eobs 8048)"}}, {"type": "Feature", "geometry": {"type": "Point", "coordinates": [6.1143402, 47.7787969]}, "properties": {"timestamp": "2021-04-16 06:00:23", "individual": "Ursula A9V57 (eobs 8048)"}}, {"type": "Feature", "geometry": {"type": "Point", "coordinates": [6.1136425, 47.7780764]}, "properties": {"timestamp": "2021-04-17 06:00:23", "individual": "Ursula A9V57 (eobs 8048)"}}, {"type": "Feature", "geometry": {"type": "Point", "coordinates": [5.1713054, 46.0703599]}, "properties": {"timestamp": "2021-04-18 12:00:11", "individual": "Ursula A9V57 (eobs 8048)"}}, {"type": "Feature", "geometry": {"type": "Point", "coordinates": [5.1081347, 46.1119116]}, "properties": {"timestamp": "2021-04-19 06:00:23", "individual": "Ursula A9V57 (eobs 8048)"}}, {"type": "Feature", "geometry": {"type": "Point", "coordinates": [5.1326995, 46.1247581]}, "properties": {"timestamp": "2021-04-20 06:00:23", "individual": "Ursula A9V57 (eobs 8048)"}}, {"type": "Feature", "geometry": {"type": "Point", "coordinates": [5.1665218, 46.0745804]}, "properties": {"timestamp": "2021-04-21 06:00:23", "individual": "Ursula A9V57 (eobs 8048)"}}, {"type": "Feature", "geometry": {"type": "Point", "coordinates": [5.1710082, 46.0702761]}, "properties": {"timestamp": "2021-04-22 06:00:23", "individual": "Ursula A9V57 (eobs 8048)"}}, {"type": "Feature", "geometry": {"type": "Point", "coordinates": [5.1074857, 46.1116659]}, "properties": {"timestamp": "2021-04-23 06:00:23", "individual": "Ursula A9V57 (eobs 8048)"}}, {"type": "Feature", "geometry": {"type": "Point", "coordinates": [5.1058553, 46.1099337]}, "properties": {"timestamp": "2021-04-24 06:00:23", "individual": "Ursula A9V57 (eobs 8048)"}}, {"type": "Feature", "geometry": {"type": "Point", "coordinates": [5.0549927, 46.1208204]}, "properties": {"timestamp": "2021-04-25 06:00:23", "individual": "Ursula A9V57 (eobs 8048)"}}, {"type": "Feature", "geometry": {"type": "Point", "coordinates": [5.111241, 46.1148443]}, "properties": {"timestamp": "2021-04-26 06:00:23", "individual": "Ursula A9V57 (eobs 8048)"}}, {"type": "Feature", "geometry": {"type": "Point", "coordinates": [5.1113746, 46.1104127]}, "properties": {"timestamp": "2021-04-27 06:00:23", "individual": "Ursula A9V57 (eobs 8048)"}}, {"type": "Feature", "geometry": {"type": "Point", "coordinates": [5.1064388, 46.1104289]}, "properties": {"timestamp": "2021-04-28 06:00:23", "individual": "Ursula A9V57 (eobs 8048)"}}, {"type": "Feature", "geometry": {"type": "Point", "coordinates": [5.1069606, 46.112947]}, "properties": {"timestamp": "2021-04-29 06:00:23", "individual": "Ursula A9V57 (eobs 8048)"}}, {"type": "Feature", "geometry": {"type": "Point", "coordinates": [5.1068384, 46.1121021]}, "properties": {"timestamp": "2021-04-30 06:00:23", "individual": "Ursula A9V57 (eobs 8048)"}}, {"type": "Feature", "geometry": {"type": "Point", "coordinates": [5.1077987, 46.113451]}, "properties": {"timestamp": "2021-05-01 06:00:23", "individual": "Ursula A9V57 (eobs 8048)"}}, {"type": "Feature", "geometry": {"type": "Point", "coordinates": [5.1077913, 46.113448]}, "properties": {"timestamp": "2021-05-02 06:00:23", "individual": "Ursula A9V57 (eobs 8048)"}}, {"type": "Feature", "geometry": {"type": "Point", "coordinates": [5.109327, 46.112008]}, "properties": {"timestamp": "2021-05-03 06:00:23", "individual": "Ursula A9V57 (eobs 8048)"}}, {"type": "Feature", "geometry": {"type": "Point", "coordinates": [5.1081082, 46.1144476]}, "properties": {"timestamp": "2021-05-04 06:00:23", "individual": "Ursula A9V57 (eobs 8048)"}}, {"type": "Feature", "geometry": {"type": "Point", "coordinates": [5.1059336, 46.1158836]}, "properties": {"timestamp": "2021-05-05 06:00:23", "individual": "Ursula A9V57 (eobs 8048)"}}, {"type": "Feature", "geometry": {"type": "Point", "coordinates": [6.1255738, 47.6371122]}, "properties": {"timestamp": "2021-05-06 06:00:23", "individual": "Ursula A9V57 (eobs 8048)"}}, {"type": "Feature", "geometry": {"type": "Point", "coordinates": [6.1296109, 47.6354875]}, "properties": {"timestamp": "2021-05-07 02:00:23", "individual": "Ursula A9V57 (eobs 8048)"}}, {"type": "Feature", "geometry": {"type": "Point", "coordinates": [6.1302792, 47.6359492]}, "properties": {"timestamp": "2021-05-08 02:00:23", "individual": "Ursula A9V57 (eobs 8048)"}}, {"type": "Feature", "geometry": {"type": "Point", "coordinates": [6.1303933, 47.6360153]}, "properties": {"timestamp": "2021-05-09 02:00:23", "individual": "Ursula A9V57 (eobs 8048)"}}, {"type": "Feature", "geometry": {"type": "Point", "coordinates": [6.6800305, 48.7643822]}, "properties": {"timestamp": "2021-05-10 02:00:23", "individual": "Ursula A9V57 (eobs 8048)"}}, {"type": "Feature", "geometry": {"type": "Point", "coordinates": [6.6967985, 48.772822]}, "properties": {"timestamp": "2021-05-11 02:00:23", "individual": "Ursula A9V57 (eobs 8048)"}}, {"type": "Feature", "geometry": {"type": "Point", "coordinates": [6.7044361, 48.7625611]}, "properties": {"timestamp": "2021-05-12 02:00:23", "individual": "Ursula A9V57 (eobs 8048)"}}, {"type": "Feature", "geometry": {"type": "Point", "coordinates": [6.7629549, 48.7968411]}, "properties": {"timestamp": "2021-05-13 02:00:23", "individual": "Ursula A9V57 (eobs 8048)"}}, {"type": "Feature", "geometry": {"type": "Point", "coordinates": [6.7647937, 48.7972147]}, "properties": {"timestamp": "2021-05-14 02:00:23", "individual": "Ursula A9V57 (eobs 8048)"}}, {"type": "Feature", "geometry": {"type": "Point", "coordinates": [6.9142569, 48.9069115]}, "properties": {"timestamp": "2021-05-15 02:00:23", "individual": "Ursula A9V57 (eobs 8048)"}}, {"type": "Feature", "geometry": {"type": "Point", "coordinates": [6.9142224, 48.9070513]}, "properties": {"timestamp": "2021-05-16 02:00:23", "individual": "Ursula A9V57 (eobs 8048)"}}, {"type": "Feature", "geometry": {"type": "Point", "coordinates": [6.9141591, 48.9069716]}, "properties": {"timestamp": "2021-05-17 02:00:23", "individual": "Ursula A9V57 (eobs 8048)"}}, {"type": "Feature", "geometry": {"type": "Point", "coordinates": [6.9142172, 48.9068532]}, "properties": {"timestamp": "2021-05-18 02:00:23", "individual": "Ursula A9V57 (eobs 8048)"}}, {"type": "Feature", "geometry": {"type": "Point", "coordinates": [6.9142118, 48.9069242]}, "properties": {"timestamp": "2021-05-19 02:00:23", "individual": "Ursula A9V57 (eobs 8048)"}}, {"type": "Feature", "geometry": {"type": "Point", "coordinates": [6.9142736, 48.9068183]}, "properties": {"timestamp": "2021-05-20 02:00:23", "individual": "Ursula A9V57 (eobs 8048)"}}, {"type": "Feature", "geometry": {"type": "Point", "coordinates": [6.9140973, 48.9069352]}, "properties": {"timestamp": "2021-05-21 02:00:23", "individual": "Ursula A9V57 (eobs 8048)"}}, {"type": "Feature", "geometry": {"type": "Point", "coordinates": [6.9141027, 48.9068068]}, "properties": {"timestamp": "2021-05-22 02:30:08", "individual": "Ursula A9V57 (eobs 8048)"}}, {"type": "Feature", "geometry": {"type": "Point", "coordinates": [7.0032692, 48.9796252]}, "properties": {"timestamp": "2021-05-23 02:00:23", "individual": "Ursula A9V57 (eobs 8048)"}}, {"type": "Feature", "geometry": {"type": "Point", "coordinates": [7.0033027, 48.9795669]}, "properties": {"timestamp": "2021-05-24 02:00:23", "individual": "Ursula A9V57 (eobs 8048)"}}, {"type": "Feature", "geometry": {"type": "Point", "coordinates": [7.0032965, 48.979626]}, "properties": {"timestamp": "2021-05-25 02:00:23", "individual": "Ursula A9V57 (eobs 8048)"}}, {"type": "Feature", "geometry": {"type": "Point", "coordinates": [7.0033402, 48.9796322]}, "properties": {"timestamp": "2021-05-26 02:00:23", "individual": "Ursula A9V57 (eobs 8048)"}}, {"type": "Feature", "geometry": {"type": "Point", "coordinates": [7.0032756, 48.9795963]}, "properties": {"timestamp": "2021-05-27 02:00:23", "individual": "Ursula A9V57 (eobs 8048)"}}, {"type": "Feature", "geometry": {"type": "Point", "coordinates": [7.0032801, 48.9795997]}, "properties": {"timestamp": "2021-05-28 02:00:23", "individual": "Ursula A9V57 (eobs 8048)"}}, {"type": "Feature", "geometry": {"type": "Point", "coordinates": [7.0032574, 48.9795961]}, "properties": {"timestamp": "2021-05-29 02:00:23", "individual": "Ursula A9V57 (eobs 8048)"}}, {"type": "Feature", "geometry": {"type": "Point", "coordinates": [7.0033913, 48.9796963]}, "properties": {"timestamp": "2021-05-30 02:00:23", "individual": "Ursula A9V57 (eobs 8048)"}}, {"type": "Feature", "geometry": {"type": "Point", "coordinates": [7.0032917, 48.9796288]}, "properties": {"timestamp": "2021-05-31 02:00:23", "individual": "Ursula A9V57 (eobs 8048)"}}, {"type": "Feature", "geometry": {"type": "Point", "coordinates": [7.7565326, 48.8822249]}, "properties": {"timestamp": "2021-06-01 02:00:23", "individual": "Ursula A9V57 (eobs 8048)"}}, {"type": "Feature", "geometry": {"type": "Point", "coordinates": [7.9071913, 48.8950581]}, "properties": {"timestamp": "2021-06-02 02:00:23", "individual": "Ursula A9V57 (eobs 8048)"}}, {"type": "Feature", "geometry": {"type": "Point", "coordinates": [8.0487068, 48.9017949]}, "properties": {"timestamp": "2021-06-03 02:00:23", "individual": "Ursula A9V57 (eobs 8048)"}}, {"type": "Feature", "geometry": {"type": "Point", "coordinates": [8.0829047, 48.7191483]}, "properties": {"timestamp": "2021-06-04 02:00:23", "individual": "Ursula A9V57 (eobs 8048)"}}, {"type": "Feature", "geometry": {"type": "Point", "coordinates": [8.0498836, 48.9020013]}, "properties": {"timestamp": "2021-06-05 02:00:23", "individual": "Ursula A9V57 (eobs 8048)"}}, {"type": "Feature", "geometry": {"type": "Point", "coordinates": [8.0998202, 48.8846956]}, "properties": {"timestamp": "2021-06-06 02:00:23", "individual": "Ursula A9V57 (eobs 8048)"}}, {"type": "Feature", "geometry": {"type": "Point", "coordinates": [8.0995556, 48.8845637]}, "properties": {"timestamp": "2021-06-07 02:00:41", "individual": "Ursula A9V57 (eobs 8048)"}}, {"type": "Feature", "geometry": {"type": "Point", "coordinates": [8.0676976, 48.8605056]}, "properties": {"timestamp": "2021-06-08 02:00:23", "individual": "Ursula A9V57 (eobs 8048)"}}, {"type": "Feature", "geometry": {"type": "Point", "coordinates": [8.0677478, 48.8604311]}, "properties": {"timestamp": "2021-06-09 02:00:23", "individual": "Ursula A9V57 (eobs 8048)"}}, {"type": "Feature", "geometry": {"type": "Point", "coordinates": [7.8900456, 48.4601555]}, "properties": {"timestamp": "2021-06-10 02:00:23", "individual": "Ursula A9V57 (eobs 8048)"}}, {"type": "Feature", "geometry": {"type": "Point", "coordinates": [7.7098314, 48.2298135]}, "properties": {"timestamp": "2021-06-11 02:00:23", "individual": "Ursula A9V57 (eobs 8048)"}}, {"type": "Feature", "geometry": {"type": "Point", "coordinates": [7.7053581, 48.2562082]}, "properties": {"timestamp": "2021-06-12 02:00:23", "individual": "Ursula A9V57 (eobs 8048)"}}, {"type": "Feature", "geometry": {"type": "Point", "coordinates": [7.832387, 48.0495066]}, "properties": {"timestamp": "2021-06-13 02:00:23", "individual": "Ursula A9V57 (eobs 8048)"}}, {"type": "Feature", "geometry": {"type": "Point", "coordinates": [7.859368, 48.0653731]}, "properties": {"timestamp": "2021-06-14 02:00:23", "individual": "Ursula A9V57 (eobs 8048)"}}, {"type": "Feature", "geometry": {"type": "Point", "coordinates": [7.8291827, 48.0939035]}, "properties": {"timestamp": "2021-06-15 02:00:23", "individual": "Ursula A9V57 (eobs 8048)"}}, {"type": "Feature", "geometry": {"type": "Point", "coordinates": [7.896889, 48.0961007]}, "properties": {"timestamp": "2021-06-16 02:00:23", "individual": "Ursula A9V57 (eobs 8048)"}}, {"type": "Feature", "geometry": {"type": "Point", "coordinates": [7.9031599, 48.0956559]}, "properties": {"timestamp": "2021-06-17 02:00:23", "individual": "Ursula A9V57 (eobs 8048)"}}, {"type": "Feature", "geometry": {"type": "Point", "coordinates": [7.8899116, 48.1175519]}, "properties": {"timestamp": "2021-06-18 02:00:23", "individual": "Ursula A9V57 (eobs 8048)"}}, {"type": "Feature", "geometry": {"type": "Point", "coordinates": [7.8898952, 48.1175773]}, "properties": {"timestamp": "2021-06-19 02:00:23", "individual": "Ursula A9V57 (eobs 8048)"}}, {"type": "Feature", "geometry": {"type": "Point", "coordinates": [7.8899185, 48.1175835]}, "properties": {"timestamp": "2021-06-20 02:00:23", "individual": "Ursula A9V57 (eobs 8048)"}}, {"type": "Feature", "geometry": {"type": "Point", "coordinates": [7.8899212, 48.1175768]}, "properties": {"timestamp": "2021-06-21 02:00:23", "individual": "Ursula A9V57 (eobs 8048)"}}, {"type": "Feature", "geometry": {"type": "Point", "coordinates": [7.8897803, 48.1169789]}, "properties": {"timestamp": "2021-06-22 02:00:23", "individual": "Ursula A9V57 (eobs 8048)"}}, {"type": "Feature", "geometry": {"type": "Point", "coordinates": [7.877488, 48.1103197]}, "properties": {"timestamp": "2021-06-23 02:00:23", "individual": "Ursula A9V57 (eobs 8048)"}}, {"type": "Feature", "geometry": {"type": "Point", "coordinates": [7.8973166, 48.0956444]}, "properties": {"timestamp": "2021-06-24 02:00:23", "individual": "Ursula A9V57 (eobs 8048)"}}, {"type": "Feature", "geometry": {"type": "Point", "coordinates": [7.8929311, 48.1737201]}, "properties": {"timestamp": "2021-06-25 02:00:23", "individual": "Ursula A9V57 (eobs 8048)"}}, {"type": "Feature", "geometry": {"type": "Point", "coordinates": [7.8774553, 48.1832976]}, "properties": {"timestamp": "2021-06-26 02:00:23", "individual": "Ursula A9V57 (eobs 8048)"}}, {"type": "Feature", "geometry": {"type": "Point", "coordinates": [7.8923242, 48.173902]}, "properties": {"timestamp": "2021-06-27 02:00:23", "individual": "Ursula A9V57 (eobs 8048)"}}, {"type": "Feature", "geometry": {"type": "Point", "coordinates": [7.8929257, 48.1736674]}, "properties": {"timestamp": "2021-06-28 02:00:23", "individual": "Ursula A9V57 (eobs 8048)"}}, {"type": "Feature", "geometry": {"type": "Point", "coordinates": [7.8923615, 48.1739001]}, "properties": {"timestamp": "2021-06-29 02:00:23", "individual": "Ursula A9V57 (eobs 8048)"}}, {"type": "Feature", "geometry": {"type": "Point", "coordinates": [7.8929387, 48.1736993]}, "properties": {"timestamp": "2021-06-30 02:00:23", "individual": "Ursula A9V57 (eobs 8048)"}}, {"type": "Feature", "geometry": {"type": "Point", "coordinates": [7.8929455, 48.1736585]}, "properties": {"timestamp": "2021-07-01 02:00:23", "individual": "Ursula A9V57 (eobs 8048)"}}, {"type": "Feature", "geometry": {"type": "Point", "coordinates": [7.8157944, 48.0898035]}, "properties": {"timestamp": "2021-07-02 02:00:23", "individual": "Ursula A9V57 (eobs 8048)"}}, {"type": "Feature", "geometry": {"type": "Point", "coordinates": [7.8158466, 48.089795]}, "properties": {"timestamp": "2021-07-03 02:00:23", "individual": "Ursula A9V57 (eobs 8048)"}}, {"type": "Feature", "geometry": {"type": "Point", "coordinates": [7.8937574, 48.1705381]}, "properties": {"timestamp": "2021-07-04 02:00:23", "individual": "Ursula A9V57 (eobs 8048)"}}, {"type": "Feature", "geometry": {"type": "Point", "coordinates": [7.8933643, 48.1742697]}, "properties": {"timestamp": "2021-07-05 02:00:23", "individual": "Ursula A9V57 (eobs 8048)"}}, {"type": "Feature", "geometry": {"type": "Point", "coordinates": [7.8937395, 48.1743185]}, "properties": {"timestamp": "2021-07-06 02:00:23", "individual": "Ursula A9V57 (eobs 8048)"}}, {"type": "Feature", "geometry": {"type": "Point", "coordinates": [7.8923882, 48.17388]}, "properties": {"timestamp": "2021-07-07 02:00:23", "individual": "Ursula A9V57 (eobs 8048)"}}, {"type": "Feature", "geometry": {"type": "Point", "coordinates": [7.8122737, 48.0791824]}, "properties": {"timestamp": "2021-07-08 02:00:23", "individual": "Ursula A9V57 (eobs 8048)"}}, {"type": "Feature", "geometry": {"type": "Point", "coordinates": [7.892379, 48.1738596]}, "properties": {"timestamp": "2021-07-09 02:00:23", "individual": "Ursula A9V57 (eobs 8048)"}}, {"type": "Feature", "geometry": {"type": "Point", "coordinates": [7.8123205, 48.0791275]}, "properties": {"timestamp": "2021-07-10 02:00:23", "individual": "Ursula A9V57 (eobs 8048)"}}, {"type": "Feature", "geometry": {"type": "Point", "coordinates": [7.8923987, 48.1738817]}, "properties": {"timestamp": "2021-07-11 02:00:23", "individual": "Ursula A9V57 (eobs 8048)"}}, {"type": "Feature", "geometry": {"type": "Point", "coordinates": [7.8923844, 48.1738707]}, "properties": {"timestamp": "2021-07-12 02:00:23", "individual": "Ursula A9V57 (eobs 8048)"}}, {"type": "Feature", "geometry": {"type": "Point", "coordinates": [7.8923464, 48.17389]}, "properties": {"timestamp": "2021-07-13 02:00:23", "individual": "Ursula A9V57 (eobs 8048)"}}, {"type": "Feature", "geometry": {"type": "Point", "coordinates": [7.8935387, 48.1734689]}, "properties": {"timestamp": "2021-07-14 02:00:23", "individual": "Ursula A9V57 (eobs 8048)"}}, {"type": "Feature", "geometry": {"type": "Point", "coordinates": [7.8122098, 48.0791636]}, "properties": {"timestamp": "2021-07-15 02:00:23", "individual": "Ursula A9V57 (eobs 8048)"}}, {"type": "Feature", "geometry": {"type": "Point", "coordinates": [7.8100559, 48.0776687]}, "properties": {"timestamp": "2021-07-16 02:00:23", "individual": "Ursula A9V57 (eobs 8048)"}}, {"type": "Feature", "geometry": {"type": "Point", "coordinates": [7.8100072, 48.0776678]}, "properties": {"timestamp": "2021-07-17 02:00:23", "individual": "Ursula A9V57 (eobs 8048)"}}, {"type": "Feature", "geometry": {"type": "Point", "coordinates": [7.8099746, 48.0775479]}, "properties": {"timestamp": "2021-07-18 02:00:23", "individual": "Ursula A9V57 (eobs 8048)"}}, {"type": "Feature", "geometry": {"type": "Point", "coordinates": [7.8099701, 48.0775674]}, "properties": {"timestamp": "2021-07-19 02:00:23", "individual": "Ursula A9V57 (eobs 8048)"}}, {"type": "Feature", "geometry": {"type": "Point", "coordinates": [7.8100119, 48.0775729]}, "properties": {"timestamp": "2021-07-20 02:00:23", "individual": "Ursula A9V57 (eobs 8048)"}}, {"type": "Feature", "geometry": {"type": "Point", "coordinates": [7.8258178, 48.1329549]}, "properties": {"timestamp": "2021-07-21 02:00:23", "individual": "Ursula A9V57 (eobs 8048)"}}, {"type": "Feature", "geometry": {"type": "Point", "coordinates": [7.8923788, 48.1738898]}, "properties": {"timestamp": "2021-07-22 02:00:23", "individual": "Ursula A9V57 (eobs 8048)"}}, {"type": "Feature", "geometry": {"type": "Point", "coordinates": [7.8929341, 48.1737077]}, "properties": {"timestamp": "2021-07-23 02:00:23", "individual": "Ursula A9V57 (eobs 8048)"}}, {"type": "Feature", "geometry": {"type": "Point", "coordinates": [7.8924004, 48.173904]}, "properties": {"timestamp": "2021-07-24 02:00:23", "individual": "Ursula A9V57 (eobs 8048)"}}, {"type": "Feature", "geometry": {"type": "Point", "coordinates": [7.8923603, 48.1738661]}, "properties": {"timestamp": "2021-07-25 02:00:23", "individual": "Ursula A9V57 (eobs 8048)"}}, {"type": "Feature", "geometry": {"type": "Point", "coordinates": [7.8928837, 48.1737092]}, "properties": {"timestamp": "2021-07-26 02:00:23", "individual": "Ursula A9V57 (eobs 8048)"}}, {"type": "Feature", "geometry": {"type": "Point", "coordinates": [7.8929889, 48.173727]}, "properties": {"timestamp": "2021-07-27 02:00:23", "individual": "Ursula A9V57 (eobs 8048)"}}, {"type": "Feature", "geometry": {"type": "Point", "coordinates": [7.8928695, 48.1736577]}, "properties": {"timestamp": "2021-07-28 02:00:23", "individual": "Ursula A9V57 (eobs 8048)"}}, {"type": "Feature", "geometry": {"type": "Point", "coordinates": [7.882526, 48.1768604]}, "properties": {"timestamp": "2021-07-29 02:00:23", "individual": "Ursula A9V57 (eobs 8048)"}}, {"type": "Feature", "geometry": {"type": "Point", "coordinates": [7.8623916, 48.1145185]}, "properties": {"timestamp": "2021-07-30 02:00:23", "individual": "Ursula A9V57 (eobs 8048)"}}, {"type": "Feature", "geometry": {"type": "Point", "coordinates": [7.8934038, 48.1740101]}, "properties": {"timestamp": "2021-07-31 02:00:23", "individual": "Ursula A9V57 (eobs 8048)"}}, {"type": "Feature", "geometry": {"type": "Point", "coordinates": [7.8928976, 48.1735054]}, "properties": {"timestamp": "2021-08-01 02:00:23", "individual": "Ursula A9V57 (eobs 8048)"}}, {"type": "Feature", "geometry": {"type": "Point", "coordinates": [7.8924835, 48.1738365]}, "properties": {"timestamp": "2021-08-02 02:00:23", "individual": "Ursula A9V57 (eobs 8048)"}}, {"type": "Feature", "geometry": {"type": "Point", "coordinates": [7.8159107, 48.2560197]}, "properties": {"timestamp": "2021-08-03 02:00:23", "individual": "Ursula A9V57 (eobs 8048)"}}, {"type": "Feature", "geometry": {"type": "Point", "coordinates": [7.8929559, 48.1737281]}, "properties": {"timestamp": "2021-08-04 02:00:23", "individual": "Ursula A9V57 (eobs 8048)"}}, {"type": "Feature", "geometry": {"type": "Point", "coordinates": [7.8535851, 48.1121879]}, "properties": {"timestamp": "2021-08-05 02:00:23", "individual": "Ursula A9V57 (eobs 8048)"}}, {"type": "Feature", "geometry": {"type": "Point", "coordinates": [7.8929055, 48.1746317]}, "properties": {"timestamp": "2021-08-06 02:00:23", "individual": "Ursula A9V57 (eobs 8048)"}}, {"type": "Feature", "geometry": {"type": "Point", "coordinates": [7.8923701, 48.1739519]}, "properties": {"timestamp": "2021-08-07 02:00:23", "individual": "Ursula A9V57 (eobs 8048)"}}, {"type": "Feature", "geometry": {"type": "Point", "coordinates": [7.8928628, 48.174626]}, "properties": {"timestamp": "2021-08-08 02:00:23", "individual": "Ursula A9V57 (eobs 8048)"}}, {"type": "Feature", "geometry": {"type": "Point", "coordinates": [7.8929739, 48.1737017]}, "properties": {"timestamp": "2021-08-09 02:00:23", "individual": "Ursula A9V57 (eobs 8048)"}}, {"type": "Feature", "geometry": {"type": "Point", "coordinates": [7.892353, 48.1739471]}, "properties": {"timestamp": "2021-08-10 02:00:23", "individual": "Ursula A9V57 (eobs 8048)"}}, {"type": "Feature", "geometry": {"type": "Point", "coordinates": [7.8923872, 48.1739084]}, "properties": {"timestamp": "2021-08-11 02:00:23", "individual": "Ursula A9V57 (eobs 8048)"}}, {"type": "Feature", "geometry": {"type": "Point", "coordinates": [7.892383, 48.1738943]}, "properties": {"timestamp": "2021-08-12 02:00:23", "individual": "Ursula A9V57 (eobs 8048)"}}, {"type": "Feature", "geometry": {"type": "Point", "coordinates": [7.8923777, 48.1739022]}, "properties": {"timestamp": "2021-08-13 02:00:23", "individual": "Ursula A9V57 (eobs 8048)"}}, {"type": "Feature", "geometry": {"type": "Point", "coordinates": [7.892374, 48.173904]}, "properties": {"timestamp": "2021-08-14 02:00:23", "individual": "Ursula A9V57 (eobs 8048)"}}, {"type": "Feature", "geometry": {"type": "Point", "coordinates": [7.8934182, 48.1743458]}, "properties": {"timestamp": "2021-08-15 02:00:23", "individual": "Ursula A9V57 (eobs 8048)"}}, {"type": "Feature", "geometry": {"type": "Point", "coordinates": [7.8923501, 48.1739218]}, "properties": {"timestamp": "2021-08-16 02:00:23", "individual": "Ursula A9V57 (eobs 8048)"}}, {"type": "Feature", "geometry": {"type": "Point", "coordinates": [7.8928798, 48.1746012]}, "properties": {"timestamp": "2021-08-17 02:00:23", "individual": "Ursula A9V57 (eobs 8048)"}}, {"type": "Feature", "geometry": {"type": "Point", "coordinates": [7.8927795, 48.1745171]}, "properties": {"timestamp": "2021-08-18 02:00:23", "individual": "Ursula A9V57 (eobs 8048)"}}, {"type": "Feature", "geometry": {"type": "Point", "coordinates": [7.8923682, 48.1738907]}, "properties": {"timestamp": "2021-08-19 02:00:23", "individual": "Ursula A9V57 (eobs 8048)"}}, {"type": "Feature", "geometry": {"type": "Point", "coordinates": [7.8923341, 48.1739436]}, "properties": {"timestamp": "2021-08-20 02:00:23", "individual": "Ursula A9V57 (eobs 8048)"}}, {"type": "Feature", "geometry": {"type": "Point", "coordinates": [7.846317, 48.1191721]}, "properties": {"timestamp": "2021-08-21 02:00:23", "individual": "Ursula A9V57 (eobs 8048)"}}, {"type": "Feature", "geometry": {"type": "Point", "coordinates": [7.8463793, 48.119157]}, "properties": {"timestamp": "2021-08-22 02:00:23", "individual": "Ursula A9V57 (eobs 8048)"}}, {"type": "Feature", "geometry": {"type": "Point", "coordinates": [7.8430797, 48.1233684]}, "properties": {"timestamp": "2021-08-23 02:00:23", "individual": "Ursula A9V57 (eobs 8048)"}}, {"type": "Feature", "geometry": {"type": "Point", "coordinates": [7.8463809, 48.1191643]}, "properties": {"timestamp": "2021-08-24 02:00:23", "individual": "Ursula A9V57 (eobs 8048)"}}, {"type": "Feature", "geometry": {"type": "Point", "coordinates": [7.612055, 47.6134551]}, "properties": {"timestamp": "2021-08-25 02:00:23", "individual": "Ursula A9V57 (eobs 8048)"}}, {"type": "Feature", "geometry": {"type": "Point", "coordinates": [7.6119855, 47.613414]}, "properties": {"timestamp": "2021-08-26 02:00:23", "individual": "Ursula A9V57 (eobs 8048)"}}, {"type": "Feature", "geometry": {"type": "Point", "coordinates": [7.579836, 47.5478254]}, "properties": {"timestamp": "2021-08-27 02:00:23", "individual": "Ursula A9V57 (eobs 8048)"}}, {"type": "Feature", "geometry": {"type": "Point", "coordinates": [5.0974558, 45.9712277]}, "properties": {"timestamp": "2021-08-28 02:00:23", "individual": "Ursula A9V57 (eobs 8048)"}}, {"type": "Feature", "geometry": {"type": "Point", "coordinates": [3.0350641, 43.0915076]}, "properties": {"timestamp": "2021-08-29 02:00:23", "individual": "Ursula A9V57 (eobs 8048)"}}, {"type": "Feature", "geometry": {"type": "Point", "coordinates": [2.247315, 42.0097363]}, "properties": {"timestamp": "2021-08-30 02:00:23", "individual": "Ursula A9V57 (eobs 8048)"}}, {"type": "Feature", "geometry": {"type": "Point", "coordinates": [0.9846167, 41.6796636]}, "properties": {"timestamp": "2021-08-31 02:00:23", "individual": "Ursula A9V57 (eobs 8048)"}}, {"type": "Feature", "geometry": {"type": "Point", "coordinates": [-0.2057158, 41.7580565]}, "properties": {"timestamp": "2021-09-01 02:00:23", "individual": "Ursula A9V57 (eobs 8048)"}}, {"type": "Feature", "geometry": {"type": "Point", "coordinates": [-0.5521472, 41.5185799]}, "properties": {"timestamp": "2021-09-02 02:00:23", "individual": "Ursula A9V57 (eobs 8048)"}}, {"type": "Feature", "geometry": {"type": "Point", "coordinates": [-0.7609777, 41.6369181]}, "properties": {"timestamp": "2021-09-03 02:00:23", "individual": "Ursula A9V57 (eobs 8048)"}}, {"type": "Feature", "geometry": {"type": "Point", "coordinates": [-0.835841, 41.5844515]}, "properties": {"timestamp": "2021-09-04 02:00:23", "individual": "Ursula A9V57 (eobs 8048)"}}, {"type": "Feature", "geometry": {"type": "Point", "coordinates": [-0.7609475, 41.6370451]}, "properties": {"timestamp": "2021-09-05 02:00:23", "individual": "Ursula A9V57 (eobs 8048)"}}, {"type": "Feature", "geometry": {"type": "Point", "coordinates": [-0.7609934, 41.637025]}, "properties": {"timestamp": "2021-09-06 02:00:23", "individual": "Ursula A9V57 (eobs 8048)"}}, {"type": "Feature", "geometry": {"type": "Point", "coordinates": [-2.272272, 41.2149107]}, "properties": {"timestamp": "2021-09-07 02:00:23", "individual": "Ursula A9V57 (eobs 8048)"}}, {"type": "Feature", "geometry": {"type": "Point", "coordinates": [-3.372793, 40.4757358]}, "properties": {"timestamp": "2021-09-08 02:00:41", "individual": "Ursula A9V57 (eobs 8048)"}}, {"type": "Feature", "geometry": {"type": "Point", "coordinates": [-3.5225875, 40.2995407]}, "properties": {"timestamp": "2021-09-09 02:00:23", "individual": "Ursula A9V57 (eobs 8048)"}}, {"type": "Feature", "geometry": {"type": "Point", "coordinates": [-3.5936555, 40.3088774]}, "properties": {"timestamp": "2021-09-10 02:00:23", "individual": "Ursula A9V57 (eobs 8048)"}}, {"type": "Feature", "geometry": {"type": "Point", "coordinates": [-3.5221193, 40.2999304]}, "properties": {"timestamp": "2021-09-11 02:00:23", "individual": "Ursula A9V57 (eobs 8048)"}}, {"type": "Feature", "geometry": {"type": "Point", "coordinates": [-3.5321353, 40.2990112]}, "properties": {"timestamp": "2021-09-12 02:00:23", "individual": "Ursula A9V57 (eobs 8048)"}}, {"type": "Feature", "geometry": {"type": "Point", "coordinates": [-3.5321493, 40.2988188]}, "properties": {"timestamp": "2021-09-13 02:00:23", "individual": "Ursula A9V57 (eobs 8048)"}}, {"type": "Feature", "geometry": {"type": "Point", "coordinates": [-3.5332853, 40.2990015]}, "properties": {"timestamp": "2021-09-14 02:00:41", "individual": "Ursula A9V57 (eobs 8048)"}}, {"type": "Feature", "geometry": {"type": "Point", "coordinates": [-3.5333479, 40.2990073]}, "properties": {"timestamp": "2021-09-15 02:00:23", "individual": "Ursula A9V57 (eobs 8048)"}}, {"type": "Feature", "geometry": {"type": "Point", "coordinates": [-3.5919246, 40.3147461]}, "properties": {"timestamp": "2021-09-16 02:00:23", "individual": "Ursula A9V57 (eobs 8048)"}}, {"type": "Feature", "geometry": {"type": "Point", "coordinates": [-3.5332548, 40.2989522]}, "properties": {"timestamp": "2021-09-17 02:00:23", "individual": "Ursula A9V57 (eobs 8048)"}}, {"type": "Feature", "geometry": {"type": "Point", "coordinates": [-3.5333589, 40.2990275]}, "properties": {"timestamp": "2021-09-18 02:00:23", "individual": "Ursula A9V57 (eobs 8048)"}}, {"type": "Feature", "geometry": {"type": "Point", "coordinates": [-3.5332445, 40.2989343]}, "properties": {"timestamp": "2021-09-19 02:00:23", "individual": "Ursula A9V57 (eobs 8048)"}}, {"type": "Feature", "geometry": {"type": "Point", "coordinates": [-4.2709337, 39.8452418]}, "properties": {"timestamp": "2021-09-20 02:00:41", "individual": "Ursula A9V57 (eobs 8048)"}}, {"type": "Feature", "geometry": {"type": "Point", "coordinates": [-4.1766392, 39.8833576]}, "properties": {"timestamp": "2021-09-21 02:00:23", "individual": "Ursula A9V57 (eobs 8048)"}}, {"type": "Feature", "geometry": {"type": "Point", "coordinates": [-4.1759897, 39.8830578]}, "properties": {"timestamp": "2021-09-22 02:00:23", "individual": "Ursula A9V57 (eobs 8048)"}}, {"type": "Feature", "geometry": {"type": "Point", "coordinates": [-4.1766746, 39.8831923]}, "properties": {"timestamp": "2021-09-23 02:00:23", "individual": "Ursula A9V57 (eobs 8048)"}}, {"type": "Feature", "geometry": {"type": "Point", "coordinates": [-4.1767307, 39.8833105]}, "properties": {"timestamp": "2021-09-24 02:00:23", "individual": "Ursula A9V57 (eobs 8048)"}}, {"type": "Feature", "geometry": {"type": "Point", "coordinates": [-4.1767528, 39.8833038]}, "properties": {"timestamp": "2021-09-25 02:00:23", "individual": "Ursula A9V57 (eobs 8048)"}}, {"type": "Feature", "geometry": {"type": "Point", "coordinates": [-4.1763116, 39.8831633]}, "properties": {"timestamp": "2021-09-26 02:00:23", "individual": "Ursula A9V57 (eobs 8048)"}}, {"type": "Feature", "geometry": {"type": "Point", "coordinates": [-4.1769317, 39.8833198]}, "properties": {"timestamp": "2021-09-27 02:00:23", "individual": "Ursula A9V57 (eobs 8048)"}}, {"type": "Feature", "geometry": {"type": "Point", "coordinates": [-4.1762424, 39.8832366]}, "properties": {"timestamp": "2021-09-28 02:00:23", "individual": "Ursula A9V57 (eobs 8048)"}}, {"type": "Feature", "geometry": {"type": "Point", "coordinates": [-4.1753068, 39.8829006]}, "properties": {"timestamp": "2021-09-29 02:00:23", "individual": "Ursula A9V57 (eobs 8048)"}}, {"type": "Feature", "geometry": {"type": "Point", "coordinates": [-4.1762542, 39.8832009]}, "properties": {"timestamp": "2021-09-30 02:00:23", "individual": "Ursula A9V57 (eobs 8048)"}}, {"type": "Feature", "geometry": {"type": "Point", "coordinates": [-4.1763383, 39.8832735]}, "properties": {"timestamp": "2021-10-01 02:00:23", "individual": "Ursula A9V57 (eobs 8048)"}}, {"type": "Feature", "geometry": {"type": "Point", "coordinates": [-4.1765311, 39.88329]}, "properties": {"timestamp": "2021-10-02 02:00:23", "individual": "Ursula A9V57 (eobs 8048)"}}, {"type": "Feature", "geometry": {"type": "Point", "coordinates": [-4.2537888, 39.8425847]}, "properties": {"timestamp": "2021-10-03 02:00:23", "individual": "Ursula A9V57 (eobs 8048)"}}, {"type": "Feature", "geometry": {"type": "Point", "coordinates": [-4.2704762, 39.8440588]}, "properties": {"timestamp": "2021-10-04 02:00:23", "individual": "Ursula A9V57 (eobs 8048)"}}, {"type": "Feature", "geometry": {"type": "Point", "coordinates": [-4.2704681, 39.8439862]}, "properties": {"timestamp": "2021-10-05 02:00:23", "individual": "Ursula A9V57 (eobs 8048)"}}, {"type": "Feature", "geometry": {"type": "Point", "coordinates": [-4.2590302, 39.8325856]}, "properties": {"timestamp": "2021-10-06 02:00:23", "individual": "Ursula A9V57 (eobs 8048)"}}, {"type": "Feature", "geometry": {"type": "Point", "coordinates": [-4.2707239, 39.8451638]}, "properties": {"timestamp": "2021-10-07 02:00:23", "individual": "Ursula A9V57 (eobs 8048)"}}, {"type": "Feature", "geometry": {"type": "Point", "coordinates": [-4.2707124, 39.8454478]}, "properties": {"timestamp": "2021-10-08 02:00:23", "individual": "Ursula A9V57 (eobs 8048)"}}, {"type": "Feature", "geometry": {"type": "Point", "coordinates": [-4.2703615, 39.8438008]}, "properties": {"timestamp": "2021-10-09 02:00:23", "individual": "Ursula A9V57 (eobs 8048)"}}, {"type": "Feature", "geometry": {"type": "Point", "coordinates": [-4.2706172, 39.8452495]}, "properties": {"timestamp": "2021-10-10 02:00:23", "individual": "Ursula A9V57 (eobs 8048)"}}, {"type": "Feature", "geometry": {"type": "Point", "coordinates": [-4.2771224, 39.8542003]}, "properties": {"timestamp": "2021-10-11 02:00:23", "individual": "Ursula A9V57 (eobs 8048)"}}]}